<?xml version="1.0" encoding="UTF-8"?>
<taxonomyCleanup><email>bhalsodhardik@johndeere.com,rajpaul@johndeere.com,dhakitesaurabh@johndeere.com</email><LocaleDetails><Country>us</Country><Language>en</Language><SearchQuery>https://us-wwwqa.deere.com/search/DDC-XML/?v:state=root%7Croot-0-250%7C0&amp;v:sources=deere-ddc-xml-r4-source-bundle&amp;content-type=text/xml&amp;binning-state=language==en%0Acountry==us%0Atype==deere%2fpim%2fOffer%20Detail.template%0Atype==deere%2fpim%2fOffer%20Detail%20No%20Carousel.template%0Atype==deere%2fpim%2fOffer%20Detail%20CF.template&amp;sortby=offer-start-date-desc&amp;sortby=category-name-asc&amp;TSPageTitleLabel=Offers%20and%20Discounts&amp;PageValue=0&amp;SortValue=0&amp;DefaultBinningState=type::'+deere%2fpim%2fOffer%20Detail.template+',type::'+deere%2fpim%2fOffer%20Detail%20No%20Carousel.template+',type::'+deere%2fpim%2fOffer%20Detail%20CF.template+',language::en,country::us</SearchQuery></LocaleDetails><LocaleDetails><Country>ca</Country><Language>en</Language><SearchQuery>https://ca-wwwqa.deere.com/search/DDC-XML/?v:state=root%7Croot-0-300%7C0&amp;v:sources=deere-ddc-xml-r4-source-bundle&amp;content-type=text/xml&amp;binning-state=language==en%0Acountry==ca%0Atype==deere%2fpim%2fOffer%20Detail.template%0Atype==deere%2fpim%2fOffer%20Detail%20No%20Carousel.template%0Atype==deere%2fpim%2fOffer%20Detail%20National.template%0Atype==deere%2fpim%2fOffer%20Detail%20Quebec.template%0Atype==deere%2fpim%2fOffer%20Detail%20National%20CF.template%0Atype==deere%2fpim%2fOffer%20Detail%20Quebec%20CF.template%0Atype==deere%2fpim%2fOffer%20Detail%20CF.template&amp;sortby=offer-start-date-desc&amp;sortby=category-name-asc&amp;TSPageTitleLabel=Offers%20and%20Discounts&amp;PageValue=0&amp;SortValue=0&amp;DefaultBinningState=type::%27+deere%2fpim%2fOffer%20Detail.template+%27,type::%27+deere%2fpim%2fOffer%20Detail%20No%20Carousel.template+%27,type::%27+deere%2fpim%2fOffer%20Detail%20National.template+%27,type::%27+deere%2fpim%2fOffer%20Detail%20Quebec.template+%27,type::%27+deere%2fpim%2fOffer%20Detail%20National%20CF.template+%27,type::%27+deere%2fpim%2fOffer%20Detail%20Quebec%20CF.template+%27,type::%27+deere%2fpim%2fOffer%20Detail%20CF.template+%27,language::en,country::ca</SearchQuery></LocaleDetails><LocaleDetails><Country>ca</Country><Language>fr</Language><SearchQuery>https://ca-wwwqa.deere.com/search/DDC-XML/?v:state=root%7Croot-0-300%7C0&amp;v:sources=deere-ddc-xml-r4-source-bundle&amp;content-type=text/xml&amp;binning-state=language==fr%0Acountry==ca%0Atype==deere%2fpim%2fOffer%20Detail.template%0Atype==deere%2fpim%2fOffer%20Detail%20No%20Carousel.template%0Atype==deere%2fpim%2fOffer%20Detail%20National.template%0Atype==deere%2fpim%2fOffer%20Detail%20National%20CF.template%0Atype==deere%2fpim%2fOffer%20Detail%20Quebec.template%0Atype==deere%2fpim%2fOffer%20Detail%20Quebec%20CF.template&amp;sortby=offer-start-date-desc&amp;sortby=category-name-asc&amp;TSPageTitleLabel=Offres%20et%20rabais&amp;PageValue=0&amp;SortValue=0&amp;DefaultBinningState=type::'+deere%2fpim%2fOffer%20Detail.template+',type::'+deere%2fpim%2fOffer%20Detail%20No%20Carousel.template+',type::'+deere%2fpim%2fOffer%20Detail%20National.template+',type::'+deere%2fpim%2fOffer%20Detail%20National%20CF.template+',type::'+deere%2fpim%2fOffer%20Detail%20Quebec.template+',type::'+deere%2fpim%2fOffer%20Detail%20Quebec%20CF.template+',language::fr,country::ca</SearchQuery></LocaleDetails><LocaleDetails><Country>de</Country><Language>de</Language><SearchQuery>https://de-wwwqa.deere.com/search/DDC-XML/?v:state=root%7Croot-0-300%7C0&amp;v:sources=deere-ddc-xml-r2-source-bundle&amp;content-type=text/xml&amp;binning-state=language==de%0Acountry==de%0Atype==deere%2fpim%2fOffer%20Detail.template%0Atype==deere%2fpim%2fOffer%20Detail%20No%20Carousel.template%0Atype==deere%2fpim%2fOffer%20Detail%20National.template%0Atype==deere%2fpim%2fOffer%20Detail%20Quebec.template%0Atype==deere%2fpim%2fOffer%20Detail%20National%20CF.template%0Atype==deere%2fpim%2fOffer%20Detail%20Quebec%20CF.template%0Atype==deere%2fpim%2fOffer%20Detail%20CF.template&amp;sortby=offer-start-date-desc&amp;sortby=category-name-asc&amp;TSPageTitleLabel=Offers%20and%20Discounts&amp;PageValue=0&amp;SortValue=0&amp;DefaultBinningState=type::%27+deere%2fpim%2fOffer%20Detail.template+%27,type::%27+deere%2fpim%2fOffer%20Detail%20No%20Carousel.template+%27,type::%27+deere%2fpim%2fOffer%20Detail%20National.template+%27,type::%27+deere%2fpim%2fOffer%20Detail%20Quebec.template+%27,type::%27+deere%2fpim%2fOffer%20Detail%20National%20CF.template+%27,type::%27+deere%2fpim%2fOffer%20Detail%20Quebec%20CF.template+%27,type::%27+deere%2fpim%2fOffer%20Detail%20CF.template+%27,language::de,country::de</SearchQuery></LocaleDetails></taxonomyCleanup>Offer%20Detail%20Quebec.template&amp;sortby=offer-start-date-desc&amp;sortby=category-name-asc&amp;TSPageTitleLabel=Special%20Offers&amp;PageValue=0&amp;SortValue=0&amp;DefaultBinningState=type::'+deere%2fpim%2fOffer%20Detail.template+',type::'+deere%2fpim%2fOffer%20Detail%20No%20Carousel.template+',type::'+deere%2fpim%2fOffer%20Detail%20National.template+',type::'+deere%2fpim%2fOffer%20Detail%20Quebec.template+',language::en,country::nz</SearchQuery></LocaleDetails></taxonomyCleanup>