<?xml version="1.0" encoding="UTF-8"?>
<ValueList><ListItem><Name>Featured</Name><Value>Featured</Value></ListItem><ListItem><Name>Innovation</Name><Value>Innovation</Value></ListItem><ListItem><Name>Product</Name><Value>Product</Value></ListItem><ListItem><Name>Corporate</Name><Value>Corporate</Value></ListItem><ListItem><Name>Awards</Name><Value>Awards</Value></ListItem><ListItem><Name>Manufacturing</Name><Value>Manufacturing</Value></ListItem><ListItem><Name>Citizenship</Name><Value>Citizenship</Value></ListItem><ListItem><Name>Environment</Name><Value>Environment</Value></ListItem><ListItem><Name>Sustainability</Name><Value>Sustainability</Value></ListItem><ListItem><Name>Technology</Name><Value>Technology</Value></ListItem></ValueList>