<?xml version="1.0" encoding="UTF-8"?>
<ValueList><ListItem><Name>deere/about-publication</Name></ListItem><ListItem><Name>deere/data</Name></ListItem><ListItem><Name>deere/disclaimer</Name></ListItem><ListItem><Name>deere/dropdown-selector</Name></ListItem><ListItem><Name>deere/edition</Name></ListItem><ListItem><Name>deere/email-signup</Name></ListItem><ListItem><Name>deere/esi-featured-event</Name></ListItem><ListItem><Name>deere/event-list</Name></ListItem><ListItem><Name>deere/expandcollapse</Name></ListItem><ListItem><Name>deere/faq</Name></ListItem><ListItem><Name>deere/filter-bar</Name></ListItem><ListItem><Name>deere/filter-tags</Name></ListItem><ListItem><Name>deere/filter-wizard</Name></ListItem><ListItem><Name>deere/filter-wizard-cta</Name></ListItem><ListItem><Name>deere/filters</Name></ListItem><ListItem><Name>deere/footer</Name></ListItem><ListItem><Name>deere/generic-content-block</Name></ListItem><ListItem><Name>deere/hero</Name></ListItem><ListItem><Name>deere/image</Name></ListItem><ListItem><Name>deere/image-gallery</Name></ListItem><ListItem><Name>deere/image-panel</Name></ListItem><ListItem><Name>deere/index</Name></ListItem><ListItem><Name>deere/industry-selector</Name></ListItem><ListItem><Name>deere/industry-sub-navigation</Name></ListItem><ListItem><Name>deere/item-grouping</Name></ListItem><ListItem><Name>deere/link-list-accordion</Name></ListItem><ListItem><Name> deere/link-list-country-selector</Name></ListItem><ListItem><Name>deere/link-list-simple</Name></ListItem><ListItem><Name>deere/listing</Name></ListItem><ListItem><Name>deere/listing-filter-tags</Name></ListItem><ListItem><Name>deere/manageaccount</Name></ListItem><ListItem><Name>deere/mapping</Name></ListItem><ListItem><Name>deere/mediafeature</Name></ListItem><ListItem><Name>deere/menu</Name></ListItem><ListItem><Name>deere/model-listing</Name></ListItem><ListItem><Name>deere/navigation-sticky</Name></ListItem><ListItem><Name>deere/nesting</Name></ListItem><ListItem><Name>deere/news-release-headline-date</Name></ListItem><ListItem><Name>deere/news-releases-feed</Name></ListItem><ListItem><Name>deere/offer-labels</Name></ListItem><ListItem><Name>deere/open-html</Name></ListItem><ListItem><Name>deere/pagination</Name></ListItem><ListItem><Name>deere/pimmapping</Name></ListItem><ListItem><Name>deere/product-360</Name></ListItem><ListItem><Name>deere/product-card</Name></ListItem><ListItem><Name>deere/product-card-pim</Name></ListItem><ListItem><Name>deere/product-filters</Name></ListItem><ListItem><Name>deere/product-horizon</Name></ListItem><ListItem><Name>deere/product-horizon-pim</Name></ListItem><ListItem><Name>deere/product-panel</Name></ListItem><ListItem><Name>deere/product-spread</Name></ListItem><ListItem><Name>deere/product-summary</Name></ListItem><ListItem><Name>deere/quick-tools</Name></ListItem><ListItem><Name>deere/quote-testimonials</Name></ListItem><ListItem><Name>deere/related-articles</Name></ListItem><ListItem><Name>deere/related-publications</Name></ListItem><ListItem><Name>deere/reviews-ratings</Name></ListItem><ListItem><Name>deere/search</Name></ListItem><ListItem><Name>deere/search-bar</Name></ListItem><ListItem><Name>deere/search-filters</Name></ListItem><ListItem><Name>deere/search-labels</Name></ListItem><ListItem><Name>deere/special-offers</Name></ListItem><ListItem><Name>deere/special-offers-listing</Name></ListItem><ListItem><Name>deere/specialoffersmdp</Name></ListItem><ListItem><Name>deere/specifications</Name></ListItem><ListItem><Name>deere/sticky-filter-bar</Name></ListItem><ListItem><Name>deere/table</Name></ListItem><ListItem><Name>deere/tag</Name></ListItem><ListItem><Name>deere/timeline</Name></ListItem><ListItem><Name>deere/title</Name></ListItem><ListItem><Name>deere/utility-links</Name></ListItem><ListItem><Name>deere/video-gallery</Name></ListItem><ListItem><Name>deere/video-player</Name></ListItem><ListItem><Name>deere/analytics</Name></ListItem><ListItem><Name>deere/article-listing-labels</Name></ListItem><ListItem><Name>deere/block-content</Name></ListItem><ListItem><Name>deere/categorymapping</Name></ListItem><ListItem><Name>deere/content-panel</Name></ListItem><ListItem><Name>deere/country-selector</Name></ListItem><ListItem><Name>html-fragments/edition</Name></ListItem><ListItem><Name>deere/video-gallery</Name></ListItem><ListItem><Name>html-fragments/event</Name></ListItem><ListItem><Name>html-fragments/event-list</Name></ListItem><ListItem><Name>html-fragments/expand-collapse-offer</Name></ListItem><ListItem><Name>html-fragments/featured-event</Name></ListItem><ListItem><Name>html-fragments/item-grouping</Name></ListItem><ListItem><Name>html-fragments/contract-card</Name></ListItem><ListItem><Name>html-fragments/product-card</Name></ListItem><ListItem><Name>html-fragments/carousel</Name></ListItem><ListItem><Name>deere/specifications</Name></ListItem><ListItem><Name>deere/video-player</Name></ListItem><ListItem><Name>deere/carousel</Name></ListItem><ListItem><Name>deere/carousel/data/campaigns/ag-turf/4-wheel-steer</Name></ListItem><ListItem><Name>deere/product-360</Name></ListItem><ListItem><Name>deere/expandcollapse</Name></ListItem></ValueList>