<?xml version="1.0" encoding="UTF-8"?>
<ValueList><ListItem><Name>_AcrImport</Name></ListItem><ListItem><Name>_AcrTesting</Name></ListItem><ListItem><Name>A&amp;T</Name></ListItem><ListItem><Name>Agg</Name></ListItem><ListItem><Name>C&amp;F</Name></ListItem><ListItem><Name>Corporate</Name></ListItem><ListItem><Name>HR</Name></ListItem><ListItem><Name>ISG</Name></ListItem><ListItem><Name>IT</Name></ListItem><ListItem><Name>JDES (JD Electronic Solutions)</Name></ListItem><ListItem><Name>JDF</Name></ListItem><ListItem><Name>JDPS</Name></ListItem><ListItem><Name>Parts</Name></ListItem><ListItem><Name>Turf</Name></ListItem></ValueList>