<?xml version="1.0" encoding="UTF-8"?>
<targets><email>rajpaul@johndeere.com,BhalsodHardik@JohnDeere.com,KadiaChintan@JohnDeere.com</email><target><name>SSLRequest</name><logpath>/opentext/ot-logs/iwui</logpath><pattern><regexpattern>ssl_transfer-([1-9][0-9][0-9][0-9])-(0[1-9]|1[012])-(0[1-9]|[12][0-9]|3[01])-00_00_00.log</regexpattern></pattern><pattern><regexpattern>livesite.preview.log.([1-9][0-9][0-9][0-9])-(0[1-9]|1[012])-(0[1-9]|[12][0-9]|3[01])</regexpattern></pattern><pattern><regexpattern>([1-9][0-9][0-9][0-9])-(0[1-9]|1[012])-(0[1-9]|[12][0-9]|3[01])-00_00_00.modsec_audit.log</regexpattern></pattern><pattern><regexpattern>ssl_request-([1-9][0-9][0-9][0-9])-(0[1-9]|1[012])-(0[1-9]|[12][0-9]|3[01])-00_00_00.log</regexpattern></pattern><pattern><regexpattern>ssl_error-([1-9][0-9][0-9][0-9])-(0[1-9]|1[012])-(0[1-9]|[12][0-9]|3[01])-00_00_00.log</regexpattern></pattern><action>Delete</action><days>30</days><archivepath>/tmp</archivepath></target><target><name>Apache Web Daemon  logs</name><logpath>/opentext/TeamSite/local/logs/iwui</logpath><pattern><regexpattern>error-([1-9][0-9][0-9][0-9])-(0[1-9]|1[012])-(0[1-9]|[12][0-9]|3[01])-00_00_00.log</regexpattern></pattern><pattern><regexpattern>access-([1-9][0-9][0-9][0-9])-(0[1-9]|1[012])-(0[1-9]|[12][0-9]|3[01])-00_00_00.log</regexpattern></pattern><pattern><regexpattern>content_center.log.([0-9]|[10]|[0-9][0-9])</regexpattern></pattern><action>Delete</action><days>30</days><archivepath>/tmp</archivepath></target><target><name>Jboss Log</name><logpath>/opentext/ApplicationContainer/standalone/log</logpath><pattern><regexpattern>server.log.([1-9][0-9][0-9][0-9])-(0[1-9]|1[012])-(0[1-9]|[12][0-9]|3[01])</regexpattern></pattern><pattern><regexpattern>commonservice.log.([1-9])</regexpattern></pattern><action>Delete</action><days>30</days><archivepath>/</archivepath></target></targets>>1</days><archivepath>/</archivepath></target><target><name>Active MQ Service</name><logpath>/opentext/TeamSite/local/logs/activemq</logpath><pattern><regexpattern>db-([0-9]+).log</regexpattern></pattern><action>Delete</action><days>10</days><archivepath>/</archivepath></target></targets>