<?xml version="1.0" encoding="UTF-8"?>
<!-- ============================================================== -->
<!-- Ant build file for the deere IWR -->
<!-- Created by -Ravi Shanker -->
<!-- Created on - 04/07/2015 -->
<!-- ============================================================== -->

<project basedir="." default="deere.jar" name="deere" xmlns:sonar="antlib:org.sonar.ant">    


	<!-- =================================================== -->
	<!--  initializes parameters  -->
	<!-- =================================================== -->

	<target name="deere.initclean">
		<property name="deere.lib.dir" value="${basedir}/teamsite-customer-toolkit/lib" />
		<property name="deere.custom.lib.dir" value="${basedir}/teamsite-customer-toolkit/lib/TS16" />
	</target>

	<target name="deere.application.clean" depends="deere.initclean">
		<delete includeEmptyDirs="true" failonerror="false">
			<fileset dir="${basedir}/teamsite-customer-toolkit/bin" />
		</delete>
		<delete dir="${basedir}/teamsite-customer-toolkit/build" />
	</target>

	<target name="deere.init" depends="deere.application.clean">
		<property name="deere.lib.dir" value="${basedir}/teamsite-customer-toolkit/lib" />
		<property name="deere.junit.flag" value="no" />
		<property environment="env" />
		<mkdir dir="${basedir}/teamsite-customer-toolkit/bin" />
		<copy includeemptydirs="false" todir="${basedir}/teamsite-customer-toolkit/bin">
			<fileset dir="${basedir}/teamsite-customer-toolkit/src">
				<exclude name="**/*.launch" />
				<exclude name="**/*.java" />
			</fileset>
		</copy>
	</target>


	<target name="deere.compilation.init" depends="deere.init">
		<mkdir dir="${basedir}/teamsite-customer-toolkit/build" />
		
	</target>

	<target name="deere.compile" depends="deere.init, deere.compilation.init">
		<javac debug="true" fork="true" source="1.8" target="1.8" encoding="UTF-8" destdir="${basedir}/teamsite-customer-toolkit/bin">
			<classpath>
				<fileset dir="${deere.lib.dir}">
					<include name="*.jar" />
					<include name="*.zip" />
				</fileset>
			</classpath>
			<classpath>
				<fileset dir="${deere.custom.lib.dir}">
					<include name="*.jar" />
					<include name="*.zip" />
				</fileset>
			</classpath>
			<src path="${basedir}/teamsite-customer-toolkit/src" />
		</javac>
	</target>


	<target name="deere.jar">
		<jar destfile="${basedir}/teamsite-customer-toolkit/build/deere_customer.jar">
			<fileset dir="${basedir}/teamsite-customer-toolkit/bin">
			</fileset>
		</jar>
		<!--jar destfile="${basedir}/customer_out/customer.jar">
			<fileset dir="${basedir}/bin">
			</fileset>
		</jar-->
		<!--jar destfile="${basedir}/lib/customer.jar">
			<fileset dir="${basedir}/bin">
			</fileset>
		</jar-->
		<!--jar destfile="${basedir}/lib/customer.jar">
			<fileset dir="${basedir}/../customer_src_toolkit/WebContent/WEB-INF/lib/customer.jar">
			</fileset>
		</jar-->

	</target>
	<target name="deere.test" depends="deere.jar">
		<junit>
			<classpath refid="classpath.test" />
			<formatter type="brief" usefile="false" />
			<test name="TestSuit" />
		</junit>
	</target>

	<!-- =================================================== -->
	<!--  JUNIT Tags Start here  -->
	<!-- =================================================== -->

</project>
