<?xml version="1.0" encoding="UTF-8"?>
<ValueList><ListItem><Name>deere/about-publication</Name><Value>deere/about-publication</Value></ListItem><ListItem><Name>deere/data</Name><Value>deere/data</Value></ListItem><ListItem><Name>deere/disclaimer</Name><Value>deere/disclaimer</Value></ListItem><ListItem><Name>deere/dropdown-selector</Name><Value>deere/dropdown-selector</Value></ListItem><ListItem><Name>deere/edition</Name><Value>deere/edition</Value></ListItem><ListItem><Name>deere/email-signup</Name><Value>deere/email-signup</Value></ListItem><ListItem><Name>deere/esi-featured-event</Name><Value>deere/esi-featured-event</Value></ListItem><ListItem><Name>deere/event-list</Name><Value>deere/event-list</Value></ListItem><ListItem><Name>deere/expandcollapse</Name><Value>deere/expandcollapse</Value></ListItem><ListItem><Name>deere/faq</Name><Value>deere/faq</Value></ListItem><ListItem><Name>deere/filter-bar</Name><Value>deere/filter-bar</Value></ListItem><ListItem><Name>deere/filter-tags</Name><Value>deere/filter-tags</Value></ListItem><ListItem><Name>deere/filter-wizard</Name><Value>deere/filter-wizard</Value></ListItem><ListItem><Name>deere/filter-wizard-cta</Name><Value>deere/filter-wizard-cta</Value></ListItem><ListItem><Name>deere/filters</Name><Value>deere/filters</Value></ListItem><ListItem><Name>deere/footer</Name><Value>deere/footer</Value></ListItem><ListItem><Name>deere/generic-content-block</Name><Value>deere/generic-content-block</Value></ListItem><ListItem><Name>deere/hero</Name><Value>deere/hero</Value></ListItem><ListItem><Name>deere/image</Name><Value>deere/image</Value></ListItem><ListItem><Name>deere/image-gallery</Name><Value>deere/image-gallery</Value></ListItem><ListItem><Name>deere/image-panel</Name><Value>deere/image-panel</Value></ListItem><ListItem><Name>deere/index</Name><Value>deere/index</Value></ListItem><ListItem><Name>deere/industry-selector</Name><Value>deere/industry-selector</Value></ListItem><ListItem><Name>deere/industry-sub-navigation</Name><Value>deere/industry-sub-navigation</Value></ListItem><ListItem><Name>deere/item-grouping</Name><Value>deere/item-grouping</Value></ListItem><ListItem><Name>deere/link-list-accordion</Name><Value>deere/link-list-accordion</Value></ListItem><ListItem><Name> deere/link-list-country-selector</Name><Value>deere/link-list-country-selector</Value></ListItem><ListItem><Name>deere/link-list-simple</Name><Value>deere/link-list-simple</Value></ListItem><ListItem><Name>deere/listing</Name><Value>deere/listing</Value></ListItem><ListItem><Name>deere/listing-filter-tags</Name><Value>deere/listing-filter-tags</Value></ListItem><ListItem><Name>deere/manageaccount</Name><Value>deere/manageaccount</Value></ListItem><ListItem><Name>deere/mapping</Name><Value>deere/mapping</Value></ListItem><ListItem><Name>deere/mediafeature</Name><Value>deere/mediafeature</Value></ListItem><ListItem><Name>deere/menu</Name><Value>deere/menu</Value></ListItem><ListItem><Name>deere/model-listing</Name><Value>deere/model-listing</Value></ListItem><ListItem><Name>deere/navigation-sticky</Name><Value>deere/navigation-sticky</Value></ListItem><ListItem><Name>deere/nesting</Name><Value>deere/nesting</Value></ListItem><ListItem><Name>deere/news-release-headline-date</Name><Value>deere/news-release-headline-date</Value></ListItem><ListItem><Name>deere/news-releases-feed</Name><Value>deere/news-releases-feed</Value></ListItem><ListItem><Name>deere/offer-labels</Name><Value>deere/offer-labels</Value></ListItem><ListItem><Name>deere/open-html</Name><Value>deere/open-html</Value></ListItem><ListItem><Name>deere/pagination</Name><Value>deere/pagination</Value></ListItem><ListItem><Name>deere/pimmapping</Name><Value>deere/pimmapping</Value></ListItem><ListItem><Name>deere/product-360</Name><Value>deere/product-360</Value></ListItem><ListItem><Name>deere/product-card</Name><Value>deere/product-card</Value></ListItem><ListItem><Name>deere/product-card-pim</Name><Value>deere/product-card-pim</Value></ListItem><ListItem><Name>deere/product-filters</Name><Value>deere/product-filters</Value></ListItem><ListItem><Name>deere/product-horizon</Name><Value>deere/product-horizon</Value></ListItem><ListItem><Name>deere/product-horizon-pim</Name><Value>deere/product-horizon-pim</Value></ListItem><ListItem><Name>deere/product-panel</Name><Value>deere/product-panel</Value></ListItem><ListItem><Name>deere/product-spread</Name><Value>deere/product-spread</Value></ListItem><ListItem><Name>deere/product-summary</Name><Value>deere/product-summary</Value></ListItem><ListItem><Name>deere/quick-tools</Name><Value>deere/quick-tools</Value></ListItem><ListItem><Name>deere/quote-testimonials</Name><Value>deere/quote-testimonials</Value></ListItem><ListItem><Name>deere/related-articles</Name><Value>deere/related-articles</Value></ListItem><ListItem><Name>deere/related-publications</Name><Value>deere/related-publications</Value></ListItem><ListItem><Name>deere/reviews-ratings</Name><Value>deere/reviews-ratings</Value></ListItem><ListItem><Name>deere/search</Name><Value>deere/search</Value></ListItem><ListItem><Name>deere/search-bar</Name><Value>deere/search-bar</Value></ListItem><ListItem><Name>deere/search-filters</Name><Value>deere/search-filters</Value></ListItem><ListItem><Name>deere/search-labels</Name><Value>deere/search-labels</Value></ListItem><ListItem><Name>deere/special-offers</Name><Value>deere/special-offers</Value></ListItem><ListItem><Name>deere/special-offers-listing</Name><Value>deere/special-offers-listing</Value></ListItem><ListItem><Name>deere/specialoffersmdp</Name><Value>deere/specialoffersmdp</Value></ListItem><ListItem><Name>deere/specifications</Name><Value>deere/specifications</Value></ListItem><ListItem><Name>deere/sticky-filter-bar</Name><Value>deere/sticky-filter-bar</Value></ListItem><ListItem><Name>deere/table</Name><Value>deere/table</Value></ListItem><ListItem><Name>deere/tag</Name><Value>deere/tag</Value></ListItem><ListItem><Name>deere/timeline</Name><Value>deere/timeline</Value></ListItem><ListItem><Name>deere/title</Name><Value>deere/title</Value></ListItem><ListItem><Name>deere/utility-links</Name><Value>deere/utility-links</Value></ListItem><ListItem><Name>deere/video-gallery</Name><Value>deere/video-gallery</Value></ListItem><ListItem><Name>deere/video-player</Name><Value>deere/video-player</Value></ListItem><ListItem><Name>deere/analytics</Name><Value>deere/analytics</Value></ListItem><ListItem><Name>deere/article-listing-labels</Name><Value>deere/article-listing-labels</Value></ListItem><ListItem><Name>deere/block-content</Name><Value>deere/block-content</Value></ListItem><ListItem><Name>deere/categorymapping</Name><Value>deere/categorymapping</Value></ListItem><ListItem><Name>deere/content-panel</Name><Value>deere/content-panel</Value></ListItem><ListItem><Name>deere/country-selector</Name><Value>deere/country-selector</Value></ListItem><ListItem><Name>html-fragments/edition</Name><Value>html-fragments/edition</Value></ListItem><ListItem><Name>deere/video-gallery</Name><Value>deere/video-gallery</Value></ListItem><ListItem><Name>html-fragments/event</Name><Value>html-fragments/event</Value></ListItem><ListItem><Name>html-fragments/event-list</Name><Value>html-fragments/event-list</Value></ListItem><ListItem><Name>html-fragments/expand-collapse-offer</Name><Value>html-fragments/expand-collapse-offer</Value></ListItem><ListItem><Name>html-fragments/featured-event</Name><Value>html-fragments/featured-event</Value></ListItem><ListItem><Name>html-fragments/item-grouping</Name><Value>html-fragments/item-grouping</Value></ListItem><ListItem><Name>html-fragments/contract-card</Name><Value>html-fragments/contract-card</Value></ListItem><ListItem><Name>html-fragments/product-card</Name><Value>html-fragments/product-card</Value></ListItem><ListItem><Name>html-fragments/carousel</Name><Value>html-fragments/carousel</Value></ListItem><ListItem><Name>deere/specifications</Name><Value>deere/specifications</Value></ListItem><ListItem><Name>deere/video-player</Name><Value>deere/video-player</Value></ListItem><ListItem><Name>deere/carousel</Name><Value>deere/carousel</Value></ListItem><ListItem><Name>deere/carousel/data/campaigns/ag-turf/4-wheel-steer</Name><Value>deere/carousel/data/campaigns/ag-turf/4-wheel-steer</Value></ListItem><ListItem><Name>deere/product-360</Name><Value>deere/product-360</Value></ListItem><ListItem><Name>deere/expandcollapse</Name><Value>deere/expandcollapse</Value></ListItem></ValueList>