<?xml version="1.0" encoding="UTF-8"?>
<ValueList><ListItem><Name>Agriculture</Name><Value>Agriculture</Value></ListItem><ListItem><Name>Construction</Name><Value>Construction</Value></ListItem><ListItem><Name>Lawn and Garden</Name><Value>Lawn and Garden</Value></ListItem><ListItem><Name>Metsäkoneet</Name><Value>Metsäkoneet</Value></ListItem><ListItem><Name>Heavy Equipment</Name><Value>Heavy Equipment</Value></ListItem><ListItem><Name>Commercial Building</Name><Value>Commercial Building</Value></ListItem><ListItem><Name>Engines and Drivetrain</Name><Value>Engines and Drivetrain</Value></ListItem><ListItem><Name>Golf &amp; Sports</Name><Value>Golf &amp; Sports</Value></ListItem><ListItem><Name>Government and Military Solutions</Name><Value>Government and Military Solutions</Value></ListItem><ListItem><Name>Landscaping and Grounds Care</Name><Value>Landscaping and Grounds Care</Value></ListItem><ListItem><Name>Quarry &amp; Aggregate</Name><Value>Quarry &amp; Aggregate</Value></ListItem><ListItem><Name>Sports Turf</Name><Value>Sports Turf</Value></ListItem><ListItem><Name>Site Preparation</Name><Value>Site Preparation</Value></ListItem><ListItem><Name>Roadbuilding</Name><Value>Roadbuilding</Value></ListItem><ListItem><Name>Rental Equipment Sales</Name><Value>Rental Equipment Sales</Value></ListItem><ListItem><Name>Yhtiö</Name><Value>Yhtiö</Value></ListItem></ValueList>