<?xml version="1.0" encoding="UTF-8"?>
<ValueList><ListItem><Name>Agriculture</Name><Value>Agriculture</Value></ListItem><ListItem><Name>Financement</Name><Value>Financement</Value></ListItem><ListItem><Name>Pièces et service après-vente</Name><Value>Pièces et service après-vente</Value></ListItem><ListItem><Name>Technologie d’agriculture de précision</Name><Value>Technologie d’agriculture de précision</Value></ListItem><ListItem><Name>Pelouse et jardin</Name><Value>Pelouse et jardin</Value></ListItem><ListItem><Name>Équipement d'entretien des terrains de golf</Name><Value>Équipement d'entretien des terrains de golf</Value></ListItem><ListItem><Name>Terrain de golf et de sport</Name><Value>Terrain de golf et de sport</Value></ListItem><ListItem><Name>Équipement d'entretien des terrains de sport</Name><Value>Équipement d'entretien des terrains de sport</Value></ListItem><ListItem><Name>Travaux paysagers et entretien des sols</Name><Value>Travaux paysagers et entretien des sols</Value></ListItem><ListItem><Name>Équipement forestier</Name><Value>Équipement forestier</Value></ListItem><ListItem><Name>Moteurs et groupes motopropulseurs</Name><Value>Moteurs et groupes motopropulseurs</Value></ListItem><ListItem><Name>Solutions pour le gouvernement et les forces armées</Name><Value>Solutions pour le gouvernement et les forces armées</Value></ListItem><ListItem><Name>Construction commerciale</Name><Value>Construction commerciale</Value></ListItem><ListItem><Name>Équipement de construction</Name><Value>Équipement de construction</Value></ListItem><ListItem><Name>Équipement lourd</Name><Value>Équipement lourd</Value></ListItem><ListItem><Name>Équipement de carrière et agrégats</Name><Value>Équipement de carrière et agrégats</Value></ListItem><ListItem><Name>Équipement de travaux routiers</Name><Value>Équipement de travaux routiers</Value></ListItem><ListItem><Name>Équipement de préparation de chantier</Name><Value>Équipement de préparation de chantier</Value></ListItem><ListItem><Name>Ventes d'équipement de location</Name><Value>Ventes d'équipement de location</Value></ListItem><ListItem><Name>Équipement compact</Name><Value>Équipement compact</Value></ListItem></ValueList>