<?xml version="1.0" encoding="UTF-8"?>
<ValueList><ListItem><Name>Agriculture &amp; Turf</Name><Value>AT</Value></ListItem><ListItem><Name>Human Resources</Name><Value>HR</Value></ListItem><ListItem><Name>Global IT</Name><Value>GI</Value></ListItem><ListItem><Name>Brand</Name><Value>BD</Value></ListItem><ListItem><Name>Construction &amp; Forestry</Name><Value>CF</Value></ListItem><ListItem><Name>Corporate Communications</Name><Value>CC</Value></ListItem><ListItem><Name>Customer Product Support/Parts</Name><Value>CPSP</Value></ListItem><ListItem><Name>Electronic Solutions</Name><Value>ES</Value></ListItem><ListItem><Name>Financial</Name><Value>FI</Value></ListItem><ListItem><Name>Intelligent Solutions Group</Name><Value>ISG</Value></ListItem><ListItem><Name>Investor Relations</Name><Value>IR</Value></ListItem><ListItem><Name>Power Systems</Name><Value>PS</Value></ListItem></ValueList>