<?xml version="1.0" encoding="UTF-8"?>
<ValueList><ListItem><Name>Maszyny Rolnicze</Name><Value>Maszyny Rolnicze</Value></ListItem><ListItem><Name>Kosiarki Ogrodowe</Name><Value>Kosiarki Ogrodowe</Value></ListItem><ListItem><Name>Maszyny Golfowe</Name><Value>Maszyny Golfowe</Value></ListItem><ListItem><Name>Maszyny Komunalne</Name><Value>Maszyny Komunalne</Value></ListItem><ListItem><Name>Maszyny Leśne</Name><Value>Maszyny Leśne</Value></ListItem><ListItem><Name>Silniki i układy przeniesienia napędu</Name><Value>Silniki i układy przeniesienia napędu</Value></ListItem></ValueList>