<?xml version="1.0" encoding="UTF-8"?>
<ValueList><ListItem><Name>农业机械</Name><Value>农业机械</Value></ListItem><ListItem><Name>工程机械</Name><Value>工程机械</Value></ListItem><ListItem><Name>发动机与传动系统</Name><Value>发动机与传动系统</Value></ListItem><ListItem><Name>林业设备</Name><Value>林业设备</Value></ListItem><ListItem><Name>高尔夫和运动场机械</Name><Value>高尔夫和运动场机械</Value></ListItem><ListItem><Name>政府及军事解决方案</Name><Value>政府及军事解决方案</Value></ListItem><ListItem><Name>重型设备</Name><Value>重型设备</Value></ListItem><ListItem><Name>草坪及景观工程设备</Name><Value>草坪及景观工程设备</Value></ListItem><ListItem><Name>草坪及园艺设备</Name><Value>草坪及园艺设备</Value></ListItem><ListItem><Name>矿山设备</Name><Value>矿山设备</Value></ListItem><ListItem><Name>设备融资</Name><Value>设备融资</Value></ListItem><ListItem><Name>筑路机械</Name><Value>筑路机械</Value></ListItem><ListItem><Name>整地设备</Name><Value>整地设备</Value></ListItem><ListItem><Name>运动场机械</Name><Value>运动场机械</Value></ListItem><ListItem><Name>商用建筑设备</Name><Value>商用建筑设备</Value></ListItem></ValueList>