<?xml version="1.0" encoding="UTF-8"?>
<ValueList><ListItem><Name>Agriculture</Name><Value>Agriculture</Value></ListItem><ListItem><Name>Construction</Name><Value>Construction</Value></ListItem><ListItem><Name>Lawn &amp; Garden</Name><Value>Lawn &amp; Garden</Value></ListItem><ListItem><Name>Forestry</Name><Value>Forestry</Value></ListItem><ListItem><Name>Heavy Equipment</Name><Value>Heavy Equipment</Value></ListItem><ListItem><Name>Commercial Building</Name><Value>Commercial Building</Value></ListItem><ListItem><Name>Engines &amp; Drivetrain</Name><Value>Engines &amp; Drivetrain</Value></ListItem><ListItem><Name>Golf &amp; Sports Turf</Name><Value>Golf &amp; Sports Turf</Value></ListItem><ListItem><Name>Government and Military Solutions</Name><Value>Government and Military Solutions</Value></ListItem><ListItem><Name>Landscaping &amp; Grounds Care</Name><Value>Landscaping &amp; Grounds Care</Value></ListItem><ListItem><Name>Quarry &amp; Aggregate</Name><Value>Quarry &amp; Aggregate</Value></ListItem><ListItem><Name>Site Preparation</Name><Value>Site Preparation</Value></ListItem><ListItem><Name>Roadbuilding</Name><Value>Roadbuilding</Value></ListItem><ListItem><Name>Rental Equipment Sales</Name><Value>Rental Equipment Sales</Value></ListItem><ListItem><Name>Corporate</Name><Value>Corporate</Value></ListItem></ValueList>