<?xml version="1.0" encoding="UTF-8"?>
<ValueList><ListItem><Name>Lantbruk</Name><Value>Lantbruk</Value></ListItem><ListItem><Name>Grönytemaskiner</Name><Value>Grönytemaskiner</Value></ListItem><ListItem><Name>Golf &amp; Turf</Name><Value>Golf &amp; Turf</Value></ListItem><ListItem><Name>Park- och Landskapsvård</Name><Value>Park- och Landskapsvård</Value></ListItem><ListItem><Name>Skogsmaskiner</Name><Value>Skogsmaskiner</Value></ListItem><ListItem><Name>Motorer &amp; Drivlinor</Name><Value>Motorer &amp; Drivlinor</Value></ListItem></ValueList>