<?xml version="1.0" encoding="UTF-8"?>
<ValueList><ListItem><Name>Agricoltura</Name><Value>Agricoltura</Value></ListItem><ListItem><Name>Macchine per il Domestico</Name><Value>Macchine per il Domestico</Value></ListItem><ListItem><Name>Golf &amp; Sport</Name><Value>Golf &amp; Sport</Value></ListItem><ListItem><Name>Macchine per il Professionale</Name><Value>Macchine per il Professionale</Value></ListItem><ListItem><Name>Macchine Forestali</Name><Value>Macchine Forestali</Value></ListItem><ListItem><Name>Motori</Name><Value>Motori</Value></ListItem></ValueList>