<?xml version="1.0" encoding="UTF-8"?>
<ValueList><ListItem><Name>Agricultura</Name><Value>Agricultura</Value></ListItem><ListItem><Name>Césped y Jardín</Name><Value>Césped y Jardín</Value></ListItem><ListItem><Name>Golf y Deportes</Name><Value>Golf y Deportes</Value></ListItem><ListItem><Name>Cuidados del paisaje y del terreno</Name><Value>Cuidados del paisaje y del terreno</Value></ListItem><ListItem><Name>Máquinas Forestales</Name><Value>Máquinas Forestales</Value></ListItem><ListItem><Name>Motores y Transmisiones</Name><Value>Motores y Transmisiones</Value></ListItem></ValueList>