<?xml version="1.0" encoding="UTF-8"?>
<ValueList><ListItem><Name>Agricultura</Name><Value>Agricultura</Value></ListItem><ListItem><Name>Relva e Jardim</Name><Value>Relva e Jardim</Value></ListItem><ListItem><Name>Golfe e Desportos</Name><Value>Golfe e Desportos</Value></ListItem><ListItem><Name>Cuidados da paisagem e do terreno</Name><Value>Cuidados da paisagem e do terreno</Value></ListItem><ListItem><Name>Motores e Transmissões</Name><Value>Motores e Transmissões</Value></ListItem></ValueList>