<?xml version="1.0" encoding="UTF-8"?>
<ValueList><ListItem><Name>Matériels Agricoles</Name><Value>Matériels Agricoles</Value></ListItem><ListItem><Name>Matériels De Motoculture</Name><Value>Matériels De Motoculture</Value></ListItem><ListItem><Name>Matériels Professionnels</Name><Value>Matériels Professionnels</Value></ListItem><ListItem><Name>Matériels de golf et terrains de sport</Name><Value>Matériels de golf et terrains de sport</Value></ListItem><ListItem><Name>Matériels Forestiers</Name><Value>Matériels Forestiers</Value></ListItem><ListItem><Name>Moteurs et composants</Name><Value>Moteurs et composants</Value></ListItem><ListItem><Name>Construction</Name><Value>Construction</Value></ListItem></ValueList>