<?xml version="1.0" encoding="UTF-8"?>
<ValueList><ListItem><Name>Máquinas e implementos agrícolas</Name><Value>Máquinas e implementos agrícolas</Value></ListItem><ListItem><Name>Máquinas pesadas e equipamentos para construção</Name><Value>Máquinas pesadas e equipamentos para construção</Value></ListItem><ListItem><Name>Equipamentos florestais</Name><Value>Equipamentos florestais</Value></ListItem><ListItem><Name>Carrinhos de golfe e equipamentos</Name><Value>Carrinhos de golfe e equipamentos</Value></ListItem><ListItem><Name>Cortadores de Grama</Name><Value>Cortadores de Grama</Value></ListItem><ListItem><Name>Motores e Transmissão</Name><Value>Motores e Transmissão</Value></ListItem></ValueList>