<?xml version="1.0" encoding="UTF-8"?>
<ValueList><ListItem><Name>Private Rasen- und Grundstückspflege</Name><Value>Private Rasen- und Grundstückspflege</Value></ListItem><ListItem><Name>Professionelle Rasen- und Landschaftspflege</Name><Value>Professionelle Rasen- und Landschaftspflege</Value></ListItem><ListItem><Name>Forstmaschinen</Name><Value>Forstmaschinen</Value></ListItem><ListItem><Name>Motoren- und Antriebstechnik</Name><Value>Motoren- und Antriebstechnik</Value></ListItem></ValueList>