<?xml version="1.0" encoding="UTF-8"?>
<ValueList><ListItem><Name>Сельскохозяйственная техника и оборудование</Name><Value>Сельскохозяйственная техника и оборудование</Value></ListItem><ListItem><Name>Дорожно-строительная техника</Name><Value>Дорожно-строительная техника</Value></ListItem><ListItem><Name>Лесозаготовительная техника</Name><Value>Лесозаготовительная техника</Value></ListItem><ListItem><Name>Двигатели и трансмиссии</Name><Value>Двигатели и трансмиссии</Value></ListItem></ValueList>