<?xml version="1.0" encoding="UTF-8"?>
<ValueList><ListItem><Name>vavp0m\CROSS001Q00L</Name><Value>bhalsodhardik@JohnDeere.com</Value></ListItem><ListItem><Name>vavp0m\CROSS001R03N</Name><Value>dhakitesaurabhs@JohnDeere.com</Value></ListItem><ListItem><Name>vavp0m\CROSS001R03L</Name><Value>manemadhuri@johndeere.com</Value></ListItem><ListItem><Name>vavp0m\CROSS001Q01J</Name><Value>NibradVaishnaviChhagan@JohnDeere.com</Value></ListItem><ListItem><Name>vavp0m\CROSS001R02Y</Name><Value>rajpaul@JohnDeere.com</Value></ListItem><ListItem><Name>vavp0m\CROSS001R030</Name><Value>KalleshSantosh@JohnDeere.com</Value></ListItem><ListItem><Name>vavp0m\CROSS001R02Z</Name><Value>PisalShitalS@JohnDeere.com</Value></ListItem><ListItem><Name>vavp0m\CROSS001R00S</Name><Value>RanjanRavi@JohnDeere.com</Value></ListItem><ListItem><Name>vavp0m\JDETU0051</Name><Value>DharmadhikariReshma@JohnDeere.com</Value></ListItem></ValueList>><Value>StoneMichaelJ@JohnDeere.com</Value></ListItem><ListItem><Name>Vavp0m\JDEPU0148</Name><Value>DharmadhikariReshma@JohnDeere.com</Value></ListItem></ValueList>