<?xml version="1.0" encoding="UTF-8"?>
<ValueList><ListItem><Name>en_GB</Name><Value>r2</Value></ListItem><ListItem><Name>en_NAVCOM</Name><Value>r4</Value></ListItem><ListItem><Name>at_SABOAT</Name><Value>r4</Value></ListItem><ListItem><Name>fr_SABOBE</Name><Value>r4</Value></ListItem><ListItem><Name>nl_SABOBE</Name><Value>r4</Value></ListItem><ListItem><Name>de_SABOCH</Name><Value>r4</Value></ListItem><ListItem><Name>fr_SABOCH</Name><Value>r4</Value></ListItem><ListItem><Name>de_SABODE</Name><Value>r4</Value></ListItem><ListItem><Name>nl_SABONL</Name><Value>r4</Value></ListItem><ListItem><Name>en_INT</Name><Value>r2</Value></ListItem><ListItem><Name>en_LU</Name><Value>r2</Value></ListItem><ListItem><Name>cs_CZ</Name><Value>r2</Value></ListItem><ListItem><Name>en_NORTHAFRICA</Name><Value>r2</Value></ListItem><ListItem><Name>es_ES</Name><Value>r2</Value></ListItem><ListItem><Name>et_EE</Name><Value>r2</Value></ListItem><ListItem><Name>fi_FI</Name><Value>r2</Value></ListItem><ListItem><Name>fr_FR</Name><Value>r2</Value></ListItem><ListItem><Name>it_IT</Name><Value>r2</Value></ListItem><ListItem><Name>nl_NL</Name><Value>r2</Value></ListItem><ListItem><Name>no_NO</Name><Value>r2</Value></ListItem><ListItem><Name>pl_PL</Name><Value>r2</Value></ListItem><ListItem><Name>pt_PT</Name><Value>r2</Value></ListItem><ListItem><Name>ro_RO</Name><Value>r2</Value></ListItem><ListItem><Name>ru_RU</Name><Value>r2</Value></ListItem><ListItem><Name>sv_SE</Name><Value>r2</Value></ListItem><ListItem><Name>tr_TR</Name><Value>r2</Value></ListItem><ListItem><Name>uk_UA</Name><Value>r2</Value></ListItem><ListItem><Name>ru_UA</Name><Value>r2</Value></ListItem><ListItem><Name>en_TT</Name><Value>r2</Value></ListItem><ListItem><Name>es_AR</Name><Value>r3</Value></ListItem><ListItem><Name>es_LATINAMERICA</Name><Value>r3</Value></ListItem><ListItem><Name>es_MX</Name><Value>r3</Value></ListItem><ListItem><Name>pt_BR</Name><Value>r3</Value></ListItem><ListItem><Name>en_AU</Name><Value>r4</Value></ListItem><ListItem><Name>en_SUBSAHARA</Name><Value>r1</Value></ListItem><ListItem><Name>en_CA</Name><Value>r4</Value></ListItem><ListItem><Name>fr_CA</Name><Value>r4</Value></ListItem><ListItem><Name>da_DK</Name><Value>r2</Value></ListItem><ListItem><Name>en_NZ</Name><Value>r4</Value></ListItem><ListItem><Name>de_DE</Name><Value>r2</Value></ListItem><ListItem><Name>el_GR</Name><Value>r2</Value></ListItem><ListItem><Name>en_ASIA</Name><Value>r1</Value></ListItem><ListItem><Name>en_CAF</Name><Value>r1</Value></ListItem><ListItem><Name>en_IN</Name><Value>r1</Value></ListItem><ListItem><Name>th_TH</Name><Value>r1</Value></ListItem><ListItem><Name>en_TH</Name><Value>r1</Value></ListItem><ListItem><Name>en_ZA</Name><Value>r1</Value></ListItem><ListItem><Name>zh_CN</Name><Value>r1</Value></ListItem><ListItem><Name>en_US</Name><Value>r4</Value></ListItem></ValueList>m></ValueList>