<?xml version="1.0" encoding="UTF-8"?>
<ValueList><ListItem><Name>PublishDate</Name><Value>publish-date</Value></ListItem><ListItem><Name>ExpirationDate</Name><Value>expiration-date</Value></ListItem><ListItem><Name>PublishDisplayDate</Name><Value>publish-date-display</Value></ListItem><ListItem><Name>ExpirationDisplayDate</Name><Value>expiration-date-display</Value></ListItem><ListItem><Name>Industries</Name><Value>industry</Value></ListItem><ListItem><Name>ArticleCategory</Name><Value>article-category</Value></ListItem><ListItem><Name>Type</Name><Value>type</Value></ListItem><ListItem><Name>Description</Name><Value>description</Value></ListItem><ListItem><Name>Description2</Name><Value>description 2</Value></ListItem><ListItem><Name>Image</Name><Value>image</Value></ListItem><ListItem><Name>LargeImage</Name><Value>image-large</Value></ListItem><ListItem><Name>MediumImage</Name><Value>image-medium</Value></ListItem><ListItem><Name>ImageTab</Name><Value>image-tab</Value></ListItem><ListItem><Name>ImageMobile</Name><Value>image-mobile</Value></ListItem><ListItem><Name>UrlLabel</Name><Value>link-label</Value></ListItem><ListItem><Name>DescriptionTest</Name><Value>descriotion-test</Value></ListItem><ListItem><Name>Topic</Name><Value>topic</Value></ListItem></ValueList>