<?xml version="1.0" encoding="UTF-8"?>
<ValueList><ListItem><Name>Deere.com-Translators</Name><Value>Deere.com-Translators--JD</Value></ListItem><ListItem><Name>R2 Reviewers</Name><Value>R2 Reviewers--JD</Value></ListItem><ListItem><Name>ULG (Merrill Brink)</Name><Value>Merrill Brink--JD</Value></ListItem><ListItem><Name>Versacom</Name><Value>Versacom--JD</Value></ListItem><ListItem><Name>Welocalize</Name><Value>Welocalize--JD</Value></ListItem><ListItem><Name>Across Dev</Name><Value>Across Dev--JD</Value></ListItem><ListItem><Name>Netwire</Name><Value>Netwire--JD</Value></ListItem><ListItem><Name>STAR</Name><Value>STAR--JD</Value></ListItem><ListItem><Name>TSD</Name><Value>TSD--JD</Value></ListItem><ListItem><Name>Ingenuiti</Name><Value>Ingenuiti--JD</Value></ListItem><ListItem><Name>4-Text</Name><Value>4-Text--JD</Value></ListItem><ListItem><Name>nlg GmbH</Name><Value>nlg GmbH--JD</Value></ListItem><ListItem><Name>ID2M</Name><Value>ID2M--JD</Value></ListItem></ValueList>