<?xml version="1.0" encoding="UTF-8"?>
<ValueList><ListItem><Name>Tare, Rohan</Name><Value>vavp0m\CROSS001Q00L</Value></ListItem><ListItem><Name>Dominik, Kopacz</Name><Value>vavp0m\CROSS001R03N</Value></ListItem><ListItem><Name>Dominika, Drygas</Name><Value>vavp0m\CROSS001R03L</Value></ListItem><ListItem><Name>Klish, William</Name><Value>vavp0m\CROSS001Q01J</Value></ListItem><ListItem><Name>Engstroem, Robert</Name><Value>vavp0m\CROSS001R02Y</Value></ListItem><ListItem><Name>Ivanov, Albert</Name><Value>vavp0m\CROSS001R030</Value></ListItem><ListItem><Name>Herring, Daniel</Name><Value>vavp0m\CROSS001R02Z</Value></ListItem><ListItem><Name>Mishra, Pankhuri</Name><Value>vavp0m\CROSS001R00S</Value></ListItem><ListItem><Name>Dharmadhikari, Reshma</Name><Value>vavp0m\JDETU0051</Value></ListItem></ValueList>>Vavp0m\JDEPU0054</Value></ListItem><ListItem><Name>Dharmadhikari, Reshma</Name><Value>Vavp0m\JDEPU0148</Value></ListItem></ValueList>