<?xml version="1.0" encoding="UTF-8"?>
<ValueList><ListItem><Name>ca-en</Name><Value>ca/en</Value></ListItem><ListItem><Name>asia-en</Name><Value>asia/en</Value></ListItem><ListItem><Name>ar-es</Name><Value>ar/es</Value></ListItem><ListItem><Name>au-en</Name><Value>au/en</Value></ListItem><ListItem><Name>br-pt</Name><Value>br/pt</Value></ListItem><ListItem><Name>ca-fr</Name><Value>ca/fr</Value></ListItem><ListItem><Name>cn-zh</Name><Value>cn/zh</Value></ListItem><ListItem><Name>de-de</Name><Value>de/de</Value></ListItem><ListItem><Name>es-es</Name><Value>es/es</Value></ListItem><ListItem><Name>fi-fi</Name><Value>fi/fi</Value></ListItem><ListItem><Name>fr-fr</Name><Value>fr/fr</Value></ListItem><ListItem><Name>gb-en</Name><Value>gb/en</Value></ListItem><ListItem><Name>in-en</Name><Value>in/en</Value></ListItem><ListItem><Name>in-hi</Name><Value>in/hi</Value></ListItem><ListItem><Name>it-it</Name><Value>it/it</Value></ListItem><ListItem><Name>lu-en</Name><Value>lu/en</Value></ListItem><ListItem><Name>mx-es</Name><Value>mx/es</Value></ListItem><ListItem><Name>nl-nl</Name><Value>nl/nl</Value></ListItem><ListItem><Name>no-no</Name><Value>no/no</Value></ListItem><ListItem><Name>nz-en</Name><Value>nz/en</Value></ListItem><ListItem><Name>pl-pl</Name><Value>pl/pl</Value></ListItem><ListItem><Name>ru-ru</Name><Value>ru/ru</Value></ListItem><ListItem><Name>se-sv</Name><Value>se/sv</Value></ListItem><ListItem><Name>th-en</Name><Value>th/en</Value></ListItem><ListItem><Name>th-th</Name><Value>th/th</Value></ListItem><ListItem><Name>tr-tr</Name><Value>tr/tr</Value></ListItem><ListItem><Name>tt-en</Name><Value>tt/en</Value></ListItem><ListItem><Name>ua-ru</Name><Value>ua/ru</Value></ListItem><ListItem><Name>ua-uk</Name><Value>ua/uk</Value></ListItem><ListItem><Name>us-en</Name><Value>us/en</Value></ListItem></ValueList>/ListItem><ListItem><Name>cz-cs</Name><Value>cz/cs</Value></ListItem><ListItem><Name>at-de</Name><Value>at/de</Value></ListItem><ListItem><Name>ch-de</Name><Value>ch/de</Value></ListItem><ListItem><Name>ch-fr</Name><Value>ch/fr</Value></ListItem><ListItem><Name>be-fr</Name><Value>be/fr</Value></ListItem><ListItem><Name>be-nl</Name><Value>be/nl</Value></ListItem><ListItem><Name>bg-bg</Name><Value>bg/bg</Value></ListItem><ListItem><Name>sk-sk</Name><Value>sk/sk</Value></ListItem><ListItem><Name>ee-et</Name><Value>ee/et</Value></ListItem><ListItem><Name>pt-pt</Name><Value>pt/pt</Value></ListItem><ListItem><Name>dk-da</Name><Value>dk/da</Value></ListItem><ListItem><Name>lt-lt</Name><Value>lt/lt</Value></ListItem><ListItem><Name>lv-lv</Name><Value>lv/lv</Value></ListItem><ListItem><Name>no-nb</Name><Value>no/nb</Value></ListItem><ListItem><Name>ro-ro</Name><Value>ro/ro</Value></ListItem><ListItem><Name>rs-sr</Name><Value>rs/sr</Value></ListItem><ListItem><Name>si-sl</Name><Value>si/sl</Value></ListItem><ListItem><Name>hu-hu</Name><Value>hu/hu</Value></ListItem><ListItem><Name>gr-el</Name><Value>gr/el</Value></ListItem><ListItem><Name>hr-hr</Name><Value>hr/hr</Value></ListItem></ValueList>