<?xml version="1.0" encoding="UTF-8"?>
<ValueList><ListItem><Name>Dark construction theme</Name><Value>assets/styles/main-construction.css</Value></ListItem><ListItem><Name>Navcom</Name><Value>assets/styles/main-navcom.css</Value></ListItem><ListItem><Name>Sabo</Name><Value>assets/styles/main-sabo.css</Value></ListItem><ListItem><Name>CBYO</Name><Value>assets/styles/main-cbyo.css</Value></ListItem><ListItem><Name>Agriculture</Name><Value>none</Value></ListItem><ListItem><Name>Sabo Green Theme</Name><Value>assets/styles/main-sabo-green.css</Value></ListItem></ValueList>