<?xml version="1.0" encoding="UTF-8"?>
<ValueList><ListItem><Name>Pulvérisateurs et épandeurs </Name><Value>Pulvérisateurs et épandeurs </Value></ListItem><ListItem><Name>Abatteuses Façonneuses Roues</Name><Value>Abatteuses Façonneuses Roues</Value></ListItem><ListItem><Name>Technologie d'agriculture de précision</Name><Value>Technologie d'agriculture de précision</Value></ListItem><ListItem><Name>Équipement agricole</Name><Value>Équipement agricole</Value></ListItem><ListItem><Name>Conseils de frontière</Name><Value>Conseils de frontière</Value></ListItem><ListItem><Name>Tracteurs Outils De Fenaison Et Faucheuses</Name><Value>Tracteurs Outils De Fenaison Et Faucheuses</Value></ListItem></ValueList>