<?xml version="1.0" encoding="UTF-8"?>
<ValueList><ListItem><Name>Crop Production</Name><Value>Crop Production</Value></ListItem><ListItem><Name>Pulvérisateurs et épandeurs </Name><Value>Pulvérisateurs et épandeurs </Value></ListItem><ListItem><Name>Yard Style</Name><Value>Yard Style</Value></ListItem><ListItem><Name>Equipment Basics</Name><Value>Equipment Basics</Value></ListItem><ListItem><Name>Gardening</Name><Value>Gardening</Value></ListItem><ListItem><Name>Property Projects</Name><Value>Property Projects</Value></ListItem><ListItem><Name>Maintenance</Name><Value>Maintenance</Value></ListItem><ListItem><Name>Backyard Tips</Name><Value>Backyard Tips</Value></ListItem><ListItem><Name>Frontier Tips</Name><Value>Frontier Tips</Value></ListItem><ListItem><Name>The Furrow</Name><Value>The Furrow</Value></ListItem><ListItem><Name>Lawn &amp; Garden</Name><Value>Lawn &amp; Garden</Value></ListItem><ListItem><Name>Engines and Drivetrain</Name><Value>EnginesDrivetrain</Value></ListItem></ValueList>