<?xml version="1.0" encoding="UTF-8"?>
<ValueList><ListItem><Name>preview</Name><Value>https://ca-previewqa.deere.com,https://gb-previewqa.deere.com,https://au-previewqa.deere.com,https://ar-previewqa.deere.com,https://br-previewqa.deere.com,https://cn-previewqa.deere.com,https://de-previewqa.deere.com,https://dk-previewqa.deere.com,https://fi-previewqa.deere.com,https://fr-previewqa.deere.com,https://in-previewqa.deere.com,https://it-previewqa.deere.com,https://lu-previewqa.deere.com,https://mx-previewqa.deere.com,https://navcom-previewqa.deere.com,https://nl-previewqa.deere.com,https://no-previewqa.deere.com,https://nz-previewqa.deere.com,https://pl-previewqa.deere.com,https://ru-previewqa.deere.com,https://se-previewqa.deere.com,https://th-previewqa.deere.com,https://tr-previewqa.deere.com,https://tt-previewqa.deere.com,https://ua-previewqa.deere.com,https://pt-previewqa.deere.com,https://us-previewqa.deere.com</Value></ListItem><ListItem><Name>prod</Name><Value>https://ca-wwwqa.deere.com,https://gb-wwwqa.deere.com,https://au-wwwqa.deere.com,https://ar-wwwqa.deere.com,https://br-wwwqa.deere.com,https://cn-wwwqa.deere.com,https://de-wwwqa.deere.com,https://dk-wwwqa.deere.com,https://fi-wwwqa.deere.com,https://fr-wwwqa.deere.com,https://in-wwwqa.deere.com,https://it-wwwqa.deere.com,https://lu-wwwqa.deere.com,https://mx-wwwqa.deere.com,https://navcom-wwwqa.deere.com,https://nl-wwwqa.deere.com,https://no-wwwqa.deere.com,https://pl-wwwqa.deere.com,https://ru-wwwqa.deere.com,https://se-wwwqa.deere.com,https://th-wwwqa.deere.com,https://tr-wwwqa.deere.com,https://ua-wwwqa.deere.com,https://pt-wwwqa.deere.com,https://us-wwwqa.deere.com</Value></ListItem></ValueList>