<?xml version="1.0" encoding="UTF-8"?>
<ValueList><ListItem><Name>deere/about-publication</Name><Value>deere/about-publication</Value></ListItem><ListItem><Name>deere/analytics</Name><Value>deere/analytics</Value></ListItem><ListItem><Name>deere/article-listing-labels</Name><Value>deere/article-listing-labels</Value></ListItem><ListItem><Name>deere/block-content</Name><Value>deere/block-content</Value></ListItem><ListItem><Name>deere/categorymapping</Name><Value>deere/categorymapping</Value></ListItem><ListItem><Name>deere/content-panel</Name><Value>deere/content-panel</Value></ListItem><ListItem><Name>deere/country-selector</Name><Value>deere/country-selector</Value></ListItem><ListItem><Name>html-fragments/edition</Name><Value>html-fragments/edition</Value></ListItem><ListItem><Name>deere/video-gallery</Name><Value>deere/video-gallery</Value></ListItem><ListItem><Name>html-fragments/event</Name><Value>html-fragments/event</Value></ListItem><ListItem><Name>html-fragments/event-list</Name><Value>html-fragments/event-list</Value></ListItem><ListItem><Name>html-fragments/expand-collapse-offer</Name><Value>html-fragments/expand-collapse-offer</Value></ListItem><ListItem><Name>html-fragments/featured-event</Name><Value>html-fragments/featured-event</Value></ListItem><ListItem><Name>html-fragments/item-grouping</Name><Value>html-fragments/item-grouping</Value></ListItem><ListItem><Name>html-fragments/contract-card</Name><Value>html-fragments/contract-card</Value></ListItem><ListItem><Name>html-fragments/product-card</Name><Value>html-fragments/product-card</Value></ListItem><ListItem><Name>html-fragments/carousel</Name><Value>html-fragments/carousel</Value></ListItem><ListItem><Name>deere/specifications</Name><Value>deere/specifications</Value></ListItem><ListItem><Name>deere/video-player</Name><Value>deere/video-player</Value></ListItem><ListItem><Name>deere/carousel</Name><Value>deere/carousel</Value></ListItem><ListItem><Name>deere/carousel/data/campaigns/ag-turf/4-wheel-steer</Name><Value>deere/carousel/data/campaigns/ag-turf/4-wheel-steer</Value></ListItem><ListItem><Name>deere/product-360</Name><Value>deere/product-360</Value></ListItem><ListItem><Name>deere/expandcollapse</Name><Value>deere/expandcollapse</Value></ListItem><ListItem><Name>deere/data</Name><Value>deere/data</Value></ListItem><ListItem><Name>deere/disclaimer</Name><Value>deere/disclaimer</Value></ListItem></ValueList>