<?xml version="1.0" encoding="UTF-8"?>
<MappingList><ListItem><Source>finance</Source><Target>financa</Target></ListItem><ListItem><Source>search</Source><Target>search</Target></ListItem><ListItem><Source>articles</Source><Target>articles</Target></ListItem><ListItem><Source>offers-discounts</Source><Target>ofertas-descontos</Target></ListItem><ListItem><Source>construction-special-offers</Source><Target>construção-especial-ofertas</Target></ListItem><ListItem><Source>delete-test-folder</Source><Target>excluir-teste-pasta</Target></ListItem><ListItem><Source>connect-with-john-deere</Source><Target>conectar-com-john-deere</Target></ListItem><ListItem><Source>about-us</Source><Target>sobre-nos</Target></ListItem></MappingList>