<?xml version="1.0" encoding="UTF-8"?>
<MappingList><ListItem><Source>finance</Source><Target>finance-french</Target></ListItem><ListItem><Source>offers-discounts</Source><Target>offers-french</Target></ListItem><ListItem><Source>construction-special-offers</Source><Target>construction-french</Target></ListItem><ListItem><Source>delete-test-folder</Source><Target>delete-french</Target></ListItem><ListItem><Source>connect-with-john-deere</Source><Target>connect-french</Target></ListItem><ListItem><Source>about-us</Source><Target>about-us-french</Target></ListItem><ListItem><Source>articles</Source><Target>articles-french</Target></ListItem><ListItem><Source>jdw-526-news-releases-feed</Source><Target>fr-news-releases-feed</Target></ListItem><ListItem><Source>skid-steer</Source><Target>skid-steer-fr</Target></ListItem><ListItem><Source>search</Source><Target>search-fr</Target></ListItem><ListItem><Source>our-company</Source><Target>our-company-fr</Target></ListItem></MappingList>
