<workflow owner="TS USER" description="PRODUCT/CAT NAME" name="PIM Translation Request" creator="TS USER">
  <description>Translation content from the product information manager</description>
  <variables>
    <variable key="IW-ModelName" value="PIM Translation Request"/>
    <variable key="due_date" value=""/>
    <variable key="IW-ModelDispName" value="PIM Translation Request"/>
    <variable key="priority" value="2"/>
    <variable key="IW-ProcessModel" value="true"/>
  </variables>
  <submittask name="Submit Task" owner="TS USER" skiplocked="f" unlock="t" skipconflicts="f" savecomments="t" override="t">
    <description>File submitted after file is sent for translation.</description>
    <areavpath v="(TS BRANCH PATH)/WORKAREA/shared"/>
    <successorset description="Submit Task Success">
      <description>Submit Task Success</description>
      <succ v="Translation Success Notification"/>
    </successorset>
    <activation>
      <or>
        <pred v="Send for Translation"/>
      </or>
    </activation>
    <variables>
      <variable key="submit_info" value="Sent for Translation"/>
      <variable key="submit_cmt" value="Sent for Translation"/>
    </variables>
  </submittask>
  <grouptask name="Resolve Error" transferonly="f" lock="f" retainowner="f" readonly="f">
    <description>Resolve the error and transition back to the originating task.</description>
    <areavpath v="(TS BRANCH PATH)/WORKAREA/shared"/>
    <successors>
      <successorset description="End Job">
        <description>End Job</description>
        <succ v="End"/>
      </successorset>
      <successorset description="Send for Translation">
        <description>Send for Translation</description>
        <succ v="Send for Translation"/>
      </successorset>
    </successors>
    <sharedby>
      <user v="TS USER"/>
    </sharedby>
    <activation>
      <or>
        <pred v="Error Notification"/>
        <pred v="Error Notification"/>
      </or>
    </activation>
  </grouptask>
  <externaltask name="Send for Translation" owner="TS USER" transferonly="f" lock="f" readonly="f" retry="t" start="t">
    <description>Workflow completed</description>
    <areavpath v="(TS BRANCH PATH)/WORKAREA/shared"/>
    <successors>
      <successorset description="Success">
        <description>Success</description>
        <succ v="Submit Task"/>
      </successorset>
      <successorset description="Failure">
        <description>Failure</description>
        <succ v="Error Notification"/>
      </successorset>
      <successorset description="Translation Not Needed">
        <description>Translation Not Needed</description>
        <succ v="Translation Not Needed Notification"/>
      </successorset>
    </successors>
    <command v="http://localhost:8080/iw-cc/urlexternaltask"/>
    <files>
      <file path="FILE TO TRANSLATE" comment=""/>
    </files>
    <activation>
      <or>
        <pred v="Resolve Error"/>
      </or>
    </activation>
    <variables>
      <variable key="DefaultTransformTemplate" value=""/>
      <variable key="ProjectPO" value="PO Number: Corporate"/>
      <variable key="DocTransform" value="Teamsite v 1.0"/>
      <variable key="WorkflowName" value="Deere.com-002-Translation-Correction"/>
      <variable key="ProjectDeadline" value="10/25/2017 16:55"/>
      <variable key="SettingTemplateName" value="Deere.com-Marketing"/>
      <variable key="JobContact" value="contact@deere.com"/>
      <variable key="PerformerType" value=""/>
      <variable key="JSONTransformTemplate" value=""/>
      <variable key="PartialCheckoutIndicator" value="Language"/>
      <variable key="ProjectManager" value=""/>
      <variable key="SPPageTransformTemplate" value=""/>
      <variable key="Performer" value="Deere.com-Translators"/>
      <variable key="ProjectNamePrefix" value="PIM_"/>
      <variable key="ProjectType" value="Released"/>
      <variable key="ReportingTemplate" value=""/>
      <variable key="ClassName" value="com.deere.livesite.workflow.syndication.AkeneoSendForTranslationTask"/>
      <variable key="DCRTransformTemplate" value=""/>
      <variable key="TargetBranches" value=""/>
      <variable key="ProjectDescription" value="Automated PIM Translation"/>
      <variable key="ProjectSettingsName" value="Deere.com-Marketing"/>
    </variables>
  </externaltask>
  <externaltask name="Error Notification" owner="TS USER" transferonly="f" lock="f" readonly="f" retry="t">
    <description>An error occurred during the processing of the workflow</description>
    <areavpath v="(TS BRANCH PATH)/WORKAREA/shared"/>
    <successors>
      <successorset description="Email Sent">
        <description>Email Sent</description>
        <succ v="Resolve Error"/>
      </successorset>
    </successors>
    <command v="http://localhost:8080/iw-cc/urlexternaltask"/>
    <timeout v="+000003">
      <succ v="Resolve Error"/>
    </timeout>
    <activation>
      <or>
        <pred v="Send for Translation"/>
      </or>
    </activation>
    <variables>
      <variable key="mail_template" value="/iwadmin/main/config/STAGING/workflow/email/deere/TranslationEmailNotification.xsl"/>
      <variable key="target_task_name" value="Email Sent"/>
      <variable key="mail_subject" value="PIM Translation Request - Submission Error"/>
      <variable key="ClassName" value="com.deere.livesite.workflow.syndication.TranslationNotification"/>
      <variable key="serverName" value="pimTranslationError"/>
      <variable key="translation_task_name" value="Send for Translation"/>
    </variables>
  </externaltask>
  <externaltask name="Translation Not Needed Notification" owner="TS USER" transferonly="f" lock="f" readonly="f" retry="t">
    <description>Translation was not required, send an e-mail to the owner</description>
    <areavpath v="(TS BRANCH PATH)/WORKAREA/shared"/>
    <successors>
      <successorset description="Email Sent">
        <description>Email Sent</description>
        <succ v="End"/>
      </successorset>
    </successors>
    <command v="http://localhost:8080/iw-cc/urlexternaltask"/>
    <timeout v="+000003">
      <succ v="End"/>
    </timeout>
    <activation>
      <or>
        <pred v="Send for Translation"/>
      </or>
    </activation>
    <variables>
      <variable key="mail_template" value="/iwadmin/main/config/STAGING/workflow/email/deere/TranslationEmailNotification.xsl"/>
      <variable key="target_task_name" value="Email Sent"/>
      <variable key="mail_subject" value="PIM Translation Request - Translation Not Needed"/>
      <variable key="ClassName" value="com.deere.livesite.workflow.syndication.TranslationNotification"/>
      <variable key="serverName" value="pimTranslationNotNeeded"/>
      <variable key="translation_task_name" value="Send for Translation"/>
    </variables>
  </externaltask>
  <externaltask name="Translation Success Notification" owner="TS USER" transferonly="f" lock="f" readonly="f" retry="t">
    <description>Translation was successful, send an e-mail to the owner</description>
    <areavpath v="(TS BRANCH PATH)/WORKAREA/shared"/>
    <successors>
      <successorset description="Email Sent">
        <description>Email Sent</description>
        <succ v="End"/>
      </successorset>
    </successors>
    <command v="http://localhost:8080/iw-cc/urlexternaltask"/>
    <timeout v="+000003">
      <succ v="End"/>
    </timeout>
    <activation>
      <or>
        <pred v="Submit Task"/>
      </or>
    </activation>
    <variables>
      <variable key="mail_template" value="/iwadmin/main/config/STAGING/workflow/email/deere/TranslationEmailNotification.xsl"/>
      <variable key="target_task_name" value="Email Sent"/>
      <variable key="mail_subject" value="PIM Translation Request - Successfully Sent"/>
      <variable key="ClassName" value="com.deere.livesite.workflow.syndication.TranslationNotification"/>
      <variable key="serverName" value="pimTranslation"/>
      <variable key="translation_task_name" value="Send for Translation"/>
    </variables>
  </externaltask>
  <endtask name="End">
    <activation>
      <or>
        <pred v="Resolve Error"/>
        <pred v="Translation Not Needed Notification"/>
        <pred v="Translation Not Needed Notification"/>
        <pred v="Translation Success Notification"/>
        <pred v="Translation Success Notification"/>
      </or>
    </activation>
  </endtask>
</workflow>