<?xml version="1.0" encoding="UTF-8"?>
<targets><target><branch>/default/main/deere/us/en</branch><locale>en-US</locale><site-path>us/en</site-path><translation-enabled>true</translation-enabled><across-locale></across-locale></target><target><branch>/default/main/deere/kr/ko</branch><locale>ko-KR</locale><site-path>kr/ko</site-path><translation-enabled>false</translation-enabled><across-locale></across-locale></target><target><branch>/default/main/deere/gr/el</branch><locale>el-GR</locale><site-path>gr/el</site-path><translation-enabled>true</translation-enabled><across-locale></across-locale></target><target><branch>/default/main/deere/pt/pt</branch><locale>pt-PT</locale><site-path>pt/pt</site-path><translation-enabled>true</translation-enabled><across-locale></across-locale></target><target><branch>/default/main/deere/bg/bg</branch><locale>bg-BG</locale><site-path>bg/bg</site-path><translation-enabled>true</translation-enabled><across-locale></across-locale></target><target><branch>/default/main/deere/gb/en</branch><locale>en-GB</locale><site-path>gb/en</site-path><translation-enabled>true</translation-enabled><across-locale></across-locale></target><target><branch>/default/main/deere/de/de</branch><locale>de-DE</locale><site-path>de/de</site-path><translation-enabled>true</translation-enabled><across-locale></across-locale></target><target><branch>/default/main/deere/ca/en</branch><locale>en-CA</locale><site-path>ca/en</site-path><translation-enabled>true</translation-enabled><across-locale></across-locale></target><target><branch>/default/main/deere/fr/fr</branch><locale>fr-FR</locale><site-path>fr/fr</site-path><translation-enabled>true</translation-enabled><across-locale></across-locale></target><target><branch>/default/main/deere/tt/en</branch><locale>en-TT</locale><site-path>tt/en</site-path><translation-enabled>true</translation-enabled><across-locale></across-locale></target><target><branch>/default/main/deere/tt/en</branch><locale>en-TT</locale><site-path>tt/en</site-path><translation-enabled>true</translation-enabled><across-locale></across-locale></target><target><branch>/default/main/deere/br/pt</branch><locale>pt-BR</locale><site-path>br/pt</site-path><translation-enabled>true</translation-enabled><across-locale></across-locale></target><target><branch>/default/main/deere/ca/fr</branch><locale>fr-CA</locale><site-path>ca/fr</site-path><translation-enabled>true</translation-enabled><across-locale></across-locale></target><target><branch>/default/main/deere/de/de</branch><locale>de-DE</locale><site-path>de/de</site-path><translation-enabled>true</translation-enabled><across-locale></across-locale></target><target><branch>/default/main/deere/dk/da</branch><locale>da-DK</locale><site-path>dk/da</site-path><translation-enabled>true</translation-enabled><across-locale></across-locale></target><target><branch>/default/main/deere/privacy-and-data</branch><locale>privacy-and-data</locale><site-path>privacy-and-data</site-path><translation-enabled>true</translation-enabled><across-locale></across-locale></target><target><branch>/default/main/deere/au/en</branch><locale>en-AU</locale><site-path>au/en</site-path><translation-enabled>true</translation-enabled><across-locale></across-locale></target><target><branch>/default/main/deere/cn/zh</branch><locale>zhs-across-Legacy</locale><site-path>cn/zh</site-path><translation-enabled>true</translation-enabled><across-locale></across-locale></target><target><branch>/default/main/deere/es/es</branch><locale>es-ES</locale><site-path>es/es</site-path><translation-enabled>true</translation-enabled><across-locale>es-ES-Traditional</across-locale></target><target><branch>/default/main/deere/fi/fi</branch><locale>fi-FI</locale><site-path>fi/fi</site-path><translation-enabled>true</translation-enabled><across-locale></across-locale></target><target><branch>/default/main/deere/in/en</branch><locale>en-IN</locale><site-path>in/en</site-path><translation-enabled>true</translation-enabled><across-locale></across-locale></target><target><branch>/default/main/deere/in/hi</branch><locale>hi-IN</locale><site-path>in/hi</site-path><translation-enabled>true</translation-enabled><across-locale></across-locale></target><target><branch>/default/main/deere/it/it</branch><locale>it-IT</locale><site-path>it/it</site-path><translation-enabled>true</translation-enabled><across-locale></across-locale></target><target><branch>/default/main/deere/eu/en</branch><locale>en-EU</locale><site-path>eu/en</site-path><translation-enabled>false</translation-enabled><across-locale></across-locale></target><target><branch>/default/main/deere/lu/de</branch><locale>de-LU</locale><site-path>lu/de</site-path><translation-enabled>true</translation-enabled><across-locale></across-locale></target><target><branch>/default/main/deere/lu/fr</branch><locale>fr-LU</locale><site-path>lu/fr</site-path><translation-enabled>true</translation-enabled><across-locale></across-locale></target><target><branch>/default/main/deere/mx/es</branch><locale>es-MX</locale><site-path>mx/es</site-path><translation-enabled>true</translation-enabled><across-locale></across-locale></target><target><branch>/default/main/deere/navcom/en</branch><locale>en-navcom</locale><site-path>navcom/en</site-path><translation-enabled>true</translation-enabled><across-locale></across-locale></target><target><branch>/default/main/deere/nl/nl</branch><locale>nl-NL</locale><site-path>nl/nl</site-path><translation-enabled>true</translation-enabled><across-locale></across-locale></target><target><branch>/default/main/deere/no/no</branch><locale>nb-NO</locale><site-path>no/no</site-path><translation-enabled>true</translation-enabled><across-locale></across-locale></target><target><branch>/default/main/deere/nz/en</branch><locale>en-NZ</locale><site-path>nz/en</site-path><translation-enabled>true</translation-enabled><across-locale></across-locale></target><target><branch>/default/main/deere/pl/pl</branch><locale>pl-PL</locale><site-path>pl/pl</site-path><translation-enabled>true</translation-enabled><across-locale></across-locale></target><target><branch>/default/main/deere/ru/ru</branch><locale>ru-RU</locale><site-path>ru/ru</site-path><translation-enabled>true</translation-enabled><across-locale></across-locale></target><target><branch>/default/main/deere/se/sv</branch><locale>sv-SE</locale><site-path>se/sv</site-path><translation-enabled>true</translation-enabled><across-locale></across-locale></target><target><branch>/default/main/deere/th/en</branch><locale>en-TH</locale><site-path>th/en</site-path><translation-enabled>true</translation-enabled><across-locale></across-locale></target><target><branch>/default/main/deere/th/th</branch><locale>th-TH</locale><site-path>th/th</site-path><translation-enabled>true</translation-enabled><across-locale></across-locale></target><target><branch>/default/main/deere/tr/tr</branch><locale>tr-TR</locale><site-path>tr/tr</site-path><translation-enabled>true</translation-enabled><across-locale></across-locale></target><target><branch>/default/main/deere/ua/ru</branch><locale>ru-UA</locale><site-path>ua/ru</site-path><translation-enabled>true</translation-enabled><across-locale>ru-RU</across-locale></target><target><branch>/default/main/deere/ua/uk</branch><locale>uk-UA</locale><site-path>ua/uk</site-path><translation-enabled>true</translation-enabled><across-locale></across-locale></target><target><branch>/default/main/deere/ar/es</branch><locale>es-AR</locale><site-path>ar/es</site-path><translation-enabled>true</translation-enabled><across-locale></across-locale></target><target><branch>/default/main/deere/int/en</branch><locale>en-INT</locale><site-path>int/en</site-path><translation-enabled>true</translation-enabled><across-locale></across-locale></target><target><branch>/default/main/deere/za/en</branch><locale>za-EN</locale><site-path>za/en</site-path><translation-enabled>true</translation-enabled><across-locale></across-locale></target><target><branch>/default/main/deere/za/fr</branch><locale>za-FR</locale><site-path>za/fr</site-path><translation-enabled>true</translation-enabled><across-locale></across-locale></target><target><branch>/default/main/deere/asia/en</branch><locale>en-asia</locale><site-path>asia/en</site-path><translation-enabled>true</translation-enabled><across-locale></across-locale></target><target><branch>/default/main/deere/subsahara/en</branch><locale>en-SUBSAHARA</locale><site-path>subsahara/en</site-path><translation-enabled>false</translation-enabled><across-locale></across-locale></target><target><branch>/default/main/deere/latinamerica/es</branch><locale>es-latinamerica</locale><site-path>latinamerica/es</site-path><translation-enabled>true</translation-enabled><across-locale></across-locale></target><target><branch>/default/main/deere/navcom/en</branch><locale>en-navcom</locale><site-path>navcom/en</site-path><translation-enabled>false</translation-enabled><across-locale></across-locale></target><target><branch>/default/main/deere/northafrica/en</branch><locale>en-northafrica</locale><site-path>ca/en</site-path><translation-enabled>false</translation-enabled><across-locale></across-locale></target><target><branch>/default/main/deere/cz/cs</branch><locale>cs-CZ</locale><site-path>cz/cs</site-path><translation-enabled>true</translation-enabled><across-locale></across-locale></target><target><branch>/default/main/deere/be/nl</branch><locale>be-NL</locale><site-path>be/nl</site-path><translation-enabled>true</translation-enabled><across-locale></across-locale></target><target><branch>/default/main/deere/be/fr</branch><locale>be-FR</locale><site-path>be/fr</site-path><translation-enabled>true</translation-enabled><across-locale></across-locale></target><target><branch>/default/main/deere/ee/et</branch><locale>et-EE</locale><site-path>ee/et</site-path><translation-enabled>true</translation-enabled><across-locale></across-locale></target><target><branch>/default/main/deere/ch/de</branch><locale>de-CH</locale><site-path>ch/de</site-path><translation-enabled>true</translation-enabled><across-locale></across-locale></target><target><branch>/default/main/deere/ch/fr</branch><locale>fr-CH</locale><site-path>ch/fr</site-path><translation-enabled>true</translation-enabled><across-locale></across-locale></target><target><branch>/default/main/deere/lt/lt</branch><locale>lt-LT</locale><site-path>lt/lt</site-path><translation-enabled>true</translation-enabled><across-locale></across-locale></target><target><branch>/default/main/deere/lv/lv</branch><locale>lv-LV</locale><site-path>lv/lv</site-path><translation-enabled>true</translation-enabled><across-locale></across-locale></target><target><branch>/default/main/deere/no/nb</branch><locale>nb-NO</locale><site-path>no/nb</site-path><translation-enabled>true</translation-enabled><across-locale></across-locale></target><target><branch>/default/main/deere/gr/el</branch><locale>el-GR</locale><site-path>gr/el</site-path><translation-enabled>true</translation-enabled><across-locale></across-locale></target><target><branch>/default/main/deere/ro/ro</branch><locale>ro-RO</locale><site-path>ro/ro</site-path><translation-enabled>true</translation-enabled><across-locale></across-locale></target><target><branch>/default/main/deere/hr/hr</branch><locale>hr-HR</locale><site-path>hr/hr</site-path><translation-enabled>true</translation-enabled><across-locale></across-locale></target><target><branch>/default/main/deere/hu/hu</branch><locale>hu-HU</locale><site-path>hu/hu</site-path><translation-enabled>true</translation-enabled><across-locale></across-locale></target><target><branch>/default/main/deere/rs/sr</branch><locale>sr-RS</locale><site-path>rs/sr</site-path><translation-enabled>true</translation-enabled><across-locale></across-locale></target></targets>