<?xml version="1.0" encoding="UTF-8"?> 
<!DOCTYPE log4j:configuration SYSTEM "log4j.dtd">
<log4j:configuration
    xmlns:log4j="http://jakarta.apache.org/log4j/" 
    debug="false">

    <!-- Define Appenders here -->
    <!--
    <appender name="CUSTOM" class="org.apache.log4j.RollingFileAppender">
        <param name="File" value="${iw.client.log.path}/custom.log"/>
        <param name="MaxFileSize" value="100MB"/>
        <param name="MaxBackupIndex" value="10"/>
        <layout class="org.apache.log4j.PatternLayout">
            <param name="ConversionPattern" value="%d [%t] %-5p %c (%x) - %m%n"/>
        </layout>
    </appender>
    -->

    <appender name="DEERE" class="org.apache.log4j.RollingFileAppender">
        <param name="File" value="${iw.client.log.path}/deere_teamsite.log"/>
        <param name="MaxFileSize" value="100MB"/>
        <param name="MaxBackupIndex" value="10"/>
        <layout class="org.apache.log4j.PatternLayout">
            <param name="ConversionPattern" value="%d [%t] %-5p %c (%x) - %m%n"/>
        </layout>
    </appender>

    <!-- Define Loggers here -->
    <!-- 
    All logs from customized codes will be in IWHOME/local/logs/iwui/custom.log if "CUSTOM" 
    appender-ref gets used.
    -->
    <!--
    <logger name="com.mycompany.mypackage.*" additivity="false">
        <level value="debug"/>
        <appender-ref ref="CUSTOM"/>
    </logger>
    -->

    <logger name="com.deere.*" additivity="false">
        <level value="warn"/>
        <appender-ref ref="DEERE"/>
    </logger>


</log4j:configuration>
