<?xml version="1.0" encoding="utf-8"?>
<!DOCTYPE iwov-ui
  PUBLIC "-//Interwoven, Inc.//DTD UI Customizations 1.0//EN"
  "../../../../reference/etc/conf/ui_custom.dtd">

<!-- ui_custom.xml All customizations to the ContentCenter UI (ui*.xml) should 
	go here. Refer to etc/conf/README_base_config_types.txt located in <iw-home>/local/config/lib/content_center/reference 
	for details about how to add XML elements to this file. -->
<iwov-ui>
	<action-list id="iw.ccpro.filesys.menubar">
		<menu id="iw.ccpro.file.livesite.menu">
			<iwov-insert-before id="iw.livesite.ccpro.generate_HTML.link">
				<separator id="iw.ccpro.file.livesite.menu.separator.1"/>
				<link id="iw.livesite.ccpro.custom_generate_HTML.link" url="/Site/Page/CustomGenerate.do?method=generate&amp;suffix=.html&amp;destDir=html" description="Generate HTML from Site Publisher Page" label="Generate HTML">
				</link>	
			</iwov-insert-before>
			
			<iwov-delete>
				<link id="iw.livesite.ccpro.generate_HTML.link">
				</link>
			</iwov-delete>	
			
		</menu>
	</action-list>
	<!--Deere Custom Menu With New Deere - Unlock Functionality.-->
	<action-list id="iw.ccpro.filesys.menubar">
		<menu id="iw.ccpro.deere.menu" label="Deere" refid="iw.ccpro.deere.menu.op">
		<link id="iw.ccpro.deere.menu.unlockfile" label="Unlock" description="This will unlock any file locked by other users" url="/iw-cc/unlockfile" target="_blank" operationID="iw.ccpro.custom.file_unlock" />
		<link id="iw.ccpro.deere.menu.sitemapCleanup" label="Sitemap Cleanup" description="This will delete irrelevant URLs such as 404, 503 etc. from sitemap.xml" url="/iw-cc/customer/utils/sitemap_cleanup.jsp" target="_blank" operationID="iw.ccpro.custom.sitemap_cleanup"/>
		<link id="iw.ccpro.deere.menu.taxonomyAuditReport" label="Generate Taxonomy Audit Report" description="This will find links which are present in sitemap.xml but not in taxonomy file" url="/iw-cc/customer/utils/taxonomy_report.jsp" target="_blank" operationID="iw.ccpro.custom.taxonomy_report"/>
		<link id="iw.ccpro.deere.menu.metadataTagger" label="Tag PDFs" description="Set custom meta data on PDF files" url="/iw-cc/customer/utils/metadata_tagging.jsp" target="_blank" operationID="iw.ccpro.custom.tag_metadata"/>
		<link id="iw.ccpro.deere.menu.assetReport" label="Asset Report Utility" description="Asset Report utility for selected locale" url="/iw-cc/customer/utils/asset_report.jsp" target="_blank" operationID="iw.ccpro.custom.asset_report"/>
		</menu>
	</action-list>
</iwov-ui>
