<?xml version="1.0" encoding="UTF-8" ?>
<black-list>
	<attribute>racfId</attribute>
	<attribute>sku</attribute>
	<attribute>productsummary_optionallink1url</attribute>
	<attribute>productsummary_optionallink2url</attribute>
	<attribute>productsummary_optionallink3url</attribute>
	<attribute>productsummary_optionallink4url</attribute>
	<attribute>productsummary_primaryctaurl</attribute>
	<attribute>productsummary_productmodelname</attribute>
	<attribute>productsummary_productmodelnumber</attribute>
	<attribute>productsummary_productprice</attribute>
	<attribute>productsummary_productpricedenomination</attribute>
	<attribute>productsummary_productpricesymbol</attribute>
	<attribute>productsummary_secondaryctaurl</attribute>
	<attribute>rebuildfromcloneable</attribute>
	<attribute>salesmanual_json</attribute>
	<attribute>bazaarvoice_json</attribute>
	<attribute>productsummary_pci_code</attribute>
	<attribute>productsummary_machine_id</attribute>
	<attribute>productsummary_sbu</attribute>
	<attribute>productsummary_base_code</attribute>
	<attribute>productsummary_show_price</attribute>
	<attribute>productsummary_cloneable_pages_directory</attribute>
	<attribute>productsummary_generated_page_path</attribute>
	<attribute>productsummary_styling</attribute>
	<attribute>features_json</attribute>
	<attribute>video_gallery</attribute>
	<attribute>speccheck_json</attribute>
	<attribute>competingmachines_json</attribute>
	<attribute>jdps_json</attribute>
	<attribute>specifications_json</attribute>
	<attribute>specifications_pdf</attribute>
	<attribute>closestcomparison_json</attribute>
	<attribute>block_content_1_up_image</attribute>
	<attribute>block_content_1_up_image_alignment</attribute>
	<attribute>block_content_1_up_primary_cta_url</attribute>
	<attribute>block_content_1_up_primary_cta_target_type</attribute>
	<attribute>block_content_1_up_optional_link_url</attribute>
	<attribute>block_content_1_up_optional_url_target_type</attribute>
	<attribute>block_content__1_up_secondary_cta_url</attribute>
	<attribute>block_content_1_up_secondary_cta_target_type</attribute>
	<attribute>block_content_1_up_tertiary_cta_url</attribute>
	<attribute>block_content_1_up_tertiary_cta_target_type</attribute>
	<attribute>nested_block_1_image</attribute>
	<attribute>nested_block_1_1_cta_url</attribute>
	<attribute>nested_block_1_2_cta_url</attribute>
	<attribute>nested_block_1_3_cta_url</attribute>
	<attribute>nested_block_1_4_cta_url</attribute>
	<attribute>nested_block_2_image</attribute>
	<attribute>nested_block_2_1_cta_url</attribute>
	<attribute>nested_block_3_image</attribute>
	<attribute>nested_block_3_1_cta_url</attribute>
	<attribute>linklist_column_1_url_1</attribute>
	<attribute>linklist_column_1_url_2</attribute>
	<attribute>linklist_column_1_url_3</attribute>
	<attribute>linklist_column_1_url_4</attribute>
	<attribute>linklist_column_1_url_5</attribute>
	<attribute>linklist_column_1_url_6</attribute>
	<attribute>linklist_column_1_url_7</attribute>
	<attribute>linklist_column_1_url_8</attribute>
	<attribute>linklist_column_1_url_9</attribute>
	<attribute>linklist_column_1_url_10</attribute>
	<attribute>linklist_column_2_url_1</attribute>
	<attribute>linklist_column_2_url_2</attribute>
	<attribute>linklist_column_2_url_3</attribute>
	<attribute>linklist_column_2_url_4</attribute>
	<attribute>linklist_column_2_url_5</attribute>
	<attribute>linklist_column_2_url_6</attribute>
	<attribute>linklist_column_2_url_7</attribute>
	<attribute>linklist_column_2_url_8</attribute>
	<attribute>linklist_column_2_url_9</attribute>
	<attribute>linklist_column_2_url_10</attribute>
	<attribute>linklist_column_3_url_1</attribute>
	<attribute>linklist_column_3_url_2</attribute>
	<attribute>linklist_column_3_url_3</attribute>
	<attribute>linklist_column_3_url_4</attribute>
	<attribute>linklist_column_3_url_5</attribute>
	<attribute>linklist_column_3_url_6</attribute>
	<attribute>linklist_column_3_url_7</attribute>
	<attribute>linklist_column_3_url_8</attribute>
	<attribute>linklist_column_3_url_9</attribute>
	<attribute>linklist_column_3_url_10</attribute>
	<attribute>accessories_json</attribute>
	<attribute>product360_json</attribute>
	<attribute>show_in_product_horizon</attribute>
	<attribute>product_industry</attribute>
	<attribute>sbu_code_configurator</attribute>
	<attribute>dealer_id</attribute>
	<attribute>decal_model</attribute>
	<attribute>target_market_code</attribute>
	<attribute>cbyo_enabled</attribute>
	<attribute>productsummary_dcrname</attribute>
	<attribute>syndicate_config</attribute>
	<attribute>syndication_allowed_fields</attribute>
	<attribute>translation_allowed_fields</attribute>
</black-list>>
	<attribute>generatedPagePath</attribute>
	<attribute>syndicationConfiguration</attribute>
	<attribute>syndicationExcludedFields</attribute>
	<attribute>productListSKUs</attribute>
</black-list>