<?xml version="1.0" encoding="UTF-8"?>
<ProcessModelConfiguration xmlns="http://www.interwoven.com/schema/modelConfig"><Script id="ID1607596766748"><Source><![CDATA[if("$IW_CV(Type)"=="log")
{
true;
}
else {
false;
}]]></Source><Property name="NodeId">Flow8</Property><Property name="PropertyName">Expression</Property><Property name="NodeType">ConditionalLink</Property></Script><Script id="ID1607596792188"><Source><![CDATA[if("$IW_CV(Type)"=="workflow")
{
true;
}
else {
false;
}]]></Source><Property name="NodeId">Flow10</Property><Property name="PropertyName">Expression</Property><Property name="NodeType">ConditionalLink</Property></Script><Script id="ID1613128635647"><Source><![CDATA[if("$IW_CV(Type)"=="tempFileList")
{
true;
}
else {
false;
}]]></Source><Property name="NodeId">Flow2</Property><Property name="PropertyName">Expression</Property><Property name="NodeType">ConditionalLink</Property></Script></ProcessModelConfiguration>
