{"resourceId":"oryx-canvas123","properties":{"Owner":"$IW_USER","Priority":"2","Brief Description":"","Description":"$IW_CV(description)","DueDate":"","Global Variables":"$IW_CV(iw_edtion_config)|$IW_CV(iw_recipient_mail_config)","VAVariables":"","Variables":"","PostProcessorCommand":"","PreProcessorCommand":"","Name":"Archival Wrokflow","id":"Workflow Properties1","ActivationCount":"","Version":"1.0.0.1","Status":"","Valid":"true","File Comments":"true"},"stencil":{"id":"ModelProperties"},"childShapes":[{"resourceId":"oryx_AB9EB3C2-FC64-4441-85CA-90C766124CFF","properties":{"y":"252.0","x":"108.0","Name":"Start","id":"Start","CSSclass":"Event"},"stencil":{"id":"Start"},"childShapes":[],"outgoing":[{"resourceId":"oryx_36A660FA-8FC4-4646-A921-7211D37A607D"}],"bounds":{"lowerRight":{"x":102,"y":259},"upperLeft":{"x":68,"y":225}},"dockers":[]},{"resourceId":"oryx_E7C8EF18-50E5-4D0D-82DF-C2CC7F0CFDBE","properties":{"y":"394.0","x":"456.0","AreaVPath":"$IW_WORKAREA","Brief Description":"","Description":"","Name":"Success Notification Mail","id":"Success Notification Mail","CSSclass":"Task","Owner":"$IW_USER","EMailCommand":"http://$IW_SERVER/iw-cc/urlexternaltask","Retry":"true","Lock":"false","Readonly":"true","Transferonly":"false","Variables":"ClassName=com.interwoven.ui.archivalmodule.workflow.task.urltask.DigitalSafeMailNotificationTask|target_task_name=End|mail_template=/iwadmin/main/config/WORKAREA/shared/workflow/email/digitalSafeArchivalSuccessNotification.xsl|iw_recipient_mail_ids=$IW_CV(iw_recipient_mail_config)|iw_mail_subject=Edition successfully archived","Eafinishop":"","Eastartop":"","Wfvarfinishop":"","Wfvarstartop":"","ActivationCount":"0","Status":"none","Valid":"true","BackgroundColor":"#c0c0c0","TaskType":"ItsEmailTask"},"stencil":{"id":"EmailTask"},"childShapes":[],"outgoing":[{"resourceId":"oryx_7E362DC8-9C21-4032-B0C3-CF886568D3A6"}],"bounds":{"lowerRight":{"x":462,"y":277},"upperLeft":{"x":360,"y":195}},"dockers":[]},{"resourceId":"oryx_CAA3BB53-4B39-450F-BA8E-817D7E262248","properties":{"y":"100.0","x":"749.0","AreaVPath":"$IW_WORKAREA","Brief Description":"","Description":"","Name":"Failure Notification Mail","id":"Failure Notification Mail","CSSclass":"Task","Owner":"$IW_USER","EMailCommand":"http://$IW_SERVER/iw-cc/urlexternaltask","Retry":"true","Lock":"false","Readonly":"true","Transferonly":"false","Variables":"ClassName=com.interwoven.ui.archivalmodule.workflow.task.urltask.DigitalSafeMailNotificationTask|target_task_name=End|iw_recipient_mail_ids=$IW_CV(iw_recipient_mail_config)|mail_template=/iwadmin/main/config/WORKAREA/shared/workflow/email/digitalSafeArchivalFailureNotification.xsl|iw_mail_subject=Edition archival unsuccessful","Eafinishop":"","Eastartop":"","Wfvarfinishop":"","Wfvarstartop":"","ActivationCount":"0","Status":"none","Valid":"true","BackgroundColor":"#c0c0c0","TaskType":"ItsEmailTask"},"stencil":{"id":"EmailTask"},"childShapes":[],"outgoing":[{"resourceId":"oryx_92C2EB7A-3F23-4603-87BA-77A4D3D73A89"}],"bounds":{"lowerRight":{"x":462,"y":100},"upperLeft":{"x":360,"y":18}},"dockers":[]},{"resourceId":"oryx_E98F6042-F95F-472D-866A-65AB2D69D067","properties":{"y":"201.0","x":"458.0","AreaVPath":"$IW_WORKAREA","Brief Description":"","Description":"","Name":"Archive Edition","id":"Archive Edition","CSSclass":"Task","Owner":"$IW_USER","URI":"http://localhost/iw-cc/urlexternaltask","Retry":"true","Lock":"false","Readonly":"true","Transferonly":"false","Variables":"ClassName=com.interwoven.ui.archivalmodule.workflow.task.urltask.ArchivalTask|iw_success_transition=Success|iw_failure_transition=Failure|iw_edition_vpath=$IW_CV(iw_edtion_config)","Eafinishop":"","Eastartop":"","Wfvarfinishop":"","Wfvarstartop":"","ActivationCount":"0","Status":"none","Valid":"true","BackgroundColor":"#c0c0c0","TaskType":"ItsURLTask"},"stencil":{"id":"URLTask"},"childShapes":[],"outgoing":[{"resourceId":"oryx_64BE3C87-2658-4904-92E7-43E44CE8105D"},{"resourceId":"oryx_30DE2EFD-2E24-4CC2-A581-92A450A68C3B"},{"resourceId":"oryx_043A1E4F-FA12-4A31-B4B6-B251A42DDB70"}],"bounds":{"lowerRight":{"x":282,"y":277},"upperLeft":{"x":180,"y":195}},"dockers":[]},{"resourceId":"oryx_055A6DDE-7DC7-4484-80AA-136317511AAD","properties":{"y":"321.0","x":"893.0","Name":"End","id":"End","Brief Description":"","Eafinishop":"","Eastartop":"","Wfvarfinishop":"","Wfvarstartop":"","CSSclass":"Event"},"stencil":{"id":"End"},"childShapes":[],"outgoing":[],"bounds":{"lowerRight":{"x":544,"y":253},"upperLeft":{"x":510,"y":219}},"dockers":[]},{"resourceId":"oryx_36A660FA-8FC4-4646-A921-7211D37A607D","properties":{"Name":"Start Archival","id":"Flow4","Type":"Default"},"stencil":{"id":"Flow"},"childShapes":[],"outgoing":[{"resourceId":"oryx_E98F6042-F95F-472D-866A-65AB2D69D067"}],"bounds":{"lowerRight":{"x":179.491183278428,"y":239.15393003359137},"upperLeft":{"x":102.42558181504717,"y":238.0116949664086}},"dockers":[{"x":14.45,"y":14.45},{"x":37.388251639322675,"y":42.44999999999999}],"target":{"resourceId":"oryx_E98F6042-F95F-472D-866A-65AB2D69D067"}},{"resourceId":"oryx_7E362DC8-9C21-4032-B0C3-CF886568D3A6","properties":{"Name":"Success Notification Mail Sent","id":"Flow29","Type":"Default"},"stencil":{"id":"Flow"},"childShapes":[],"outgoing":[{"resourceId":"oryx_055A6DDE-7DC7-4484-80AA-136317511AAD"}],"bounds":{"lowerRight":{"x":509.2914062500001,"y":234.45},"upperLeft":{"x":462.74765625000003,"y":232.45}},"dockers":[{"x":35,"y":38.44999999999999},{"x":14.45,"y":14.45}],"target":{"resourceId":"oryx_055A6DDE-7DC7-4484-80AA-136317511AAD"}},{"resourceId":"oryx_92C2EB7A-3F23-4603-87BA-77A4D3D73A89","properties":{"Name":"Failure Notification Mail Sent","id":"Flow21","Type":"Default"},"stencil":{"id":"Flow"},"childShapes":[],"outgoing":[{"resourceId":"oryx_055A6DDE-7DC7-4484-80AA-136317511AAD"}],"bounds":{"lowerRight":{"x":524.45,"y":218.74296875},"upperLeft":{"x":462.86015625000005,"y":58}},"dockers":[{"x":50,"y":40},{"x":524.45,"y":58},{"x":14.45,"y":14.45}],"target":{"resourceId":"oryx_055A6DDE-7DC7-4484-80AA-136317511AAD"}},{"resourceId":"oryx_30DE2EFD-2E24-4CC2-A581-92A450A68C3B","properties":{"Name":"Archive Edition Timeout","id":"Flow23","Type":"Timeout","Timeout Duration":"+002400"},"stencil":{"id":"TimeoutLink"},"childShapes":[],"outgoing":[{"resourceId":"oryx_E7C8EF18-50E5-4D0D-82DF-C2CC7F0CFDBE"}],"bounds":{"lowerRight":{"x":359.1170299277785,"y":211},"upperLeft":{"x":282.4481573851168,"y":209}},"dockers":[{"x":66.328125,"y":15},{"x":66.14269081179816,"y":15}],"target":{"resourceId":"oryx_E7C8EF18-50E5-4D0D-82DF-C2CC7F0CFDBE"}},{"resourceId":"oryx_64BE3C87-2658-4904-92E7-43E44CE8105D","properties":{"Name":"Failure","id":"Flow74","Type":"Default"},"stencil":{"id":"Flow"},"childShapes":[],"outgoing":[{"resourceId":"oryx_CAA3BB53-4B39-450F-BA8E-817D7E262248"}],"bounds":{"lowerRight":{"x":359.78125,"y":194.58984375},"upperLeft":{"x":230,"y":58}},"dockers":[{"x":50,"y":40},{"x":230,"y":58},{"x":50,"y":40}],"target":{"resourceId":"oryx_CAA3BB53-4B39-450F-BA8E-817D7E262248"}},{"resourceId":"oryx_043A1E4F-FA12-4A31-B4B6-B251A42DDB70","properties":{"Name":"Success","id":"Flow25","Type":"Default"},"stencil":{"id":"Flow"},"childShapes":[],"outgoing":[{"resourceId":"oryx_E7C8EF18-50E5-4D0D-82DF-C2CC7F0CFDBE"}],"bounds":{"lowerRight":{"x":359.33036173541467,"y":262.6875},"upperLeft":{"x":282.9384116410712,"y":260.6875}},"dockers":[{"x":91,"y":66.6875},{"x":27.676390838092573,"y":66.6875}],"target":{"resourceId":"oryx_E7C8EF18-50E5-4D0D-82DF-C2CC7F0CFDBE"}}],"bounds":{"lowerRight":{"x":1784.9999999999998,"y":1350},"upperLeft":{"x":0,"y":0}},"stencilset":{"url":"/iw-wfm/editor/stencilsets/iwov_process_model/iwovprocessmodels.json","namespace":"http://autonomy.com/stencilset/iwovwfm#"},"ssextensions":[],"modelVariables":[{"TaskId":"EmailTask","PropertyName":"Variables","VariableId":"iw_recipient_mail_config","VariableValue":"","TaskType":"","isDeleted":""},{"TaskId":"Workflow Properties1","PropertyName":"Global Variables","VariableId":"iw_edtion_config","VariableValue":{"value":{"id":"iw_edtion_config","isHidden":false,"description":"","isReadOnly":false,"label":"Edition VPath","defaultValue":"$IW_WORKAREA"},"type":"$IW_CV"},"TaskType":"ModelProperties","isDeleted":""},{"TaskId":"Workflow Properties1","PropertyName":"Description","VariableId":"description","VariableValue":{"value":{"id":"description","isHidden":false,"description":"","isReadOnly":false,"label":"Description","defaultValue":""},"type":"$IW_CV"},"TaskType":"ModelProperties","isDeleted":""},{"TaskId":"EmailTask","PropertyName":"Variables","VariableId":"iw_recipient_mail_config","VariableValue":"","TaskType":"","isDeleted":""},{"TaskId":"URLTask","PropertyName":"Variables","VariableId":"iw_edtion_config","VariableValue":"","TaskType":"","isDeleted":""},{"TaskId":"Workflow Properties1","PropertyName":"Global Variables","VariableId":"iw_recipient_mail_config","VariableValue":{"value":{"id":"iw_recipient_mail_config","isHidden":false,"description":"","isReadOnly":false,"label":"Recipient Email IDs","defaultValue":""},"type":"$IW_CV"},"TaskType":"ModelProperties","isDeleted":""}]}