{"resourceId":"oryx-canvas123","properties":{"Owner":"$IW_USER","Priority":"2","Brief Description":"Author Submit With Metadata","Description":"","DueDate":"","Global Variables":"","VAVariables":"","Variables":"","PostProcessorCommand":"","PreProcessorCommand":"","Name":"Workflow Properties","id":"Workflow Properties","ActivationCount":"","Version":"1.0.0.1","Status":"","Valid":"true","File Comments":"true"},"stencil":{"id":"ModelProperties"},"childShapes":[{"resourceId":"oryx_783EF3DE-0F22-43F2-A60E-CB4F201E57FA","properties":{"y":"77.649414","x":"65.0","Name":"Start1","id":"Start1","CSSclass":"Event"},"stencil":{"id":"Start"},"childShapes":[],"outgoing":[{"resourceId":"oryx_338EEDE8-5F50-4337-8BE8-7C1ED00DF269"}],"bounds":{"lowerRight":{"x":34,"y":452.75},"upperLeft":{"x":0,"y":418.75}},"dockers":[]},{"resourceId":"oryx_37D4D81B-1BDA-4C11-B37B-9DB0CC1FE04B","properties":{"y":"100.75","x":"353.0","AreaVPath":"$IW_WORKAREA","Brief Description":"","Description":"","Name":"Author Rework","id":"Author Rework","Eafinishop":"","Eastartop":"","Wfvarfinishop":"","Wfvarstartop":"","Lock":"false","Readonly":"false","Transferonly":"false","Owner":"$IW_USER","Variables":"","CSSclass":"Task","ActivationCount":"0","Status":"none","Valid":"true","BackgroundColor":"#c0c0c0","TaskType":"ItsUserTask"},"stencil":{"id":"UserTask"},"childShapes":[],"outgoing":[{"resourceId":"oryx_F851E6F6-C124-42E9-AF28-0CF4C4D01356"}],"bounds":{"lowerRight":{"x":282,"y":307},"upperLeft":{"x":180,"y":225}},"dockers":[]},{"resourceId":"oryx_E4C7AA71-183B-4911-87BD-BEE2281B7DB1","properties":{"y":"262.75","x":"298.0","AreaVPath":"$IW_WORKAREA","Brief Description":"Review Author Work","Description":"","Name":"Review","id":"Review","CSSclass":"Task","Available Groups":"","Available Users":"$IW_AREAOWNER;$IW_DS(ID1158070630757)","NoOfReviewers":"$IW_REVIEWER(ID1158070643882)","ReturnOnFirstReject":"false","ReviewType":"Concurrent","NotifyReviewer":"true","Lock":"false","Readonly":"true","Transferonly":"false","ReviewOwner":"","Variables":"mail_template=/iwadmin/main/config/STAGING/workflow/email/reviewerNotification.xsl|ClassName=com.interwoven.ui.teamsite.workflow.task.urltask.ReviewerMailNotificationTask","Eafinishop":"","Eastartop":"","Wfvarfinishop":"","Wfvarstartop":"","ActivationCount":"0","Status":"none","Valid":"true","BackgroundColor":"#c0c0c0","TaskType":"ItsReviewTask"},"stencil":{"id":"ReviewTask"},"childShapes":[],"outgoing":[{"resourceId":"oryx_15078B9E-CACE-44A2-9777-A03A6CBFD38A"},{"resourceId":"oryx_5D0580AE-7C5E-4109-A1B7-BE8F48ACBAA0"}],"bounds":{"lowerRight":{"x":387,"y":478},"upperLeft":{"x":285,"y":396}},"dockers":[]},{"resourceId":"oryx_F53F30CB-F563-4352-813B-627EB165CF51","properties":{"y":"176.75","x":"177.0","AreaVPath":"$IW_WORKAREA","Brief Description":"Capture Metadata","Description":"","Name":"Metadata Capture","id":"Metadata Capture","CSSclass":"Task","Owner":"$IW_USER","MDCaptureUI":"iwmetadata.cgi","Immediate":"false","Lock":"false","Readonly":"false","Transferonly":"false","Variables":"","Eafinishop":"","Eastartop":"","Wfvarfinishop":"","Wfvarstartop":"","ActivationCount":"0","Status":"none","Valid":"true","BackgroundColor":"#c0c0c0","TaskType":"ItsMetadataTask"},"stencil":{"id":"MetadataTask"},"childShapes":[],"outgoing":[{"resourceId":"oryx_DFADC1AD-1A05-483C-9E7B-6FC92FF82BD6"}],"bounds":{"lowerRight":{"x":207,"y":476.75},"upperLeft":{"x":105,"y":394.75}},"dockers":[]},{"resourceId":"oryx_41498B5C-FE82-465C-93C1-3C1A41D78427","properties":{"y":"339.75","x":"429.0","AreaVPath":"$IW_WORKAREA","Brief Description":"Submit Author Work","Description":"","Name":"Submit","id":"Submit","CSSclass":"Task","Owner":"$IW_USER","SubmitComment":"$IW_CV(smbtComment)","SubmitInfo":"$IW_CV(smbtInfo)","Override":"$IW_CV(ID1194939415483)","Save Comments":"true","Skip Conflicts":"false","Skip Locked":"false","Unlock":"$IW_CV(ID1194939432905)","Variables":"","Eafinishop":"","Eastartop":"","Wfvarfinishop":"","Wfvarstartop":"","ActivationCount":"0","Status":"none","Valid":"true","BackgroundColor":"#c0c0c0","TaskType":"ItsSubmitTask"},"stencil":{"id":"SubmitTask"},"childShapes":[],"outgoing":[{"resourceId":"oryx_8415ABD9-0A03-4BCD-95D2-98CED2B1C8D3"}],"bounds":{"lowerRight":{"x":582,"y":476.75},"upperLeft":{"x":480,"y":394.75}},"dockers":[]},{"resourceId":"oryx_2B76651C-DDC9-4228-BB11-5A2F65FF489D","properties":{"y":"338.6494","x":"602.0","Name":"End11","id":"End11","Brief Description":"","Eafinishop":"","Eastartop":"","Wfvarfinishop":"","Wfvarstartop":"","CSSclass":"Event"},"stencil":{"id":"End"},"childShapes":[],"outgoing":[],"bounds":{"lowerRight":{"x":694,"y":454},"upperLeft":{"x":660,"y":420}},"dockers":[]},{"resourceId":"oryx_338EEDE8-5F50-4337-8BE8-7C1ED00DF269","properties":{"Name":"Metadata","id":"Metadata","Type":"Default"},"stencil":{"id":"Flow"},"childShapes":[],"outgoing":[{"resourceId":"oryx_F53F30CB-F563-4352-813B-627EB165CF51"}],"bounds":{"lowerRight":{"x":104.58795142899146,"y":434.19405069167516},"upperLeft":{"x":34.11673607100857,"y":433.41688680832476}},"dockers":[{"x":14.45,"y":14.45},{"x":50,"y":40}],"target":{"resourceId":"oryx_F53F30CB-F563-4352-813B-627EB165CF51"}},{"resourceId":"oryx_DFADC1AD-1A05-483C-9E7B-6FC92FF82BD6","properties":{"Name":"Review Work","id":"Review Work","Type":"Default"},"stencil":{"id":"Flow"},"childShapes":[],"outgoing":[{"resourceId":"oryx_E4C7AA71-183B-4911-87BD-BEE2281B7DB1"}],"bounds":{"lowerRight":{"x":284.4879493183938,"y":435.5578494952847},"upperLeft":{"x":207.828125,"y":434.75}},"dockers":[{"x":50,"y":40},{"x":262,"y":434.75},{"x":39.6328125,"y":41}],"target":{"resourceId":"oryx_E4C7AA71-183B-4911-87BD-BEE2281B7DB1"}},{"resourceId":"oryx_15078B9E-CACE-44A2-9777-A03A6CBFD38A","properties":{"Name":"Reject","id":"Reject","Type":"Failure"},"stencil":{"id":"FailureLink"},"childShapes":[],"outgoing":[{"resourceId":"oryx_37D4D81B-1BDA-4C11-B37B-9DB0CC1FE04B"}],"bounds":{"lowerRight":{"x":335,"y":395.6875},"upperLeft":{"x":282.6796875,"y":265}},"dockers":[{"x":50,"y":41},{"x":335,"y":265},{"x":50,"y":40}],"target":{"resourceId":"oryx_37D4D81B-1BDA-4C11-B37B-9DB0CC1FE04B"}},{"resourceId":"oryx_F851E6F6-C124-42E9-AF28-0CF4C4D01356","properties":{"Name":"Review Rework","id":"Review Rework","Type":"Default"},"stencil":{"id":"Flow"},"childShapes":[],"outgoing":[{"resourceId":"oryx_F53F30CB-F563-4352-813B-627EB165CF51"}],"bounds":{"lowerRight":{"x":179.4907358495671,"y":394.3653356531536},"upperLeft":{"x":155,"y":269.4635397902838}},"dockers":[{"x":15.78517735930734,"y":44.46353979028379},{"x":155,"y":269.4635397902838},{"x":50,"y":40}],"target":{"resourceId":"oryx_F53F30CB-F563-4352-813B-627EB165CF51"}},{"resourceId":"oryx_5D0580AE-7C5E-4109-A1B7-BE8F48ACBAA0","properties":{"Name":"Accept","id":"Accept","Type":"Success"},"stencil":{"id":"SuccessLink"},"childShapes":[],"outgoing":[{"resourceId":"oryx_41498B5C-FE82-465C-93C1-3C1A41D78427"}],"bounds":{"lowerRight":{"x":479.4883478114011,"y":436.3908060564777},"upperLeft":{"x":387.7968084385989,"y":435.3328267560223}},"dockers":[{"x":50,"y":41},{"x":50,"y":40}],"target":{"resourceId":"oryx_41498B5C-FE82-465C-93C1-3C1A41D78427"}},{"resourceId":"oryx_8415ABD9-0A03-4BCD-95D2-98CED2B1C8D3","properties":{"Name":"Done","id":"Done","Type":"Default"},"stencil":{"id":"Flow"},"childShapes":[],"outgoing":[{"resourceId":"oryx_2B76651C-DDC9-4228-BB11-5A2F65FF489D"}],"bounds":{"lowerRight":{"x":663.2933615316318,"y":434.6401106612807},"upperLeft":{"x":582.9117165933683,"y":434.47317058871937}},"dockers":[{"x":50,"y":40},{"x":14.45,"y":14.45}],"target":{"resourceId":"oryx_2B76651C-DDC9-4228-BB11-5A2F65FF489D"}}],"bounds":{"lowerRight":{"x":1485,"y":1350},"upperLeft":{"x":0,"y":0}},"stencilset":{"url":"/iw-wfm/editor/stencilsets/iwov_process_model/iwovprocessmodels.json","namespace":"http://autonomy.com/stencilset/iwovwfm#"},"ssextensions":[],"modelVariables":[{"TaskId":"Review","PropertyName":"NoOfReviewers","VariableId":"ID1158070643882","VariableValue":{"value":{"isHidden":false,"id":"ID1158070643882","users":"$IW_AREAOWNER, $IW_DS(ID1158070630757)","description":"Select a reviewer","isReadOnly":false,"noOfReviewers":1,"label":"Reviewer","reviewers":"u-$IW_AREAOWNER","groups":""},"type":"$IW_REVIEWER"},"TaskType":"ReviewTask","isDeleted":""},{"TaskId":"Submit","PropertyName":"SubmitComment","VariableId":"smbtComment","VariableValue":{"value":{"id":"smbtComment","isHidden":false,"description":"Submit Comment","isReadOnly":false,"label":"Comment","defaultValue":""},"type":"$IW_CV"},"TaskType":"SubmitTask","isDeleted":""},{"TaskId":"ReviewTask","PropertyName":"NoOfReviewers","VariableId":"ID1158070643882","VariableValue":"","TaskType":"","isDeleted":""},{"TaskId":"Submit","PropertyName":"Unlock","VariableId":"ID1194939432905","VariableValue":{"value":{"id":"ID1194939432905","isHidden":false,"description":"","isReadOnly":false,"label":"Do you want to unlock the file after submission?","defaultValue":"true"},"type":"$IW_CV"},"TaskType":"SubmitTask","isDeleted":""},{"TaskId":"SubmitTask","PropertyName":"Unlock","VariableId":"ID1194939432905","VariableValue":"","TaskType":"","isDeleted":""},{"TaskId":"Review","PropertyName":"Available Users","VariableId":"ID1158070630757","VariableValue":{"value":{"id":"ID1158070630757","isHidden":true,"description":"Reviewer List","isReadOnly":true,"label":"Reviewer","defaultValue":"$IW_AREAOWNER","datasource":"UserMasterPicker"},"type":"$IW_DS"},"TaskType":"ReviewTask","isDeleted":""},{"TaskId":"Submit","PropertyName":"Override","VariableId":"ID1194939415483","VariableValue":{"value":{"id":"ID1194939415483","isHidden":false,"description":"","isReadOnly":false,"label":"Override conflicts with STAGING?","defaultValue":"false"},"type":"$IW_CV"},"TaskType":"SubmitTask","isDeleted":""},{"TaskId":"SubmitTask","PropertyName":"Override","VariableId":"ID1194939415483","VariableValue":"","TaskType":"","isDeleted":""},{"TaskId":"SubmitTask","PropertyName":"SubmitInfo","VariableId":"smbtInfo","VariableValue":"","TaskType":"","isDeleted":""},{"TaskId":"SubmitTask","PropertyName":"SubmitComment","VariableId":"smbtComment","VariableValue":"","TaskType":"","isDeleted":""},{"TaskId":"ReviewTask","PropertyName":"Available Users","VariableId":"ID1158070630757","VariableValue":"","TaskType":"","isDeleted":""},{"TaskId":"Submit","PropertyName":"SubmitInfo","VariableId":"smbtInfo","VariableValue":{"value":{"id":"smbtInfo","isHidden":false,"description":"Submit Info","isReadOnly":false,"label":"Info","defaultValue":""},"type":"$IW_CV"},"TaskType":"SubmitTask","isDeleted":""}]}