{"resourceId":"oryx-canvas123","properties":{"Owner":"$IW_USER","Priority":"2","Brief Description":"Author Submit With Deploy","Description":"","DueDate":"","Global Variables":"","VAVariables":"","Variables":"","PostProcessorCommand":"","PreProcessorCommand":"","Name":"Workflow Properties","id":"Workflow Properties","ActivationCount":"","Version":"1.0.0.1","Status":"","Valid":"true","File Comments":"true"},"stencil":{"id":"ModelProperties"},"childShapes":[{"resourceId":"oryx_B489B7E3-A1E4-4D75-B16D-4C87812F9B9E","properties":{"y":"30.649414","x":"47.0","Name":"Start1","id":"Start1","CSSclass":"Event"},"stencil":{"id":"Start"},"childShapes":[],"outgoing":[{"resourceId":"oryx_F980C741-AF70-4F53-AF3A-A3B9C5615753"}],"bounds":{"lowerRight":{"x":49.951726894586656,"y":345.13108410255984},"upperLeft":{"x":15.951726894586656,"y":311.13108410255984}},"dockers":[]},{"resourceId":"oryx_9B6DFD18-FEAB-4421-A6C5-83C2F4C08E0F","properties":{"y":"41.75","x":"377.0","AreaVPath":"$IW_WORKAREA","Brief Description":"Author Rework","Description":"","Name":"Author Rework","id":"Author Rework","Eafinishop":"","Eastartop":"","Wfvarfinishop":"","Wfvarstartop":"","Lock":"false","Readonly":"false","Transferonly":"false","Owner":"$IW_USER","Variables":"","CSSclass":"Task","ActivationCount":"0","Status":"none","Valid":"true","BackgroundColor":"#c0c0c0","TaskType":"ItsUserTask"},"stencil":{"id":"UserTask"},"childShapes":[],"outgoing":[{"resourceId":"oryx_279B1DCF-73E5-4FFE-8BA4-4F992EDB3821"}],"bounds":{"lowerRight":{"x":436.9862647863198,"y":273.4207227350399},"upperLeft":{"x":334.9862647863198,"y":191.42072273503987}},"dockers":[]},{"resourceId":"oryx_2CD936F6-68B6-4609-B1CA-4EEB8D2CC692","properties":{"y":"92.75","x":"561.0","AreaVPath":"$IW_WORKAREA","Brief Description":"Resolve Deploy Problems","Description":"","Name":"Resolve Deploy Problems","id":"Resolve Deploy Problems","Eafinishop":"","Eastartop":"","Wfvarfinishop":"","Wfvarstartop":"","Lock":"false","Readonly":"false","Transferonly":"false","Owner":"$IW_USER","Variables":"","CSSclass":"Task","ActivationCount":"0","Status":"none","Valid":"true","BackgroundColor":"#c0c0c0","TaskType":"ItsUserTask"},"stencil":{"id":"UserTask"},"childShapes":[],"outgoing":[{"resourceId":"oryx_18F87933-38CA-46E7-8161-9EFAFFE3591E"}],"bounds":{"lowerRight":{"x":612.455260626773,"y":369.13108410255984},"upperLeft":{"x":510.455260626773,"y":287.13108410255984}},"dockers":[]},{"resourceId":"oryx_3E6443A5-BC61-48FC-9B9A-DE85578BEA4C","properties":{"y":"118.75","x":"170.0","AreaVPath":"$IW_WORKAREA","Brief Description":"Review Work","Description":"","Name":"Review","id":"Review","CSSclass":"Task","Available Groups":"","Available Users":"$IW_DS(ID1158069589445);$IW_AREAOWNER","NoOfReviewers":"$IW_REVIEWER(ID1158069610882)","ReturnOnFirstReject":"false","ReviewType":"$IW_CV(TypeOfReview)","NotifyReviewer":"$IW_CV(NotifyReviewer)","Lock":"false","Readonly":"true","Transferonly":"false","ReviewOwner":"","Variables":"iw_mailheader_pt=reviewer_iwmailheader.tpl|iw_mailbody_pt=reviewer_iwmailbody.tpl|iw_mailbody_text_pt=reviewer_textbody.tpl","Eafinishop":"","Eastartop":"","Wfvarfinishop":"","Wfvarstartop":"","ActivationCount":"0","Status":"none","Valid":"true","BackgroundColor":"#c0c0c0","TaskType":"ItsReviewTask"},"stencil":{"id":"ReviewTask"},"childShapes":[],"outgoing":[{"resourceId":"oryx_46B03319-FC5D-42B1-A8F7-B58850BCB174"},{"resourceId":"oryx_399C4B50-8C7B-4915-806D-AD52551D657D"}],"bounds":{"lowerRight":{"x":277.46899584045326,"y":369.13108410255984},"upperLeft":{"x":175.46899584045323,"y":287.13108410255984}},"dockers":[]},{"resourceId":"oryx_1361176E-A041-4FFF-A554-B37A7AE2D326","properties":{"y":"259.75","x":"301.0","AreaVPath":"$IW_WORKAREA","Brief Description":"Submit Work","Description":"","Name":"Submit Work","id":"Submit Work","CSSclass":"Task","Owner":"$IW_AREAOWNER","SubmitComment":"$IW_CV(smbtComment)","SubmitInfo":"$IW_CV(smbtInfo)","Override":"$IW_CV(ID1194939196836)","Save Comments":"true","Skip Conflicts":"false","Skip Locked":"false","Unlock":"$IW_CV(ID1194939214837)","Variables":"","Eafinishop":"","Eastartop":"","Wfvarfinishop":"","Wfvarstartop":"","ActivationCount":"0","Status":"none","Valid":"true","BackgroundColor":"#c0c0c0","TaskType":"ItsSubmitTask"},"stencil":{"id":"SubmitTask"},"childShapes":[],"outgoing":[{"resourceId":"oryx_EDAA68CD-668C-4AEE-8874-3895F99F865A"}],"bounds":{"lowerRight":{"x":277.46899584045326,"y":560.5518068375998},"upperLeft":{"x":175.46899584045326,"y":478.5518068375997}},"dockers":[]},{"resourceId":"oryx_1FA4F138-983D-48E0-AFCF-03291DDCE11E","properties":{"y":"291.75","x":"623.0","AreaVPath":"$IW_WORKAREA","Brief Description":"Deploying Author Work","Description":"","Name":"DeployTask","id":"DeployTask","CSSclass":"Task","Owner":"$IW_USER","DeployCommand":"http://$IW_SERVER/iw-cc/urlexternaltask?acceptTransition=Success&rejectTransition=Failure","OD Variables":"sample=1234","Retry":"false","Lock":"false","Readonly":"false","Transferonly":"false","Variables":"odDeploymentName=test","Eafinishop":"","Eastartop":"","Wfvarfinishop":"","Wfvarstartop":"","ActivationCount":"0","Status":"none","Valid":"true","BackgroundColor":"#c0c0c0","TaskType":"ItsDeployTask"},"stencil":{"id":"DeployTask"},"childShapes":[],"outgoing":[{"resourceId":"oryx_AAD01DA8-F6D7-49EB-AE09-CD58E0390EA8"},{"resourceId":"oryx_A3F1CC7C-2B5B-450C-A58D-8D808F5E4459"}],"bounds":{"lowerRight":{"x":623,"y":560.5518068375998},"upperLeft":{"x":521,"y":478.5518068375998}},"dockers":[]},{"resourceId":"oryx_80B49BC1-47DD-4467-BC0D-A7BEE96A3DA4","properties":{"y":"483.6494","x":"434.0","Name":"End16","id":"End16","Brief Description":"","Eafinishop":"","Eastartop":"","Wfvarfinishop":"","Wfvarstartop":"","CSSclass":"Event"},"stencil":{"id":"End"},"childShapes":[],"outgoing":[],"bounds":{"lowerRight":{"x":428,"y":672.0690757834662},"upperLeft":{"x":394,"y":638.0690757834662}},"dockers":[]},{"resourceId":"oryx_F980C741-AF70-4F53-AF3A-A3B9C5615753","properties":{"Name":"Review Work","id":"Review Work","Type":"Default"},"stencil":{"id":"Flow"},"childShapes":[],"outgoing":[{"resourceId":"oryx_3E6443A5-BC61-48FC-9B9A-DE85578BEA4C"}],"bounds":{"lowerRight":{"x":174.8218981085272,"y":328.13108410255984},"upperLeft":{"x":50.58211719462206,"y":328.13108410255984}},"dockers":[{"x":17,"y":17},{"x":50.99999999999997,"y":41}],"target":{"resourceId":"oryx_3E6443A5-BC61-48FC-9B9A-DE85578BEA4C"}},{"resourceId":"oryx_399C4B50-8C7B-4915-806D-AD52551D657D","properties":{"Name":"Reject","id":"Reject","Type":"Failure"},"stencil":{"id":"FailureLink"},"childShapes":[],"outgoing":[{"resourceId":"oryx_9B6DFD18-FEAB-4421-A6C5-83C2F4C08E0F"}],"bounds":{"lowerRight":{"x":334.57212244993207,"y":286.7385234576704},"upperLeft":{"x":250.41157927445516,"y":231.42072273503987}},"dockers":[{"x":74.94258343400193,"y":13.603854906486845},{"x":250.41157927445516,"y":231.42072273503987},{"x":50,"y":40}],"target":{"resourceId":"oryx_9B6DFD18-FEAB-4421-A6C5-83C2F4C08E0F"}},{"resourceId":"oryx_279B1DCF-73E5-4FFE-8BA4-4F992EDB3821","properties":{"Name":"Rework","id":"Rework","Type":"Default"},"stencil":{"id":"Flow"},"childShapes":[],"outgoing":[{"resourceId":"oryx_3E6443A5-BC61-48FC-9B9A-DE85578BEA4C"}],"bounds":{"lowerRight":{"x":384.9862647863198,"y":328.13108410255984},"upperLeft":{"x":277.5643710496762,"y":273.97595613514613}},"dockers":[{"x":50,"y":40},{"x":384.9862647863198,"y":328.13108410255984},{"x":50.00000000000003,"y":41}],"target":{"resourceId":"oryx_3E6443A5-BC61-48FC-9B9A-DE85578BEA4C"}},{"resourceId":"oryx_46B03319-FC5D-42B1-A8F7-B58850BCB174","properties":{"Name":"Accept","id":"Accept","Type":"Success"},"stencil":{"id":"SuccessLink"},"childShapes":[],"outgoing":[{"resourceId":"oryx_1361176E-A041-4FFF-A554-B37A7AE2D326"}],"bounds":{"lowerRight":{"x":226.46899584045326,"y":478.128766583861},"upperLeft":{"x":224.46899584045326,"y":369.29795530448234}},"dockers":[{"x":50.00000000000003,"y":41},{"x":50,"y":40.00000000000003}],"target":{"resourceId":"oryx_1361176E-A041-4FFF-A554-B37A7AE2D326"}},{"resourceId":"oryx_EDAA68CD-668C-4AEE-8874-3895F99F865A","properties":{"Name":"Deploy","id":"Deploy","Type":"Default"},"stencil":{"id":"Flow"},"childShapes":[],"outgoing":[{"resourceId":"oryx_1FA4F138-983D-48E0-AFCF-03291DDCE11E"}],"bounds":{"lowerRight":{"x":520.0599720550656,"y":519.5518068375998},"upperLeft":{"x":277.758754270386,"y":517.5518068375998}},"dockers":[{"x":50,"y":40.00000000000003},{"x":50,"y":39.99999999999997}],"target":{"resourceId":"oryx_1FA4F138-983D-48E0-AFCF-03291DDCE11E"}},{"resourceId":"oryx_18F87933-38CA-46E7-8161-9EFAFFE3591E","properties":{"Name":"Retry","id":"Retry","Type":"Default"},"stencil":{"id":"Flow"},"childShapes":[],"outgoing":[{"resourceId":"oryx_1FA4F138-983D-48E0-AFCF-03291DDCE11E"}],"bounds":{"lowerRight":{"x":586.955260626773,"y":478.4188190764985},"upperLeft":{"x":586.955260626773,"y":369.74934929685946}},"dockers":[{"x":76.5,"y":81},{"x":65.955260626773,"y":47.85516700567274}],"target":{"resourceId":"oryx_1FA4F138-983D-48E0-AFCF-03291DDCE11E"}},{"resourceId":"oryx_AAD01DA8-F6D7-49EB-AE09-CD58E0390EA8","properties":{"Name":"Failure","id":"Flow38","Type":"Failure"},"stencil":{"id":"FailureLink"},"childShapes":[],"outgoing":[{"resourceId":"oryx_2CD936F6-68B6-4609-B1CA-4EEB8D2CC692"}],"bounds":{"lowerRight":{"x":546.5,"y":478.5518068375999},"upperLeft":{"x":546.5,"y":369.9295999107318}},"dockers":[{"x":25.5,"y":0.9999999999999993},{"x":36.044739373227,"y":58.83918984221816}],"target":{"resourceId":"oryx_2CD936F6-68B6-4609-B1CA-4EEB8D2CC692"}},{"resourceId":"oryx_A3F1CC7C-2B5B-450C-A58D-8D808F5E4459","properties":{"Name":"Success","id":"Flow39","Type":"Success"},"stencil":{"id":"SuccessLink"},"childShapes":[],"outgoing":[{"resourceId":"oryx_80B49BC1-47DD-4467-BC0D-A7BEE96A3DA4"}],"bounds":{"lowerRight":{"x":520.6873066695925,"y":641.0582608860697},"upperLeft":{"x":408.45,"y":540.9370502112349}},"dockers":[{"x":57.972061808327794,"y":62.385243373635106},{"x":408.45,"y":540.9370502112349},{"x":14.45,"y":14.45}],"target":{"resourceId":"oryx_80B49BC1-47DD-4467-BC0D-A7BEE96A3DA4"}}],"bounds":{"lowerRight":{"x":1485,"y":1350},"upperLeft":{"x":0,"y":0}},"stencilset":{"url":"/iw-wfm/editor/stencilsets/iwov_process_model/iwovprocessmodels.json","namespace":"http://autonomy.com/stencilset/iwovwfm#"},"ssextensions":[],"modelVariables":[{"TaskId":"Review","PropertyName":"NotifyReviewer","VariableId":"NotifyReviewer","VariableValue":{"value":{"id":"NotifyReviewer","isHidden":true,"description":"Notify Reviewer","isReadOnly":true,"label":"Notify Reviewer","defaultValue":"true"},"type":"$IW_CV"},"TaskType":"ReviewTask","isDeleted":""},{"TaskId":"Submit Work","PropertyName":"Override","VariableId":"ID1194939196836","VariableValue":{"value":{"id":"ID1194939196836","isHidden":false,"description":"","isReadOnly":false,"label":"Override conflicts with STAGING?","defaultValue":"false"},"type":"$IW_CV"},"TaskType":"SubmitTask","isDeleted":""},{"TaskId":"ReviewTask","PropertyName":"ReviewType","VariableId":"TypeOfReview","VariableValue":"","TaskType":"","isDeleted":""},{"TaskId":"SubmitTask","PropertyName":"SubmitInfo","VariableId":"smbtInfo","VariableValue":"","TaskType":"","isDeleted":""},{"TaskId":"Submit Work","PropertyName":"SubmitInfo","VariableId":"smbtInfo","VariableValue":{"value":{"id":"smbtInfo","isHidden":false,"description":"Enter Info","isReadOnly":false,"label":"Info","defaultValue":""},"type":"$IW_CV"},"TaskType":"SubmitTask","isDeleted":""},{"TaskId":"Submit Work","PropertyName":"SubmitComment","VariableId":"smbtComment","VariableValue":{"value":{"id":"smbtComment","isHidden":false,"description":"Enter comment","isReadOnly":false,"label":"Comment","defaultValue":""},"type":"$IW_CV"},"TaskType":"SubmitTask","isDeleted":""},{"TaskId":"Review","PropertyName":"NoOfReviewers","VariableId":"ID1158069610882","VariableValue":{"value":{"isHidden":false,"id":"ID1158069610882","users":"$IW_DS(ID1158069589445), $IW_AREAOWNER","description":"Select the reviewer","isReadOnly":false,"noOfReviewers":1,"label":"Reviewers","reviewers":"u-$IW_AREAOWNER","groups":""},"type":"$IW_REVIEWER"},"TaskType":"ReviewTask","isDeleted":""},{"TaskId":"ReviewTask","PropertyName":"NoOfReviewers","VariableId":"ID1158069610882","VariableValue":"","TaskType":"","isDeleted":""},{"TaskId":"Review","PropertyName":"Available Users","VariableId":"ID1158069589445","VariableValue":{"value":{"id":"ID1158069589445","isHidden":true,"description":"List of reviewers","isReadOnly":true,"label":"Reviewers","defaultValue":"$IW_AREAOWNER","datasource":"UserMasterPicker"},"type":"$IW_DS"},"TaskType":"ReviewTask","isDeleted":""},{"TaskId":"Review","PropertyName":"ReviewType","VariableId":"TypeOfReview","VariableValue":{"value":{"id":"TypeOfReview","isHidden":true,"description":"Select the type of review","isReadOnly":true,"label":"Review Type","defaultValue":"Concurrent"},"type":"$IW_CV"},"TaskType":"ReviewTask","isDeleted":""},{"TaskId":"ReviewTask","PropertyName":"NotifyReviewer","VariableId":"NotifyReviewer","VariableValue":"","TaskType":"","isDeleted":""},{"TaskId":"Submit Work","PropertyName":"Unlock","VariableId":"ID1194939214837","VariableValue":{"value":{"id":"ID1194939214837","isHidden":false,"description":"","isReadOnly":false,"label":"Do you want to unlock the file after submission?","defaultValue":"true"},"type":"$IW_CV"},"TaskType":"SubmitTask","isDeleted":""},{"TaskId":"SubmitTask","PropertyName":"Unlock","VariableId":"ID1194939214837","VariableValue":"","TaskType":"","isDeleted":""},{"TaskId":"SubmitTask","PropertyName":"SubmitComment","VariableId":"smbtComment","VariableValue":"","TaskType":"","isDeleted":""},{"TaskId":"SubmitTask","PropertyName":"Override","VariableId":"ID1194939196836","VariableValue":"","TaskType":"","isDeleted":""},{"TaskId":"ReviewTask","PropertyName":"Available Users","VariableId":"ID1158069589445","VariableValue":"","TaskType":"","isDeleted":""}]}