{"resourceId":"oryx-canvas123","properties":{"Owner":"$IW_USER","Priority":"2","Brief Description":"Author Submit With Email","Description":"","DueDate":"","Global Variables":"","VAVariables":"","Variables":"","PostProcessorCommand":"","PreProcessorCommand":"","Name":"Workflow Properties","id":"Workflow Properties","ActivationCount":"","Version":"1.0.0.1","Status":"","Valid":"true","File Comments":"true"},"stencil":{"id":"ModelProperties"},"childShapes":[{"resourceId":"oryx_55BAECF9-F10A-4A05-B908-8EB832DF55D0","properties":{"y":"36.649414","x":"40.0","Name":"Start1","id":"Start1","CSSclass":"Event"},"stencil":{"id":"Start"},"childShapes":[],"outgoing":[{"resourceId":"oryx_32E47BA5-E13C-45C5-AB61-9BFED86135A5"}],"bounds":{"lowerRight":{"x":642.5479629938056,"y":470.75},"upperLeft":{"x":608.5479629938056,"y":436.75}},"dockers":[]},{"resourceId":"oryx_61E88321-1FB6-4C58-A90D-521175B91388","properties":{"y":"68.75","x":"343.0","AreaVPath":"$IW_WORKAREA","Brief Description":"Author Rework","Description":"","Name":"Author Rework","id":"Author Rework","Eafinishop":"","Eastartop":"","Wfvarfinishop":"","Wfvarstartop":"","Lock":"false","Readonly":"false","Transferonly":"false","Owner":"$IW_USER","Variables":"","CSSclass":"Task","ActivationCount":"0","Status":"none","Valid":"true","BackgroundColor":"#c0c0c0","TaskType":"ItsUserTask"},"stencil":{"id":"UserTask"},"childShapes":[],"outgoing":[{"resourceId":"oryx_0C3768B2-F87A-4A1F-ADC3-B99DD8654B03"}],"bounds":{"lowerRight":{"x":1002,"y":337},"upperLeft":{"x":900,"y":255}},"dockers":[]},{"resourceId":"oryx_FF02AA37-1CB7-4D53-9E4F-3BB62E4B388B","properties":{"y":"194.75","x":"224.0","AreaVPath":"$IW_WORKAREA","Brief Description":"Review Author Work","Description":"","Name":"Review","id":"Review","CSSclass":"Task","Available Groups":"","Available Users":"$IW_AREAOWNER;$IW_DS(ID1158070285757)","NoOfReviewers":"$IW_REVIEWER(ID1158070303570)","ReturnOnFirstReject":"false","ReviewType":"Concurrent","NotifyReviewer":"true","Lock":"false","Readonly":"true","Transferonly":"false","ReviewOwner":"","Variables":"mail_template=/iwadmin/main/config/STAGING/workflow/email/reviewerNotification.xsl| ClassName=com.interwoven.ui.teamsite.workflow.task.urltask.ReviewerMailNotificationTask","Eafinishop":"","Eastartop":"","Wfvarfinishop":"","Wfvarstartop":"","ActivationCount":"0","Status":"none","Valid":"true","BackgroundColor":"#c0c0c0","TaskType":"ItsReviewTask"},"stencil":{"id":"ReviewTask"},"childShapes":[],"outgoing":[{"resourceId":"oryx_43C983B8-610E-413F-8992-4EE6C55BDBA6"},{"resourceId":"oryx_30EFF8D0-5C0A-44FD-8542-62338366716D"}],"bounds":{"lowerRight":{"x":824,"y":494.75},"upperLeft":{"x":722,"y":412.75}},"dockers":[]},{"resourceId":"oryx_F4665F5F-0192-42EF-9227-7048781E4C2D","properties":{"y":"273.75","x":"523.0","AreaVPath":"$IW_WORKAREA","Brief Description":"Submit Author Work","Description":"","Name":"Submit","id":"Submit","CSSclass":"Task","Owner":"$IW_AREAOWNER","SubmitComment":"$IW_CV(smbtComment)","SubmitInfo":"$IW_CV(smbtInfo)","Override":"$IW_CV(ID1194939346075)","Save Comments":"false","Skip Conflicts":"false","Skip Locked":"false","Unlock":"$IW_CV(ID1194939356825)","Variables":"","Eafinishop":"","Eastartop":"","Wfvarfinishop":"","Wfvarstartop":"","ActivationCount":"0","Status":"none","Valid":"true","BackgroundColor":"#c0c0c0","TaskType":"ItsSubmitTask"},"stencil":{"id":"SubmitTask"},"childShapes":[],"outgoing":[{"resourceId":"oryx_C01A34E1-D97A-474A-BE6C-775689A4B72D"}],"bounds":{"lowerRight":{"x":1123,"y":573.75},"upperLeft":{"x":1021,"y":491.75}},"dockers":[]},{"resourceId":"oryx_0DABB3F5-0B4F-48CF-9C60-DA5DABCE921C","properties":{"y":"153.64941","x":"623.0","Name":"End10","id":"End10","Brief Description":"","Eafinishop":"","Eastartop":"","Wfvarfinishop":"","Wfvarstartop":"","CSSclass":"Event"},"stencil":{"id":"End"},"childShapes":[],"outgoing":[],"bounds":{"lowerRight":{"x":1200.3835957381275,"y":401.66439430875755},"upperLeft":{"x":1166.3835957381275,"y":367.66439430875755}},"dockers":[]},{"resourceId":"oryx_32E47BA5-E13C-45C5-AB61-9BFED86135A5","properties":{"Name":"Flow4","id":"Flow4","Type":"Default"},"stencil":{"id":"Flow"},"childShapes":[],"outgoing":[{"resourceId":"oryx_FF02AA37-1CB7-4D53-9E4F-3BB62E4B388B"}],"bounds":{"lowerRight":{"x":721.5268138102288,"y":452.8862089581463},"upperLeft":{"x":642.623071209638,"y":451.53586135435376}},"dockers":[{"x":14.45,"y":14.45},{"x":50,"y":41}],"target":{"resourceId":"oryx_FF02AA37-1CB7-4D53-9E4F-3BB62E4B388B"}},{"resourceId":"oryx_30EFF8D0-5C0A-44FD-8542-62338366716D","properties":{"Name":"Accept","id":"Accept","Type":"Success"},"stencil":{"id":"SuccessLink"},"childShapes":[],"outgoing":[{"resourceId":"oryx_F4665F5F-0192-42EF-9227-7048781E4C2D"}],"bounds":{"lowerRight":{"x":1071,"y":491.21875},"upperLeft":{"x":824.96875,"y":474.25}},"dockers":[{"x":101,"y":61.5},{"x":1071,"y":474.25},{"x":50,"y":40}],"target":{"resourceId":"oryx_F4665F5F-0192-42EF-9227-7048781E4C2D"}},{"resourceId":"oryx_43C983B8-610E-413F-8992-4EE6C55BDBA6","properties":{"Name":"Reject","id":"Reject","Type":"Failure"},"stencil":{"id":"FailureLink"},"childShapes":[],"outgoing":[{"resourceId":"oryx_61E88321-1FB6-4C58-A90D-521175B91388"}],"bounds":{"lowerRight":{"x":950,"y":441.1847315600571},"upperLeft":{"x":824.7830954127414,"y":337.11445575126606}},"dockers":[{"x":78.40959456324913,"y":28.434731560057116},{"x":950,"y":441.1847315600571},{"x":50,"y":40}],"target":{"resourceId":"oryx_61E88321-1FB6-4C58-A90D-521175B91388"}},{"resourceId":"oryx_0C3768B2-F87A-4A1F-ADC3-B99DD8654B03","properties":{"Name":"Review Rework","id":"Review Rework","Type":"Default"},"stencil":{"id":"Flow"},"childShapes":[],"outgoing":[{"resourceId":"oryx_FF02AA37-1CB7-4D53-9E4F-3BB62E4B388B"}],"bounds":{"lowerRight":{"x":899.6328125,"y":411.822265625},"upperLeft":{"x":772,"y":295}},"dockers":[{"x":50,"y":40},{"x":701,"y":391},{"x":50,"y":41}],"target":{"resourceId":"oryx_FF02AA37-1CB7-4D53-9E4F-3BB62E4B388B"}},{"resourceId":"oryx_C01A34E1-D97A-474A-BE6C-775689A4B72D","properties":{"Name":"Done","id":"Done","Type":"Default"},"stencil":{"id":"Flow"},"childShapes":[],"outgoing":[{"resourceId":"oryx_0DABB3F5-0B4F-48CF-9C60-DA5DABCE921C"}],"bounds":{"lowerRight":{"x":1180.8335957381275,"y":525.5872564109629},"upperLeft":{"x":1123.6914746564285,"y":402.1693838067067}},"dockers":[{"x":69.07516283010978,"y":33.83725641096294},{"x":1180.8335957381275,"y":525.5872564109628},{"x":14.45,"y":14.45}],"target":{"resourceId":"oryx_0DABB3F5-0B4F-48CF-9C60-DA5DABCE921C"}}],"bounds":{"lowerRight":{"x":2085,"y":1650},"upperLeft":{"x":0,"y":0}},"stencilset":{"url":"/iw-wfm/editor/stencilsets/iwov_process_model/iwovprocessmodels.json","namespace":"http://autonomy.com/stencilset/iwovwfm#"},"ssextensions":[],"modelVariables":[{"TaskId":"SubmitTask","PropertyName":"Unlock","VariableId":"ID1194939356825","VariableValue":"","TaskType":"","isDeleted":""},{"TaskId":"Submit","PropertyName":"SubmitComment","VariableId":"smbtComment","VariableValue":{"value":{"id":"smbtComment","isHidden":false,"description":"Submit Comment","isReadOnly":false,"label":"Comment","defaultValue":""},"type":"$IW_CV"},"TaskType":"SubmitTask","isDeleted":""},{"TaskId":"ReviewTask","PropertyName":"Available Users","VariableId":"ID1158070285757","VariableValue":"","TaskType":"","isDeleted":""},{"TaskId":"Review","PropertyName":"NoOfReviewers","VariableId":"ID1158070303570","VariableValue":{"value":{"isHidden":false,"id":"ID1158070303570","users":"$IW_AREAOWNER, $IW_DS(ID1158070285757)","description":"Select the reviewer","isReadOnly":false,"noOfReviewers":1,"label":"Reviewers","reviewers":"u-$IW_AREAOWNER","groups":""},"type":"$IW_REVIEWER"},"TaskType":"ReviewTask","isDeleted":""},{"TaskId":"Submit","PropertyName":"Override","VariableId":"ID1194939346075","VariableValue":{"value":{"id":"ID1194939346075","isHidden":false,"description":"","isReadOnly":false,"label":"Override conflicts with STAGING?","defaultValue":"false"},"type":"$IW_CV"},"TaskType":"SubmitTask","isDeleted":""},{"TaskId":"Review","PropertyName":"Available Users","VariableId":"ID1158070285757","VariableValue":{"value":{"id":"ID1158070285757","isHidden":true,"description":"Reviewers list","isReadOnly":true,"label":"Reviewers","defaultValue":"$IW_AREAOWNER","datasource":"UserMasterPicker"},"type":"$IW_DS"},"TaskType":"ReviewTask","isDeleted":""},{"TaskId":"SubmitTask","PropertyName":"Override","VariableId":"ID1194939346075","VariableValue":"","TaskType":"","isDeleted":""},{"TaskId":"ReviewTask","PropertyName":"NoOfReviewers","VariableId":"ID1158070303570","VariableValue":"","TaskType":"","isDeleted":""},{"TaskId":"SubmitTask","PropertyName":"SubmitInfo","VariableId":"smbtInfo","VariableValue":"","TaskType":"","isDeleted":""},{"TaskId":"SubmitTask","PropertyName":"SubmitComment","VariableId":"smbtComment","VariableValue":"","TaskType":"","isDeleted":""},{"TaskId":"Submit","PropertyName":"Unlock","VariableId":"ID1194939356825","VariableValue":{"value":{"id":"ID1194939356825","isHidden":false,"description":"","isReadOnly":false,"label":"Do you want to unlock the file after submission?","defaultValue":"true"},"type":"$IW_CV"},"TaskType":"SubmitTask","isDeleted":""},{"TaskId":"Submit","PropertyName":"SubmitInfo","VariableId":"smbtInfo","VariableValue":{"value":{"id":"smbtInfo","isHidden":false,"description":"Submit Info","isReadOnly":false,"label":"Info","defaultValue":""},"type":"$IW_CV"},"TaskType":"SubmitTask","isDeleted":""}]}