<available_models
	xmlns="http://www.interwoven.com/modeler/schema/subscription10">

	<model debug="false" active="true" filename="Delete_Workflow"
		name="Delete Workflow">
		<allowed>
			<and>
				<or>
					<command name="new_job" />
					<command name="submit" />
				</or>
				<or>
					<vpath-regex regex="^/default/main/deere/.*" />
				</or>
			</and>
		</allowed>
	</model>

	<model debug="false" active="true" filename="Content_Publish_Workflow"
		name="Content Publish Workflow">
		<allowed>
			<and>
				<or>
					<command name="new_job" />
					<command name="submit" />
				</or>
				<or>
					<vpath-regex regex="^/default/main/deere/.*" />
				</or>
			</and>
		</allowed>
	</model>

	<model debug="false" active="true" filename="Syndication" name="Syndication">
		<allowed>
			<and>
				<or>
					<command name="submit" />
				</or>
				<or>
					<vpath-regex regex="^/default/main/deere/.*" />
				</or>
			</and>
		</allowed>
	</model>

	<model debug="false" active="true" filename="Deere_JSON_Generate"
		name="POST to Akeneo">
		<allowed>
			<and>
				<or>
					<command name="new_job" />
				</or>
				<or>
					<vpath-regex regex="^/default/main/deere/.*/" />
				</or>
			</and>
		</allowed>
	</model>
</available_models>