{"resourceId":"oryx-canvas123","properties":{"Owner":"$IW_USER","Priority":"2","Brief Description":"","Description":"A workflow for publishing content to Campaign channels.","DueDate":"","Global Variables":"$IW_SCRIPT(ReviewFlagIsTrue)|$IW_SCRIPT(ReviewFlagIsFalse)|$IW_CV(EmailFlag)|$IW_SCRIPT(EmailFlagIsTrue)|$IW_SCRIPT(EmailFlagIsFalse)|$IW_CV(ReviewFlag)","VAVariables":"","Variables":"EmailFlag=$IW_CV(EmailFlag)","PostProcessorCommand":"","PreProcessorCommand":"","Name":"Campaign Orchestration","id":"Workflow Properties1","ActivationCount":"","Version":"1.0.0.1","Status":"","Valid":"true","File Comments":"true"},"stencil":{"id":"ModelProperties"},"childShapes":[{"resourceId":"oryx_672E0031-09FC-48BA-AA08-4796F237D435","properties":{"Name":"Start Syndication","id":"Start Syndication","CSSclass":"Event"},"stencil":{"id":"Start"},"childShapes":[],"outgoing":[{"resourceId":"oryx_345D85F1-B903-4FB2-9148-EEB73A9E435E"}],"bounds":{"lowerRight":{"x":64,"y":79},"upperLeft":{"x":30,"y":45}},"dockers":[]},{"resourceId":"oryx_BB9417B0-5D9A-429D-A6A7-06D523B76F74","properties":{"Name":"End Syndication","id":"End Syndication","Brief Description":"","Eafinishop":"","Eastartop":"","Wfvarfinishop":"","Wfvarstartop":"","CSSclass":"Event"},"stencil":{"id":"End"},"childShapes":[],"outgoing":[],"bounds":{"lowerRight":{"x":724,"y":387},"upperLeft":{"x":690,"y":353}},"dockers":[]},{"resourceId":"oryx_D382C646-5B64-4472-8019-0EB1E233CF67","properties":{"AreaVPath":"$IW_WORKAREA","Brief Description":"","Description":"Validate files before publishing to channel.","Name":"Validate Assets","id":"Validate Assets","CSSclass":"Task","Owner":"$IW_USER","URI":"http://$IW_SERVER:$IW_PORT/iw-cc/urlexternaltask","Retry":"true","Lock":"false","Readonly":"false","Transferonly":"false","Variables":"ClassName=com.interwoven.ui.teamsite.ecmconnector.campaign.tasks.ValidateFilesTask|iw_success_transition=Validate Success|iw_failure_transition=Validate Failure","Eafinishop":"","Eastartop":"","Wfvarfinishop":"","Wfvarstartop":"","ActivationCount":"0","Status":"none","Valid":"none","BackgroundColor":"#c0c0c0","TaskType":"ItsURLTask"},"stencil":{"id":"URLTask"},"childShapes":[],"outgoing":[{"resourceId":"oryx_77137B33-E24A-48DE-88C7-1A5B60CBAE5B"},{"resourceId":"oryx_03854B6E-2885-4DF2-9554-766BEF2777D6"}],"bounds":{"lowerRight":{"x":331,"y":116},"upperLeft":{"x":231,"y":36}},"dockers":[]},{"resourceId":"oryx_345D85F1-B903-4FB2-9148-EEB73A9E435E","properties":{"Name":"Start Validate Assets","id":"Flow4","Type":"Default"},"stencil":{"id":"Flow"},"childShapes":[],"outgoing":[{"resourceId":"oryx_D382C646-5B64-4472-8019-0EB1E233CF67"}],"bounds":{"lowerRight":{"x":230.2821451991707,"y":63},"upperLeft":{"x":64.26018928227978,"y":61}},"dockers":[{"x":17,"y":17},{"x":47.25602534797895,"y":26}],"target":{"resourceId":"oryx_D382C646-5B64-4472-8019-0EB1E233CF67"}},{"resourceId":"oryx_58C66DA9-A8E7-493B-8DB0-BC4A61517229","properties":{"AreaVPath":"$IW_WORKAREA","Brief Description":"","Description":"","Name":"Resolve Validation Error","id":"Resolve Validation Error","Eafinishop":"","Eastartop":"","Wfvarfinishop":"","Wfvarstartop":"","Lock":"false","Readonly":"false","Transferonly":"false","Owner":"$IW_USER","Variables":"","CSSclass":"Task","ActivationCount":"0","Status":"none","Valid":"none","BackgroundColor":"#c0c0c0","TaskType":"ItsUserTask"},"stencil":{"id":"UserTask"},"childShapes":[],"outgoing":[{"resourceId":"oryx_6D223463-3DCD-4BA4-9C27-6F7D47D95480"},{"resourceId":"oryx_8D9CC3BC-3B19-491A-A016-DF99CF0CEF7F"}],"bounds":{"lowerRight":{"x":515,"y":244},"upperLeft":{"x":415,"y":164}},"dockers":[]},{"resourceId":"oryx_77137B33-E24A-48DE-88C7-1A5B60CBAE5B","properties":{"Name":"Validate Failure","id":"Flow6","Type":"Default"},"stencil":{"id":"Flow"},"childShapes":[],"outgoing":[{"resourceId":"oryx_58C66DA9-A8E7-493B-8DB0-BC4A61517229"}],"bounds":{"lowerRight":{"x":440,"y":164},"upperLeft":{"x":331.859375,"y":96}},"dockers":[{"x":99,"y":60},{"x":440,"y":96},{"x":25,"y":1}],"target":{"resourceId":"oryx_58C66DA9-A8E7-493B-8DB0-BC4A61517229"}},{"resourceId":"oryx_8D9CC3BC-3B19-491A-A016-DF99CF0CEF7F","properties":{"Name":"Retry Validate Assets","id":"Flow7","Type":"Default"},"stencil":{"id":"Flow"},"childShapes":[],"outgoing":[{"resourceId":"oryx_D382C646-5B64-4472-8019-0EB1E233CF67"}],"bounds":{"lowerRight":{"x":490,"y":164},"upperLeft":{"x":331.625,"y":56}},"dockers":[{"x":75,"y":1},{"x":490,"y":56},{"x":99,"y":20}],"target":{"resourceId":"oryx_D382C646-5B64-4472-8019-0EB1E233CF67"}},{"resourceId":"oryx_9139DC9D-A369-4292-9BE9-0FFD0CECC8CA","properties":{"AreaVPath":"$IW_WORKAREA","Brief Description":"","Description":"Syndicate content to selected channels","Name":"Channel Content Syndication","id":"Channel Content Syndication","CSSclass":"Task","Owner":"$IW_USER","URI":"http://$IW_SERVER:$IW_PORT/iw-cc/urlexternaltask","Retry":"true","Lock":"false","Readonly":"false","Transferonly":"false","Variables":"ClassName=com.interwoven.ui.teamsite.ecmconnector.campaign.tasks.CampaignChannelContentSyndicationTask|iw_success_transition=Syndication Success|iw_failure_transition=Syndication Failure|iw_nocontent_transition=Nothing to Syndicate","Eafinishop":"","Eastartop":"","Wfvarfinishop":"","Wfvarstartop":"","ActivationCount":"0","Status":"none","Valid":"none","BackgroundColor":"#c0c0c0","TaskType":"ItsURLTask"},"stencil":{"id":"URLTask"},"childShapes":[],"outgoing":[{"resourceId":"oryx_52899499-82C9-4C66-8E2D-4EDA7B79ED23"},{"resourceId":"oryx_6670879C-8EB6-4633-9875-08971C5CF7AE"},{"resourceId":"oryx_653864F8-C8B1-4659-8B23-B2575B43958A"}],"bounds":{"lowerRight":{"x":178,"y":440},"upperLeft":{"x":78,"y":360}},"dockers":[]},{"resourceId":"oryx_03854B6E-2885-4DF2-9554-766BEF2777D6","properties":{"Name":"Validate Success","id":"Flow9","Type":"Default"},"stencil":{"id":"Flow"},"childShapes":[],"outgoing":[{"resourceId":"oryx_C6AF8028-96DE-46C6-8826-BFDA81BDB135"}],"bounds":{"lowerRight":{"x":231,"y":150.681640625},"upperLeft":{"x":130,"y":96}},"dockers":[{"x":1,"y":60},{"x":130,"y":96},{"x":22,"y":14.53125}],"target":{"resourceId":"oryx_C6AF8028-96DE-46C6-8826-BFDA81BDB135"}},{"resourceId":"oryx_2E0B47FF-1A70-496D-8112-6596F7EC163B","properties":{"AreaVPath":"$IW_WORKAREA","Brief Description":"","Description":"","Name":"Resolve Syndication Error","id":"Resolve Syndication Error","Eafinishop":"","Eastartop":"","Wfvarfinishop":"","Wfvarstartop":"","Lock":"false","Readonly":"false","Transferonly":"false","Owner":"$IW_USER","Variables":"","CSSclass":"Task","ActivationCount":"0","Status":"none","Valid":"none","BackgroundColor":"#c0c0c0","TaskType":"ItsUserTask"},"stencil":{"id":"UserTask"},"childShapes":[],"outgoing":[{"resourceId":"oryx_8A888F87-8F9D-4EA7-9B32-A4051425B982"},{"resourceId":"oryx_0321BAF3-2FC2-4408-981D-D5B41CC8F520"}],"bounds":{"lowerRight":{"x":490,"y":440},"upperLeft":{"x":390,"y":360}},"dockers":[]},{"resourceId":"oryx_6670879C-8EB6-4633-9875-08971C5CF7AE","properties":{"Name":"Syndication Failure","id":"Flow11","Type":"Default"},"stencil":{"id":"Flow"},"childShapes":[],"outgoing":[{"resourceId":"oryx_2E0B47FF-1A70-496D-8112-6596F7EC163B"}],"bounds":{"lowerRight":{"x":390,"y":421},"upperLeft":{"x":178.8359375,"y":419}},"dockers":[{"x":99,"y":60},{"x":1,"y":60}],"target":{"resourceId":"oryx_2E0B47FF-1A70-496D-8112-6596F7EC163B"}},{"resourceId":"oryx_4B77C68F-7256-4034-A1DC-843D311A395A","properties":{"AreaVPath":"$IW_WORKAREA","Brief Description":"","Description":"Submits all files to the STAGING area.","Name":"Submit Assets","id":"Submit Assets","CSSclass":"Task","Owner":"$IW_USER","SubmitComment":"","SubmitInfo":"","Override":"true","Save Comments":"true","Skip Conflicts":"false","Skip Locked":"false","Unlock":"true","Variables":"","Eafinishop":"","Eastartop":"","Wfvarfinishop":"","Wfvarstartop":"","ActivationCount":"0","Status":"none","Valid":"none","BackgroundColor":"#c0c0c0","TaskType":"ItsSubmitTask"},"stencil":{"id":"SubmitTask"},"childShapes":[],"outgoing":[{"resourceId":"oryx_4EA5FC1C-6E27-4FA5-8E1A-6315E9C7A21A"}],"bounds":{"lowerRight":{"x":280,"y":557},"upperLeft":{"x":180,"y":477}},"dockers":[]},{"resourceId":"oryx_52899499-82C9-4C66-8E2D-4EDA7B79ED23","properties":{"Name":"Syndication Success","id":"Flow13","Type":"Default"},"stencil":{"id":"Flow"},"childShapes":[],"outgoing":[{"resourceId":"oryx_4B77C68F-7256-4034-A1DC-843D311A395A"}],"bounds":{"lowerRight":{"x":179.59375,"y":517},"upperLeft":{"x":128,"y":440.3046875}},"dockers":[{"x":50,"y":40},{"x":128,"y":517},{"x":50,"y":40}],"target":{"resourceId":"oryx_4B77C68F-7256-4034-A1DC-843D311A395A"}},{"resourceId":"oryx_8A888F87-8F9D-4EA7-9B32-A4051425B982","properties":{"Name":"Retry Content Syndication","id":"Flow14","Type":"Default"},"stencil":{"id":"Flow"},"childShapes":[],"outgoing":[{"resourceId":"oryx_9139DC9D-A369-4292-9BE9-0FFD0CECC8CA"}],"bounds":{"lowerRight":{"x":390,"y":381},"upperLeft":{"x":178.8359375,"y":379}},"dockers":[{"x":1,"y":20},{"x":99,"y":20}],"target":{"resourceId":"oryx_9139DC9D-A369-4292-9BE9-0FFD0CECC8CA"}},{"resourceId":"oryx_3DFE30BA-ED7F-46B5-888F-61BDD40D97D5","properties":{"AreaVPath":"$IW_WORKAREA","Brief Description":"","Description":"Sends a notification to all job participants that the job is complete.","Name":"Job Complete Notification","id":"Job Complete Notification","CSSclass":"Task","Owner":"$IW_USER","URI":"http://$IW_SERVER:$IW_PORT/iw-cc/urlexternaltask","Retry":"true","Lock":"false","Readonly":"false","Transferonly":"false","Variables":"mail_template=/iwadmin/main/config/STAGING/workflow/email/CampaignSyndicationResults.xsl|ClassName=com.interwoven.ui.teamsite.ecmconnector.campaign.tasks.CampaignSyndicationResultsEmailTask|default_sender=noreply@opentext.com|recipients=$IW_USER","Eafinishop":"","Eastartop":"","Wfvarfinishop":"","Wfvarstartop":"","ActivationCount":"0","Status":"none","Valid":"none","BackgroundColor":"#c0c0c0","TaskType":"ItsURLTask"},"stencil":{"id":"URLTask"},"childShapes":[],"outgoing":[{"resourceId":"oryx_1764E8B8-86F4-4932-A828-C368A818B4FF"},{"resourceId":"oryx_A6472693-CD61-4683-A9CD-39479CFB19B9"}],"bounds":{"lowerRight":{"x":805,"y":605},"upperLeft":{"x":705,"y":525}},"dockers":[]},{"resourceId":"oryx_4EA5FC1C-6E27-4FA5-8E1A-6315E9C7A21A","properties":{"Name":"Submit Success","id":"Flow17","Type":"Default"},"stencil":{"id":"Flow"},"childShapes":[],"outgoing":[{"resourceId":"oryx_C5093364-D8C0-4535-B6F8-7073C578E1C3"}],"bounds":{"lowerRight":{"x":405.0429745741288,"y":517.4301808005943},"upperLeft":{"x":280.5722598008712,"y":517.0053660744057}},"dockers":[{"x":99,"y":40},{"x":20.5,"y":20.5}],"target":{"resourceId":"oryx_C5093364-D8C0-4535-B6F8-7073C578E1C3"}},{"resourceId":"oryx_0321BAF3-2FC2-4408-981D-D5B41CC8F520","properties":{"Name":"End Campaign Workflow","id":"Flow18","Type":"Default"},"stencil":{"id":"Flow"},"childShapes":[],"outgoing":[{"resourceId":"oryx_BB9417B0-5D9A-429D-A6A7-06D523B76F74"}],"bounds":{"lowerRight":{"x":689.3638248443604,"y":371},"upperLeft":{"x":490.6899620294571,"y":369}},"dockers":[{"x":50.821197509765625,"y":10},{"x":17,"y":17}],"target":{"resourceId":"oryx_BB9417B0-5D9A-429D-A6A7-06D523B76F74"}},{"resourceId":"oryx_6D223463-3DCD-4BA4-9C27-6F7D47D95480","properties":{"Name":"End Campaign Workflow","id":"Flow19","Type":"Default"},"stencil":{"id":"Flow"},"childShapes":[],"outgoing":[{"resourceId":"oryx_BB9417B0-5D9A-429D-A6A7-06D523B76F74"}],"bounds":{"lowerRight":{"x":707,"y":352.140625},"upperLeft":{"x":515.75390625,"y":204}},"dockers":[{"x":99,"y":40},{"x":707,"y":204},{"x":17,"y":17}],"target":{"resourceId":"oryx_BB9417B0-5D9A-429D-A6A7-06D523B76F74"}},{"resourceId":"oryx_A6472693-CD61-4683-A9CD-39479CFB19B9","properties":{"Name":"Timeout","id":"Flow20","Type":"Timeout","Timeout Duration":"+000030"},"stencil":{"id":"TimeoutLink"},"childShapes":[],"outgoing":[{"resourceId":"oryx_BB9417B0-5D9A-429D-A6A7-06D523B76F74"}],"bounds":{"lowerRight":{"x":780,"y":525},"upperLeft":{"x":724.5390625,"y":370}},"dockers":[{"x":75,"y":1},{"x":780,"y":370},{"x":17,"y":17}],"target":{"resourceId":"oryx_BB9417B0-5D9A-429D-A6A7-06D523B76F74"}},{"resourceId":"oryx_1764E8B8-86F4-4932-A828-C368A818B4FF","properties":{"Name":"Email Done","id":"Flow21","Type":"Default"},"stencil":{"id":"Flow"},"childShapes":[],"outgoing":[{"resourceId":"oryx_BB9417B0-5D9A-429D-A6A7-06D523B76F74"}],"bounds":{"lowerRight":{"x":730,"y":525},"upperLeft":{"x":706.1727610545297,"y":387.069060436101}},"dockers":[{"x":25,"y":1},{"x":730,"y":418},{"x":6,"y":20.863457466501984}],"target":{"resourceId":"oryx_BB9417B0-5D9A-429D-A6A7-06D523B76F74"}},{"resourceId":"oryx_B18D28D6-115C-4222-9A43-6AE300FF5137","properties":{"AreaVPath":"$IW_WORKAREA","Brief Description":"","Description":"Review task to confirm the assets.","Name":"Review Assets","id":"Review Assets","CSSclass":"Task","Available Groups":"","Available Users":"$IW_AREAOWNER;$IW_DS(ReviewerDS)","NoOfReviewers":"$IW_REVIEWER(Reviewers)","ReturnOnFirstReject":"true","ReviewType":"Serial","NotifyReviewer":"true","Lock":"false","Readonly":"true","Transferonly":"false","ReviewOwner":"","Variables":"ClassName=com.interwoven.ui.teamsite.workflow.task.urltask.ReviewerMailNotificationTask|mail_template=/iwadmin/main/config/STAGING/workflow/email/reviewerNotification.xsl","Eafinishop":"","Eastartop":"","Wfvarfinishop":"","Wfvarstartop":"","ActivationCount":"0","Status":"none","Valid":"none","BackgroundColor":"#c0c0c0","TaskType":"ItsReviewTask"},"stencil":{"id":"ReviewTask"},"childShapes":[],"outgoing":[{"resourceId":"oryx_84D42C49-E5B1-4672-AEE5-A0E05BFE9E39"},{"resourceId":"oryx_A5399771-461C-48C9-A1CF-84CF1C8490CC"}],"bounds":{"lowerRight":{"x":325,"y":290},"upperLeft":{"x":225,"y":210}},"dockers":[]},{"resourceId":"oryx_A5399771-461C-48C9-A1CF-84CF1C8490CC","properties":{"Name":"Approve","id":"Flow24","Type":"Success"},"stencil":{"id":"SuccessLink"},"childShapes":[],"outgoing":[{"resourceId":"oryx_9139DC9D-A369-4292-9BE9-0FFD0CECC8CA"}],"bounds":{"lowerRight":{"x":224.42968753931405,"y":360},"upperLeft":{"x":153,"y":269.9795302861486}},"dockers":[{"x":1,"y":60},{"x":153,"y":269.9795302861486},{"x":75,"y":1}],"target":{"resourceId":"oryx_9139DC9D-A369-4292-9BE9-0FFD0CECC8CA"}},{"resourceId":"oryx_84D42C49-E5B1-4672-AEE5-A0E05BFE9E39","properties":{"Name":"Reject","id":"Flow25","Type":"Failure"},"stencil":{"id":"FailureLink"},"childShapes":[],"outgoing":[{"resourceId":"oryx_BB9417B0-5D9A-429D-A6A7-06D523B76F74"}],"bounds":{"lowerRight":{"x":699.7539693917679,"y":354.24775954732144},"upperLeft":{"x":325.658203125,"y":270}},"dockers":[{"x":99,"y":60},{"x":661,"y":270},{"x":17,"y":17}],"target":{"resourceId":"oryx_BB9417B0-5D9A-429D-A6A7-06D523B76F74"}},{"resourceId":"oryx_C6AF8028-96DE-46C6-8826-BFDA81BDB135","properties":{"Name":"ReviewRequired","id":"ReviewRequired","GatewayType":"OR"},"stencil":{"id":"OR"},"childShapes":[],"outgoing":[{"resourceId":"oryx_135FBDEA-A9D3-41C6-8DE9-3431B5A4D902"},{"resourceId":"oryx_1350BA5F-55B9-4AAE-BCDD-2D6329CFFE46"}],"bounds":{"lowerRight":{"x":148,"y":190},"upperLeft":{"x":108,"y":150}},"dockers":[]},{"resourceId":"oryx_135FBDEA-A9D3-41C6-8DE9-3431B5A4D902","properties":{"Name":"Do Review","id":"Flow28","Type":"Conditional","Expression":"$IW_SCRIPT(ReviewFlagIsTrue)"},"stencil":{"id":"ConditionalLink"},"childShapes":[],"outgoing":[{"resourceId":"oryx_B18D28D6-115C-4222-9A43-6AE300FF5137"}],"bounds":{"lowerRight":{"x":275,"y":210},"upperLeft":{"x":148.95703125,"y":170.5}},"dockers":[{"x":20.5,"y":20.5},{"x":275,"y":170.5},{"x":50,"y":1}],"target":{"resourceId":"oryx_B18D28D6-115C-4222-9A43-6AE300FF5137"}},{"resourceId":"oryx_1350BA5F-55B9-4AAE-BCDD-2D6329CFFE46","properties":{"Name":"No Review","id":"Flow29","Type":"Conditional","Expression":"$IW_SCRIPT(ReviewFlagIsFalse)"},"stencil":{"id":"ConditionalLink"},"childShapes":[],"outgoing":[{"resourceId":"oryx_9139DC9D-A369-4292-9BE9-0FFD0CECC8CA"}],"bounds":{"lowerRight":{"x":128.4465940871245,"y":359.25586281943356},"upperLeft":{"x":128.0045777878755,"y":190.84765280556647}},"dockers":[{"x":20.5,"y":20.5},{"x":50,"y":1}],"target":{"resourceId":"oryx_9139DC9D-A369-4292-9BE9-0FFD0CECC8CA"}},{"resourceId":"oryx_C5093364-D8C0-4535-B6F8-7073C578E1C3","properties":{"Name":"EmailRequired","id":"EmailRequired","GatewayType":"OR"},"stencil":{"id":"OR"},"childShapes":[],"outgoing":[{"resourceId":"oryx_0F9454F0-9E1C-4F00-A5D6-F81EA382D94F"},{"resourceId":"oryx_D59029B4-4052-476C-8679-BD5F2DDC6AE5"}],"bounds":{"lowerRight":{"x":445,"y":537},"upperLeft":{"x":405,"y":497}},"dockers":[]},{"resourceId":"oryx_0F9454F0-9E1C-4F00-A5D6-F81EA382D94F","properties":{"Name":"Send Email","id":"Flow31","Type":"Conditional","Expression":"$IW_SCRIPT(EmailFlagIsTrue)"},"stencil":{"id":"ConditionalLink"},"childShapes":[],"outgoing":[{"resourceId":"oryx_3DFE30BA-ED7F-46B5-888F-61BDD40D97D5"}],"bounds":{"lowerRight":{"x":704.4661853511221,"y":564.7402631165002},"upperLeft":{"x":442.9215099613779,"y":520.4501665709998}},"dockers":[{"x":20.5,"y":20.5},{"x":1,"y":40}],"target":{"resourceId":"oryx_3DFE30BA-ED7F-46B5-888F-61BDD40D97D5"}},{"resourceId":"oryx_D59029B4-4052-476C-8679-BD5F2DDC6AE5","properties":{"Name":"No Email","id":"Flow33","Type":"Conditional","Expression":"$IW_SCRIPT(EmailFlagIsFalse)"},"stencil":{"id":"ConditionalLink"},"childShapes":[],"outgoing":[{"resourceId":"oryx_816AB4B3-8072-4C81-ADB8-13D5729E8015"}],"bounds":{"lowerRight":{"x":539.1591744826773,"y":511.8421712111583},"upperLeft":{"x":440.8759817673227,"y":475.6773600388417}},"dockers":[{"x":20.5,"y":20.5},{"x":1,"y":40}],"target":{"resourceId":"oryx_816AB4B3-8072-4C81-ADB8-13D5729E8015"}},{"resourceId":"oryx_816AB4B3-8072-4C81-ADB8-13D5729E8015","properties":{"Brief Description":"","Description":"Dummy Task to take in the conditional link of \"No Email\"","Name":"No Email Task","id":"No Email Task","Variables":"","Eafinishop":"","Eastartop":"","Wfvarfinishop":"","Wfvarstartop":"","ActivationCount":"0","Status":"none","Valid":"none","BackgroundColor":"#c0c0c0","TaskType":"ItsDummyTask","CSSclass":"Task"},"stencil":{"id":"DummyTask"},"childShapes":[],"outgoing":[{"resourceId":"oryx_B5FE8FE5-C905-4A72-B45B-3FD8F62A5F4F"}],"bounds":{"lowerRight":{"x":640,"y":515},"upperLeft":{"x":540,"y":435}},"dockers":[]},{"resourceId":"oryx_B5FE8FE5-C905-4A72-B45B-3FD8F62A5F4F","properties":{"Name":"End Job","id":"Flow36","Type":"Timeout","Timeout Duration":"+000000"},"stencil":{"id":"TimeoutLink"},"childShapes":[],"outgoing":[{"resourceId":"oryx_BB9417B0-5D9A-429D-A6A7-06D523B76F74"}],"bounds":{"lowerRight":{"x":691.1166028387893,"y":434.80507596732457},"upperLeft":{"x":567.5708971612107,"y":377.38242403267543}},"dockers":[{"x":25,"y":1},{"x":17,"y":17}],"target":{"resourceId":"oryx_BB9417B0-5D9A-429D-A6A7-06D523B76F74"}},{"resourceId":"oryx_653864F8-C8B1-4659-8B23-B2575B43958A","properties":{"Name":"Nothing to Syndicate","id":"Flow38","Type":"Default"},"stencil":{"id":"Flow"},"childShapes":[],"outgoing":[{"resourceId":"oryx_C5093364-D8C0-4535-B6F8-7073C578E1C3"}],"bounds":{"lowerRight":{"x":417.8224055002876,"y":504.40292702990234},"upperLeft":{"x":160.744015448956,"y":440.097330124346}},"dockers":[{"x":75,"y":79},{"x":400,"y":474},{"x":20.5,"y":20.5}],"target":{"resourceId":"oryx_C5093364-D8C0-4535-B6F8-7073C578E1C3"}}],"bounds":{"lowerRight":{"x":1485,"y":1050},"upperLeft":{"x":0,"y":0}},"stencilset":{"url":"/iw-wfm/editor/stencilsets/iwov_process_model/iwovprocessmodels.json","namespace":"http://autonomy.com/stencilset/iwovwfm#"},"ssextensions":[],"modelVariables":[{"TaskId":"Flow28","PropertyName":"Expression","VariableId":"ReviewFlagIsTrue","VariableValue":"","TaskType":"ConditionalLink","isDeleted":""},{"TaskId":"Flow31","PropertyName":"Expression","VariableId":"EmailFlagIsTrue","VariableValue":"","TaskType":"ConditionalLink","isDeleted":""},{"TaskId":"Flow32","PropertyName":"Expression","VariableId":"EmailFlagIsFalse","VariableValue":"","TaskType":"ConditionalLink","isDeleted":""},{"TaskId":"Flow33","PropertyName":"Expression","VariableId":"EmailFlagIsFalse","VariableValue":"","TaskType":"ConditionalLink","isDeleted":""},{"TaskId":"Flow29","PropertyName":"Expression","VariableId":"ReviewFlagIsFalse","VariableValue":"","TaskType":"ConditionalLink","isDeleted":""},{"TaskId":"Review Assets","PropertyName":"NoOfReviewers","VariableId":"Reviewers","VariableValue":{"type":"$IW_REVIEWER","value":{"id":"Reviewers","label":"Reviewers","noOfReviewers":1,"description":"Select a reviewer","isHidden":false,"isReadOnly":false,"reviewers":"u-$IW_AREAOWNER","users":"$IW_AREAOWNER,$IW_DS(ReviewerDS)","groups":""}},"TaskType":"ReviewTask","isDeleted":""},{"TaskId":"Review Assets","PropertyName":"Available Users","VariableId":"ReviewerDS","VariableValue":{"type":"$IW_DS","value":{"id":"ReviewerDS","label":"ReviewerDS","datasource":"LiveSite Reviewers","defaultValue":"","description":"Campaign Syndication Reviewer","isHidden":true,"isReadOnly":true}},"TaskType":"ReviewTask"},{"TaskId":"Workflow Properties1","PropertyName":"Global Variables","VariableId":"ReviewFlagIsTrue","VariableValue":{"type":"$IW_SCRIPT","value":{"id":"ReviewFlagIsTrue","code":"\"$IW_CV(ReviewFlag)\" == \"true\" ? \"true\" : \"false\""}},"TaskType":"ModelProperties"},{"TaskId":"Workflow Properties1","PropertyName":"Global Variables","VariableId":"ReviewFlagIsFalse","VariableValue":{"type":"$IW_SCRIPT","value":{"id":"ReviewFlagIsFalse","code":"\"$IW_CV(ReviewFlag)\" != \"true\" ? \"true\" : \"false\""}},"TaskType":"ModelProperties"},{"TaskId":"Workflow Properties1","PropertyName":"Global Variables","VariableId":"EmailFlag","VariableValue":{"type":"$IW_CV","value":{"id":"EmailFlag","label":"Email Syndication Result?","defaultValue":"false","description":"Send email of the syndication push.","isHidden":false,"isReadOnly":false}},"TaskType":"ModelProperties"},{"TaskId":"Workflow Properties1","PropertyName":"Global Variables","VariableId":"EmailFlagIsTrue","VariableValue":{"type":"$IW_SCRIPT","value":{"id":"EmailFlagIsTrue","code":"\"$IW_CV(EmailFlag)\" == \"true\" ? \"true\" : \"false\""}},"TaskType":"ModelProperties"},{"TaskId":"Workflow Properties1","PropertyName":"Global Variables","VariableId":"EmailFlagIsFalse","VariableValue":{"type":"$IW_SCRIPT","value":{"id":"EmailFlagIsFalse","code":"\"$IW_CV(EmailFlag)\" != \"true\" ? \"true\" : \"false\""}},"TaskType":"ModelProperties"},{"TaskId":"Workflow Properties1","PropertyName":"Global Variables","VariableId":"ReviewFlag","VariableValue":{"type":"$IW_CV","value":{"id":"ReviewFlag","label":"Enable Review?","defaultValue":"false","description":"Enable review for this content syndication.","isHidden":false,"isReadOnly":false}},"TaskType":"ModelProperties"},{"TaskId":"Workflow Properties1","PropertyName":"Variables","VariableId":"EmailFlag","VariableValue":"","TaskType":"ModelProperties"}]}