{"resourceId":"oryx-canvas123","properties":{"Owner":"$IW_USER","Priority":"2","Brief Description":"","Description":"$IW_CV(JobDescription)","DueDate":"","Global Variables":"$IW_CV(ExternalURLTask)|$IW_CV(DisableGlobalBlacklist)|$IW_CV(sitesFolderPath)|$IW_CV(CBYOServiceEndpoint)|$IW_CV(TargetNodes)|$IW_CV(ProductionFlag)|$IW_CV(PreviewFlag)|$IW_CV(PreviewURL)|$IW_CV(ProductionURL)","VAVariables":"","Variables":"","PostProcessorCommand":"","PreProcessorCommand":"","Name":"CBYO Mass Publish Workflow","id":"Workflow Properties1","ActivationCount":"","Version":"1.0.0.1","Status":"","Valid":"true","File Comments":"true"},"stencil":{"id":"ModelProperties"},"childShapes":[{"resourceId":"oryx_2C74774F-5912-4BC9-88D0-10A0DB0A2782","properties":{"Name":"Start","id":"Start","CSSclass":"Event"},"stencil":{"id":"Start"},"childShapes":[],"outgoing":[{"resourceId":"oryx_545622E9-19BB-40AC-A8EE-7138DA0DD8A8"}],"bounds":{"lowerRight":{"x":49,"y":402},"upperLeft":{"x":15,"y":368}},"dockers":[]},{"resourceId":"oryx_545622E9-19BB-40AC-A8EE-7138DA0DD8A8","properties":{"Name":"Start Lock Files","id":"Flow3","Type":"Default"},"stencil":{"id":"Flow"},"childShapes":[],"outgoing":[{"resourceId":"oryx_7C8E01D3-9701-48A1-B223-B28D282C721E"}],"bounds":{"lowerRight":{"x":164.70062255859375,"y":386},"upperLeft":{"x":49.540283203125,"y":384}},"dockers":[{"x":17,"y":17},{"x":43.4296875,"y":40}],"target":{"resourceId":"oryx_7C8E01D3-9701-48A1-B223-B28D282C721E"}},{"resourceId":"oryx_A993DD98-9864-4E6B-BC77-3523BC1C5C2C","properties":{"Name":"End","id":"End","Brief Description":"","Eafinishop":"","Eastartop":"","Wfvarfinishop":"","Wfvarstartop":"","CSSclass":"Event"},"stencil":{"id":"End"},"childShapes":[],"outgoing":[],"bounds":{"lowerRight":{"x":1564,"y":319},"upperLeft":{"x":1530,"y":285}},"dockers":[]},{"resourceId":"oryx_EBB4061E-A5BC-4FC5-9C75-1BBF2457E398","properties":{"AreaVPath":"$IW_WORKAREA","Brief Description":"","Description":"CBYO Taxonomy Preview Update Task","Name":"CBYO Taxonomy Preview Update Task","id":"CBYO Taxonomy Preview Update Task","CSSclass":"Task","Owner":"$IW_USER","URI":"$IW_CV(ExternalURLTask)","Retry":"true","Lock":"false","Readonly":"false","Transferonly":"false","Variables":"ImmediateTransition=true|ClassName=com.deere.livesite.authoring.workflow.acpw.task.TaxonomyUpdateTask|serverName=preview","Eafinishop":"","Eastartop":"","Wfvarfinishop":"","Wfvarstartop":"","ActivationCount":"0","Status":"none","Valid":"none","BackgroundColor":"#c0c0c0","TaskType":"ItsURLTask"},"stencil":{"id":"URLTask"},"childShapes":[],"outgoing":[{"resourceId":"oryx_2CDE149D-270C-4E03-B80B-C9A4EF7A3C9C"},{"resourceId":"oryx_BB08401D-C0DB-498C-9210-1BA0C4846F8F"}],"bounds":{"lowerRight":{"x":520,"y":350},"upperLeft":{"x":420,"y":270}},"dockers":[]},{"resourceId":"oryx_2CDE149D-270C-4E03-B80B-C9A4EF7A3C9C","properties":{"Name":"CBYO Taxonomy Update Success","id":"Flow9","Type":"Default"},"stencil":{"id":"Flow"},"childShapes":[],"outgoing":[{"resourceId":"oryx_A27422D8-6472-45C2-9074-35734DA10E85"}],"bounds":{"lowerRight":{"x":740.3763022937819,"y":317.70752638019883},"upperLeft":{"x":520.48046875,"y":310}},"dockers":[{"x":50,"y":40},{"x":589.5,"y":310},{"x":28.5,"y":34.1953125}],"target":{"resourceId":"oryx_A27422D8-6472-45C2-9074-35734DA10E85"}},{"resourceId":"oryx_BB08401D-C0DB-498C-9210-1BA0C4846F8F","properties":{"Name":"CBYO Taxonomy Update Not Required","id":"Flow1","Type":"Default"},"stencil":{"id":"Flow"},"childShapes":[],"outgoing":[{"resourceId":"oryx_A993DD98-9864-4E6B-BC77-3523BC1C5C2C"}],"bounds":{"lowerRight":{"x":1547,"y":284.53125},"upperLeft":{"x":470,"y":234}},"dockers":[{"x":50,"y":40},{"x":470,"y":234},{"x":1547,"y":234},{"x":17,"y":17}],"target":{"resourceId":"oryx_A993DD98-9864-4E6B-BC77-3523BC1C5C2C"}},{"resourceId":"oryx_A27422D8-6472-45C2-9074-35734DA10E85","properties":{"AreaVPath":"$IW_WORKAREA","Brief Description":"","Description":"Deploys the CBYO Taxonomy Data to Preview","Name":"CBYO Preview Deployment","id":"CBYO Preview Deployment","CSSclass":"Task","Owner":"$IW_USER","DeployCommand":"http://$IW_SERVER/iw-cc/urlexternaltask","OD Variables":"","Retry":"false","Lock":"false","Readonly":"false","Transferonly":"false","Variables":"odDeploymentName=custom_taxonomy_dd_preview|odSubst_iwdd=CustomTaxonomyData|odSubst_area=$IW_WORKAREA|odSubst_user=$IW_USER|odDeploymentInst=_$IW_USER","Eafinishop":"","Eastartop":"","Wfvarfinishop":"","Wfvarstartop":"","ActivationCount":"0","Status":"none","Valid":"none","BackgroundColor":"#c0c0c0","TaskType":"ItsDeployTask"},"stencil":{"id":"DeployTask"},"childShapes":[],"outgoing":[{"resourceId":"oryx_8E9E089C-9323-416C-978A-2C31F1C13777"},{"resourceId":"oryx_74CCDF2C-CB81-46CB-9DF2-530BE00C8085"}],"bounds":{"lowerRight":{"x":841,"y":365},"upperLeft":{"x":741,"y":285}},"dockers":[]},{"resourceId":"oryx_8E9E089C-9323-416C-978A-2C31F1C13777","properties":{"Name":"CBYO Data Preview Deployment Failure","id":"Flow4","Type":"Failure"},"stencil":{"id":"FailureLink"},"childShapes":[],"outgoing":[{"resourceId":"oryx_A993DD98-9864-4E6B-BC77-3523BC1C5C2C"}],"bounds":{"lowerRight":{"x":1529.5810546875,"y":325},"upperLeft":{"x":841.5751953125,"y":302}},"dockers":[{"x":50,"y":40},{"x":1181.5,"y":325},{"x":1181.5,"y":302},{"x":17,"y":17}],"target":{"resourceId":"oryx_A993DD98-9864-4E6B-BC77-3523BC1C5C2C"}},{"resourceId":"oryx_421082F5-FF7F-4077-9930-11A3EE81BCFA","properties":{"AreaVPath":"$IW_WORKAREA","Brief Description":"","Description":"Updated the CBYO Preview database","Name":"CBYO Preview Update Task","id":"CBYO Preview Update Task","CSSclass":"Task","Owner":"$IW_USER","URI":"$IW_CV(ExternalURLTask)","Retry":"true","Lock":"false","Readonly":"false","Transferonly":"false","Variables":"ClassName=com.deere.livesite.authoring.workflow.acpw.task.CBYOUpdateTask|serverName=preview|CBYOServiceEndpoint=$IW_CV(CBYOServiceEndpoint)|ImmediateTransition=true|WebURL=$IW_CV(PreviewURL)","Eafinishop":"","Eastartop":"","Wfvarfinishop":"","Wfvarstartop":"","ActivationCount":"0","Status":"none","Valid":"none","BackgroundColor":"#c0c0c0","TaskType":"ItsURLTask"},"stencil":{"id":"URLTask"},"childShapes":[],"outgoing":[{"resourceId":"oryx_98C1A000-B075-46E4-8111-D343C8A1BE5B"}],"bounds":{"lowerRight":{"x":841,"y":695},"upperLeft":{"x":741,"y":615}},"dockers":[]},{"resourceId":"oryx_74CCDF2C-CB81-46CB-9DF2-530BE00C8085","properties":{"Name":"CBYO Preview Data Deployment Success","id":"Flow7","Type":"Success"},"stencil":{"id":"SuccessLink"},"childShapes":[],"outgoing":[{"resourceId":"oryx_421082F5-FF7F-4077-9930-11A3EE81BCFA"}],"bounds":{"lowerRight":{"x":792,"y":614.0390625},"upperLeft":{"x":790,"y":365.9609375}},"dockers":[{"x":50,"y":40},{"x":50,"y":40}],"target":{"resourceId":"oryx_421082F5-FF7F-4077-9930-11A3EE81BCFA"}},{"resourceId":"oryx_98C1A000-B075-46E4-8111-D343C8A1BE5B","properties":{"Name":"CBYO Update Success","id":"Flow8","Type":"Default"},"stencil":{"id":"Flow"},"childShapes":[],"outgoing":[{"resourceId":"oryx_A993DD98-9864-4E6B-BC77-3523BC1C5C2C"}],"bounds":{"lowerRight":{"x":1530.153154502222,"y":655},"upperLeft":{"x":841.40625,"y":307.05884379668356}},"dockers":[{"x":50,"y":40},{"x":893,"y":655},{"x":893,"y":565},{"x":25,"y":12}],"target":{"resourceId":"oryx_A993DD98-9864-4E6B-BC77-3523BC1C5C2C"}},{"resourceId":"oryx_F12AC11C-49F9-41B1-876B-66B8E480B1B0","properties":{"AreaVPath":"$IW_WORKAREA","Brief Description":"","Description":"Updates the Prod CBYO Databse","Name":"CBYO Prod Deployment","id":"CBYO Prod Deployment","CSSclass":"Task","Owner":"$IW_USER","DeployCommand":"http://$IW_SERVER/iw-cc/urlexternaltask","OD Variables":"","Retry":"false","Lock":"false","Readonly":"false","Transferonly":"false","Variables":"odDeploymentName=custom_taxonomy_dd_prod|odSubst_iwdd=CustomTaxonomyData|odSubst_area=$IW_WORKAREA|odSubst_user=$IW_USER|odDeploymentInst=_$IW_USER","Eafinishop":"","Eastartop":"","Wfvarfinishop":"","Wfvarstartop":"","ActivationCount":"0","Status":"none","Valid":"none","BackgroundColor":"#c0c0c0","TaskType":"ItsDeployTask"},"stencil":{"id":"DeployTask"},"childShapes":[],"outgoing":[{"resourceId":"oryx_2240448B-E5FB-401F-8FEF-7AD1DC47832E"},{"resourceId":"oryx_9742EE2B-0438-4C4E-939E-47A8E3B3EE03"}],"bounds":{"lowerRight":{"x":1195,"y":605},"upperLeft":{"x":1095,"y":525}},"dockers":[]},{"resourceId":"oryx_2240448B-E5FB-401F-8FEF-7AD1DC47832E","properties":{"Name":"CBYO Prod Data Deployment Success","id":"Flow15","Type":"Success"},"stencil":{"id":"SuccessLink"},"childShapes":[],"outgoing":[{"resourceId":"oryx_DD4334A4-B49D-49CF-9ED9-B462BD963EEA"}],"bounds":{"lowerRight":{"x":1362.796875,"y":566},"upperLeft":{"x":1195.203125,"y":564}},"dockers":[{"x":50,"y":40},{"x":50,"y":40}],"target":{"resourceId":"oryx_DD4334A4-B49D-49CF-9ED9-B462BD963EEA"}},{"resourceId":"oryx_9742EE2B-0438-4C4E-939E-47A8E3B3EE03","properties":{"Name":"CBYO Prod Data Deployment Failure","id":"Flow16","Type":"Failure"},"stencil":{"id":"FailureLink"},"childShapes":[],"outgoing":[{"resourceId":"oryx_A993DD98-9864-4E6B-BC77-3523BC1C5C2C"}],"bounds":{"lowerRight":{"x":1529.51171875,"y":524.9609375},"upperLeft":{"x":1145,"y":302}},"dockers":[{"x":50,"y":40},{"x":1145,"y":302},{"x":17,"y":17}],"target":{"resourceId":"oryx_A993DD98-9864-4E6B-BC77-3523BC1C5C2C"}},{"resourceId":"oryx_DD4334A4-B49D-49CF-9ED9-B462BD963EEA","properties":{"AreaVPath":"$IW_WORKAREA","Brief Description":"","Description":"Updates the Prod CBYO Databse","Name":"CBYO Prod Update Task","id":"CBYO Prod Update Task","CSSclass":"Task","Owner":"$IW_USER","URI":"$IW_CV(ExternalURLTask)","Retry":"true","Lock":"false","Readonly":"false","Transferonly":"false","Variables":"serverName=prod|ClassName=com.deere.livesite.authoring.workflow.acpw.task.CBYOUpdateTask|CBYOServiceEndpoint=$IW_CV(CBYOServiceEndpoint)|WebURL=$IW_CV(ProductionURL)","Eafinishop":"","Eastartop":"","Wfvarfinishop":"","Wfvarstartop":"","ActivationCount":"0","Status":"none","Valid":"none","BackgroundColor":"#c0c0c0","TaskType":"ItsURLTask"},"stencil":{"id":"URLTask"},"childShapes":[],"outgoing":[{"resourceId":"oryx_047E8C1B-A1D1-4AB0-B36A-3916ABA2C31A"}],"bounds":{"lowerRight":{"x":1463,"y":605},"upperLeft":{"x":1363,"y":525}},"dockers":[]},{"resourceId":"oryx_047E8C1B-A1D1-4AB0-B36A-3916ABA2C31A","properties":{"Name":"CBYO Update Success","id":"Flow2","Type":"Default"},"stencil":{"id":"Flow"},"childShapes":[],"outgoing":[{"resourceId":"oryx_A993DD98-9864-4E6B-BC77-3523BC1C5C2C"}],"bounds":{"lowerRight":{"x":1547,"y":565},"upperLeft":{"x":1463.203125,"y":319.4375}},"dockers":[{"x":50,"y":40},{"x":1547,"y":565},{"x":17,"y":17}],"target":{"resourceId":"oryx_A993DD98-9864-4E6B-BC77-3523BC1C5C2C"}},{"resourceId":"oryx_AA84851F-2FDC-4A2F-A721-15E4E6358EDC","properties":{"Name":"Check Target Nodes","id":"Check Target Nodes","GatewayType":"OR"},"stencil":{"id":"OR"},"childShapes":[],"outgoing":[{"resourceId":"oryx_01ACC91E-3915-425B-8141-AF21DC44C18A"},{"resourceId":"oryx_87EB06BE-4049-4432-839B-B84FDDB01C54"}],"bounds":{"lowerRight":{"x":385,"y":430},"upperLeft":{"x":345,"y":390}},"dockers":[]},{"resourceId":"oryx_87EB06BE-4049-4432-839B-B84FDDB01C54","properties":{"Name":"Preview","id":"Flow10","Type":"Conditional","Expression":"$IW_CV(PreviewFlag)"},"stencil":{"id":"ConditionalLink"},"childShapes":[],"outgoing":[{"resourceId":"oryx_EBB4061E-A5BC-4FC5-9C75-1BBF2457E398"}],"bounds":{"lowerRight":{"x":419.3785273335398,"y":389.4609375},"upperLeft":{"x":365.5,"y":320.7581740666607}},"dockers":[{"x":20.5,"y":20.5},{"x":365.5,"y":325},{"x":34.412109375,"y":48}],"target":{"resourceId":"oryx_EBB4061E-A5BC-4FC5-9C75-1BBF2457E398"}},{"resourceId":"oryx_01ACC91E-3915-425B-8141-AF21DC44C18A","properties":{"Name":"Production","id":"Flow11","Type":"Conditional","Expression":"$IW_CV(ProductionFlag)"},"stencil":{"id":"ConditionalLink"},"childShapes":[],"outgoing":[{"resourceId":"oryx_BC4D0E84-1E12-45C4-A2FC-F61347E0D657"}],"bounds":{"lowerRight":{"x":479.521484375,"y":565},"upperLeft":{"x":365.5,"y":430.8125}},"dockers":[{"x":20.5,"y":20.5},{"x":365.5,"y":565},{"x":50,"y":40}],"target":{"resourceId":"oryx_BC4D0E84-1E12-45C4-A2FC-F61347E0D657"}},{"resourceId":"oryx_7C8E01D3-9701-48A1-B223-B28D282C721E","properties":{"AreaVPath":"$IW_WORKAREA","Brief Description":"","Description":"Attach Pages","Name":"Attach Pages","id":"Attach Pages","CSSclass":"Task","Owner":"$IW_USER","URI":"$IW_CV(ExternalURLTask)","Retry":"true","Lock":"false","Readonly":"false","Transferonly":"false","Variables":"ClassName=com.deere.livesite.authoring.workflow.acpw.task.AttachPagesTask|allowedFolders=$IW_CV(allowedFolders)|allowedFiles=$IW_CV(allowedFiles)","Eafinishop":"","Eastartop":"","Wfvarfinishop":"","Wfvarstartop":"","ActivationCount":"0","Status":"none","Valid":"none","BackgroundColor":"#c0c0c0","TaskType":"ItsURLTask"},"stencil":{"id":"URLTask"},"childShapes":[],"outgoing":[{"resourceId":"oryx_A315A882-EE41-44C7-8114-B7793C9C16FD"},{"resourceId":"oryx_D622BF65-725A-4F8B-8AEE-5AFE91E97710"}],"bounds":{"lowerRight":{"x":265,"y":425},"upperLeft":{"x":165,"y":345}},"dockers":[]},{"resourceId":"oryx_A315A882-EE41-44C7-8114-B7793C9C16FD","properties":{"Name":"Attach Pages Success","id":"Flow12","Type":"Default"},"stencil":{"id":"Flow"},"childShapes":[],"outgoing":[{"resourceId":"oryx_AA84851F-2FDC-4A2F-A721-15E4E6358EDC"}],"bounds":{"lowerRight":{"x":353.83838001949096,"y":401.02207864459126},"upperLeft":{"x":265.48120005863404,"y":390.82557760540874}},"dockers":[{"x":50,"y":40},{"x":17.3125,"y":12}],"target":{"resourceId":"oryx_AA84851F-2FDC-4A2F-A721-15E4E6358EDC"}},{"resourceId":"oryx_D622BF65-725A-4F8B-8AEE-5AFE91E97710","properties":{"Name":"Attach Pages Failure","id":"Flow13","Type":"Default"},"stencil":{"id":"Flow"},"childShapes":[],"outgoing":[{"resourceId":"oryx_A993DD98-9864-4E6B-BC77-3523BC1C5C2C"}],"bounds":{"lowerRight":{"x":1547,"y":344.609375},"upperLeft":{"x":200,"y":181}},"dockers":[{"x":35,"y":51},{"x":200,"y":181},{"x":1547,"y":181},{"x":17,"y":17}],"target":{"resourceId":"oryx_A993DD98-9864-4E6B-BC77-3523BC1C5C2C"}},{"resourceId":"oryx_BC4D0E84-1E12-45C4-A2FC-F61347E0D657","properties":{"AreaVPath":"$IW_WORKAREA","Brief Description":"","Description":"CBYO Taxonomy Prod Update Task","Name":"CBYO Taxonomy Prod Update Task","id":"CBYO Taxonomy Prod Update Task","CSSclass":"Task","Owner":"$IW_USER","URI":"$IW_CV(ExternalURLTask)","Retry":"true","Lock":"false","Readonly":"false","Transferonly":"false","Variables":"ImmediateTransition=true|ClassName=com.deere.livesite.authoring.workflow.acpw.task.TaxonomyUpdateTask|serverName=prod","Eafinishop":"","Eastartop":"","Wfvarfinishop":"","Wfvarstartop":"","ActivationCount":"0","Status":"none","Valid":"none","BackgroundColor":"#c0c0c0","TaskType":"ItsURLTask"},"stencil":{"id":"URLTask"},"childShapes":[],"outgoing":[{"resourceId":"oryx_6377D353-7724-44A3-B174-7B23CE05966D"},{"resourceId":"oryx_4AD92C57-2982-41DE-B464-2E21A71A07AE"}],"bounds":{"lowerRight":{"x":580,"y":605},"upperLeft":{"x":480,"y":525}},"dockers":[]},{"resourceId":"oryx_6377D353-7724-44A3-B174-7B23CE05966D","properties":{"Name":"CBYO Taxonomy Update Success","id":"Flow5","Type":"Default"},"stencil":{"id":"Flow"},"childShapes":[],"outgoing":[{"resourceId":"oryx_F12AC11C-49F9-41B1-876B-66B8E480B1B0"}],"bounds":{"lowerRight":{"x":1094.751953125,"y":566},"upperLeft":{"x":580.248046875,"y":564}},"dockers":[{"x":50,"y":40},{"x":50,"y":40}],"target":{"resourceId":"oryx_F12AC11C-49F9-41B1-876B-66B8E480B1B0"}},{"resourceId":"oryx_4AD92C57-2982-41DE-B464-2E21A71A07AE","properties":{"Name":"CBYO Taxonomy Update Not Required","id":"Flow6","Type":"Default"},"stencil":{"id":"Flow"},"childShapes":[],"outgoing":[{"resourceId":"oryx_A993DD98-9864-4E6B-BC77-3523BC1C5C2C"}],"bounds":{"lowerRight":{"x":1577,"y":524.4263016409559},"upperLeft":{"x":500,"y":264}},"dockers":[{"x":47,"y":25},{"x":500,"y":264},{"x":1577,"y":264},{"x":17,"y":17}],"target":{"resourceId":"oryx_A993DD98-9864-4E6B-BC77-3523BC1C5C2C"}}],"bounds":{"lowerRight":{"x":1664,"y":1050},"upperLeft":{"x":0,"y":0}},"stencilset":{"url":"/iw-wfm/editor/stencilsets/iwov_process_model/iwovprocessmodels.json","namespace":"http://autonomy.com/stencilset/iwovwfm#"},"ssextensions":[],"modelVariables":[{"TaskId":"CBYO Prod Update Task","PropertyName":"URI","VariableId":"ExternalURLTask","VariableValue":"","TaskType":"URLTask","isDeleted":""},{"TaskId":"CBYO Prod Update Task","PropertyName":"Variables","VariableId":"CBYOServiceEndpoint","VariableValue":"","TaskType":"URLTask","isDeleted":""},{"TaskId":"Flow2","PropertyName":"Expression","VariableId":"PreviewIsTrue","VariableValue":{"type":"$IW_SCRIPT","value":{"id":"PreviewIsTrue","code":"\"$IW_CV(Preview)\" == \"true\" ? \"true\" : \"false\""}},"TaskType":"ConditionalLink","isDeleted":""},{"TaskId":"CBYO Prod Update Task","PropertyName":"URI","VariableId":"ExternalURLTask","VariableValue":"","TaskType":"URLTask","isDeleted":""},{"TaskId":"CBYO Prod Update Task","PropertyName":"Variables","VariableId":"CBYOServiceEndpoint","VariableValue":"","TaskType":"URLTask","isDeleted":""},{"TaskId":"Workflow Properties1","PropertyName":"Description","VariableId":"JobDescription","VariableValue":{"type":"$IW_CV","value":{"id":"JobDescription","label":"Job Description","defaultValue":"CBYO Mass Publish Workflow","description":"","isHidden":false,"isReadOnly":false}},"TaskType":"ModelProperties","isDeleted":""},{"TaskId":"Flow11","PropertyName":"Expression","VariableId":"ProductionFlag","VariableValue":{"type":"$IW_CV","value":{"id":"ProductionFlag","label":"Production Flag","defaultValue":"","description":"This represents the production flag","isHidden":true,"isReadOnly":true}},"TaskType":"ConditionalLink","isDeleted":""},{"TaskId":"Flow10","PropertyName":"Expression","VariableId":"PreviewFlag","VariableValue":"","TaskType":"ConditionalLink","isDeleted":""},{"TaskId":"CBYO Taxonomy Preview Update Task","PropertyName":"URI","VariableId":"ExternalURLTask","VariableValue":"","TaskType":"URLTask","isDeleted":""},{"TaskId":"Attach Pages","PropertyName":"URI","VariableId":"ExternalURLTask","VariableValue":"","TaskType":"URLTask","isDeleted":""},{"TaskId":"Attach Pages","PropertyName":"Variables","VariableId":"allowedFolders","VariableValue":{"type":"$IW_CV","value":{"id":"allowedFolders","label":"Allowed Folders","defaultValue":"website/products","description":"This represents the folder names  with comma separated values that allows to attach the files","isHidden":true,"isReadOnly":true}},"TaskType":"URLTask","isDeleted":""},{"TaskId":"Attach Pages","PropertyName":"Variables","VariableId":"allowedFiles","VariableValue":{"type":"$IW_CV","value":{"id":"allowedFiles","label":"Allowed Files","defaultValue":"index","description":"This represents the file names with comma separated values that allows to attach files","isHidden":true,"isReadOnly":true}},"TaskType":"URLTask","isDeleted":""},{"TaskId":"Workflow Properties1","PropertyName":"Global Variables","VariableId":"ExternalURLTask","VariableValue":{"type":"$IW_CV","value":{"id":"ExternalURLTask","label":"External URL Task","defaultValue":"http://localhost:8080/iw-cc/urlexternaltask","description":"","isHidden":true,"isReadOnly":true}},"TaskType":"ModelProperties"},{"TaskId":"Workflow Properties1","PropertyName":"Global Variables","VariableId":"DisableGlobalBlacklist","VariableValue":{"type":"$IW_CV","value":{"id":"DisableGlobalBlacklist","label":"DisableGlobalBlacklist","defaultValue":"","description":"","isHidden":true,"isReadOnly":true}},"TaskType":"ModelProperties"},{"TaskId":"Workflow Properties1","PropertyName":"Global Variables","VariableId":"sitesFolderPath","VariableValue":{"type":"$IW_CV","value":{"id":"sitesFolderPath","label":"Sites Folder Path","defaultValue":"sites","description":"This is the folder path which needs to be removed from the path of the json and html files deployed to web server.","isHidden":true,"isReadOnly":true}},"TaskType":"ModelProperties"},{"TaskId":"Workflow Properties1","PropertyName":"Global Variables","VariableId":"CBYOServiceEndpoint","VariableValue":{"type":"$IW_CV","value":{"id":"CBYOServiceEndpoint","label":"CBYO Service Endpoint","defaultValue":"http://dce-tsapi-devl.tal.deere.com/tscapi/cbyo/updateDB","description":"The CBYO service end point","isHidden":true,"isReadOnly":true}},"TaskType":"ModelProperties"},{"TaskId":"Workflow Properties1","PropertyName":"Global Variables","VariableId":"TargetNodes","VariableValue":{"type":"$IW_CV","value":{"id":"TargetNodes","label":"TargetNodes","defaultValue":"","description":"","isHidden":false,"isReadOnly":false}},"TaskType":"ModelProperties"},{"TaskId":"Workflow Properties1","PropertyName":"Global Variables","VariableId":"PreviewFlag","VariableValue":{"type":"$IW_CV","value":{"id":"PreviewFlag","label":"Preview Flag","defaultValue":"","description":"","isHidden":true,"isReadOnly":true}},"TaskType":"ModelProperties"},{"TaskId":"Workflow Properties1","PropertyName":"Global Variables","VariableId":"PreviewURL","VariableValue":{"type":"$IW_CV","value":{"id":"PreviewURL","label":"Preview URL","defaultValue":"https://us-previewqa.deere.com","description":"This represents the target preview URL","isHidden":true,"isReadOnly":true}},"TaskType":"ModelProperties"},{"TaskId":"Workflow Properties1","PropertyName":"Global Variables","VariableId":"ProductionURL","VariableValue":{"type":"$IW_CV","value":{"id":"ProductionURL","label":"Production URL","defaultValue":"https://us-wwwqa.deere.com","description":"This represents the target production URL","isHidden":true,"isReadOnly":true}},"TaskType":"ModelProperties"},{"TaskId":"CBYO Preview Update Task","PropertyName":"Variables","VariableId":"PreviewURL","VariableValue":"","TaskType":"URLTask"},{"TaskId":"CBYO Prod Update Task","PropertyName":"Variables","VariableId":"ProductionURL","VariableValue":"","TaskType":"URLTask"}]}