{"resourceId":"oryx-canvas123","properties":{"Owner":"$IW_USER","Priority":"2","Brief Description":"Configurable Default Submit","Description":"","DueDate":"$IW_USER","Global Variables":"$IW_CV(includeDeploy)|$IW_CV(nofityDeployFailure)","VAVariables":"","Variables":"","PostProcessorCommand":"","PreProcessorCommand":"","Name":"Workflow Properties","id":"Workflow Properties","ActivationCount":"","Version":"1.0.0.1","Status":"","Valid":"true","File Comments":"true"},"stencil":{"id":"ModelProperties"},"childShapes":[{"resourceId":"oryx_19B7BD3A-4390-47EE-8629-EBC75298FA4B","properties":{"y":"107.649414","x":"62.0","Name":"Start1","id":"Start1","CSSclass":"Event"},"stencil":{"id":"Start"},"childShapes":[],"outgoing":[{"resourceId":"oryx_F29D7282-1120-4EE8-9A2D-4759E6770587"}],"bounds":{"lowerRight":{"x":139,"y":181.75},"upperLeft":{"x":105,"y":147.75}},"dockers":[]},{"resourceId":"oryx_2702F36B-3FD7-4FC5-B008-809D609E2601","properties":{"y":"405.75","x":"717.0","AreaVPath":"$IW_WORKAREA","Brief Description":"Resolve deploy Problems","Description":"","Name":"Resolve Deploy Problems","id":"Resolve Deploy Problems","Eafinishop":"","Eastartop":"","Wfvarfinishop":"","Wfvarstartop":"","Lock":"false","Readonly":"false","Transferonly":"false","Owner":"$IW_USER","Variables":"","CSSclass":"Task","ActivationCount":"0","Status":"none","Valid":"true","BackgroundColor":"#c0c0c0","TaskType":"ItsUserTask"},"stencil":{"id":"UserTask"},"childShapes":[],"outgoing":[{"resourceId":"oryx_D137BCC0-B2E5-41EB-8EB6-63E9C159DB4A"},{"resourceId":"oryx_67CD0CF3-CB44-498C-B436-B9BC155A826F"}],"bounds":{"lowerRight":{"x":732,"y":405.75},"upperLeft":{"x":630,"y":323.75}},"dockers":[]},{"resourceId":"oryx_9F6E238F-0091-4A89-9935-B711D54AA436","properties":{"y":"138.75","x":"728.0","AreaVPath":"$IW_WORKAREA","Brief Description":"Notify Deploy Failure","Description":"","Name":"Notify Deploy","id":"Notify Deploy","CSSclass":"Task","Owner":"$IW_USER","EMailCommand":"$IW_HOME/iw-perl/bin/iwperl $IW_HOME/local/config/wft/solutions/iw_solution_email.ipl -t \"Resolve Deploy Problems\"","Retry":"true","Lock":"false","Readonly":"false","Transferonly":"false","Variables":"target_task_name=Resolve Deploy Problems|mail_template=/iwadmin/main/config/STAGING/workflow/email/reviewerNotification.xsl|ClassName=com.interwoven.ui.teamsite.workflow.task.urltask.ReviewerMailNotificationTask","Eafinishop":"","Eastartop":"","Wfvarfinishop":"","Wfvarstartop":"","ActivationCount":"0","Status":"none","Valid":"true","BackgroundColor":"#c0c0c0","TaskType":"ItsEmailTask"},"stencil":{"id":"EmailTask"},"childShapes":[],"outgoing":[{"resourceId":"oryx_BA0DA35C-E214-46D0-AFD4-B91E5A1AC78B"}],"bounds":{"lowerRight":{"x":728,"y":138.75},"upperLeft":{"x":626,"y":56.75}},"dockers":[]},{"resourceId":"oryx_E095A74D-13D5-4E20-BE75-BD6A5777C4D3","properties":{"y":"214.75","x":"409.0","AreaVPath":"$IW_WORKAREA","Brief Description":"Submit Files","Description":"","Name":"Submit","id":"Submit","CSSclass":"Task","Owner":"$IW_USER","SubmitComment":"$IW_CV(smbtComment)","SubmitInfo":"$IW_CV(smbtInfo)","Override":"$IW_CV(ID1194940555684)","Save Comments":"false","Skip Conflicts":"false","Skip Locked":"false","Unlock":"$IW_CV(ID1194940568825)","Variables":"","Eafinishop":"","Eastartop":"","Wfvarfinishop":"","Wfvarstartop":"","ActivationCount":"0","Status":"none","Valid":"true","BackgroundColor":"#c0c0c0","TaskType":"ItsSubmitTask"},"stencil":{"id":"SubmitTask"},"childShapes":[],"outgoing":[{"resourceId":"oryx_9E4C123B-FC8A-4DE4-9588-A495B2CFA3CA"},{"resourceId":"oryx_99A99D4B-A8B5-4353-8FE5-214EC844B77C"}],"bounds":{"lowerRight":{"x":387,"y":205.75},"upperLeft":{"x":285,"y":123.75}},"dockers":[]},{"resourceId":"oryx_70EF93D1-30D1-4CAC-97E5-0D36885DB40A","properties":{"y":"329.75","x":"497.0","AreaVPath":"$IW_WORKAREA","Brief Description":"","Description":"","Name":"DeployTask","id":"DeployTask","CSSclass":"Task","Owner":"$IW_USER","DeployCommand":"http://$IW_SERVER/iw-cc/urlexternaltask?acceptTransition=Success&rejectTransition=Failure","OD Variables":"","Retry":"false","Lock":"false","Readonly":"false","Transferonly":"false","Variables":"odDeploymentName=test","Eafinishop":"","Eastartop":"","Wfvarfinishop":"","Wfvarstartop":"","ActivationCount":"0","Status":"none","Valid":"true","BackgroundColor":"#c0c0c0","TaskType":"ItsDeployTask"},"stencil":{"id":"DeployTask"},"childShapes":[],"outgoing":[{"resourceId":"oryx_A032882E-4ED7-40A2-8FA4-5AA8FB10E556"},{"resourceId":"oryx_38AFB487-3172-4892-AC78-38A15F758A82"}],"bounds":{"lowerRight":{"x":497,"y":307},"upperLeft":{"x":395,"y":225}},"dockers":[]},{"resourceId":"oryx_FD370787-B59A-4008-A928-CBF9AE6EB619","properties":{"y":"493.6494","x":"527.0","Name":"End18","id":"End18","Brief Description":"","Eafinishop":"","Eastartop":"","Wfvarfinishop":"","Wfvarstartop":"","CSSclass":"Event"},"stencil":{"id":"End"},"childShapes":[],"outgoing":[],"bounds":{"lowerRight":{"x":463,"y":499},"upperLeft":{"x":429,"y":465}},"dockers":[]},{"resourceId":"oryx_AB1E0F2C-DF4D-4C14-B023-98EF7CFCCE06","properties":{"y":"277.3506","x":"660.35156","Name":"Gateway17","id":"Gateway17","GatewayType":"AND"},"stencil":{"id":"AND"},"childShapes":[],"outgoing":[{"resourceId":"oryx_6C9584EF-D196-4EAC-8122-77C31B3EB54F"},{"resourceId":"oryx_4ADF254C-533F-4F5F-B626-A93A54A782F0"}],"bounds":{"lowerRight":{"x":660.35156,"y":277.3506},"upperLeft":{"x":620.35156,"y":237.3506}},"dockers":[]},{"resourceId":"oryx_9E4C123B-FC8A-4DE4-9588-A495B2CFA3CA","properties":{"Name":"Deploy Content","id":"Deploy Content","Type":"Conditional","Expression":"$IW_SCRIPT(ID1158213214355)"},"stencil":{"id":"ConditionalLink"},"childShapes":[],"outgoing":[{"resourceId":"oryx_70EF93D1-30D1-4CAC-97E5-0D36885DB40A"}],"bounds":{"lowerRight":{"x":445.3284152630524,"y":224.6794429182762},"upperLeft":{"x":387.71643038706424,"y":164.031604410798}},"dockers":[{"x":50,"y":40},{"x":445.3284152630524,"y":164.33936024587229},{"x":50,"y":40}],"target":{"resourceId":"oryx_70EF93D1-30D1-4CAC-97E5-0D36885DB40A"}},{"resourceId":"oryx_6C9584EF-D196-4EAC-8122-77C31B3EB54F","properties":{"Name":"Notify","id":"Notify","Type":"Conditional","Expression":"$IW_SCRIPT(ID1158213321169)"},"stencil":{"id":"ConditionalLink"},"childShapes":[],"outgoing":[{"resourceId":"oryx_9F6E238F-0091-4A89-9935-B711D54AA436"}],"bounds":{"lowerRight":{"x":641.35156,"y":237.1981601823524},"upperLeft":{"x":639.35156,"y":139.2463648840042}},"dockers":[{"x":20,"y":20},{"x":14.35155999999995,"y":47.38108145881944}],"target":{"resourceId":"oryx_9F6E238F-0091-4A89-9935-B711D54AA436"}},{"resourceId":"oryx_BA0DA35C-E214-46D0-AFD4-B91E5A1AC78B","properties":{"Name":"Resolve","id":"Resolve","Type":"Default"},"stencil":{"id":"Flow"},"childShapes":[],"outgoing":[{"resourceId":"oryx_2702F36B-3FD7-4FC5-B008-809D609E2601"}],"bounds":{"lowerRight":{"x":700,"y":323.5450193087995},"upperLeft":{"x":698,"y":138.80311790656376}},"dockers":[{"x":73,"y":47.421875},{"x":69,"y":6.9902482652717595}],"target":{"resourceId":"oryx_2702F36B-3FD7-4FC5-B008-809D609E2601"}},{"resourceId":"oryx_4ADF254C-533F-4F5F-B626-A93A54A782F0","properties":{"Name":"Resolve Problems","id":"Resolve Problems","Type":"Conditional","Expression":"$IW_SCRIPT(ID1158213429343)"},"stencil":{"id":"ConditionalLink"},"childShapes":[],"outgoing":[{"resourceId":"oryx_2702F36B-3FD7-4FC5-B008-809D609E2601"}],"bounds":{"lowerRight":{"x":669,"y":323.302540625},"upperLeft":{"x":660.15209875,"y":257.3506}},"dockers":[{"x":20,"y":20},{"x":669,"y":257.3506},{"x":39,"y":33.25}],"target":{"resourceId":"oryx_2702F36B-3FD7-4FC5-B008-809D609E2601"}},{"resourceId":"oryx_67CD0CF3-CB44-498C-B436-B9BC155A826F","properties":{"Name":"Retry","id":"Retry","Type":"Default"},"stencil":{"id":"Flow"},"childShapes":[],"outgoing":[{"resourceId":"oryx_70EF93D1-30D1-4CAC-97E5-0D36885DB40A"}],"bounds":{"lowerRight":{"x":642,"y":323.1062977625256},"upperLeft":{"x":497.0352702009353,"y":282}},"dockers":[{"x":12,"y":19.495524018219044},{"x":642,"y":282},{"x":80.18316594392604,"y":57}],"target":{"resourceId":"oryx_70EF93D1-30D1-4CAC-97E5-0D36885DB40A"}},{"resourceId":"oryx_D137BCC0-B2E5-41EB-8EB6-63E9C159DB4A","properties":{"Name":"Cancel","id":"Cancel","Type":"Default"},"stencil":{"id":"Flow"},"childShapes":[],"outgoing":[{"resourceId":"oryx_FD370787-B59A-4008-A928-CBF9AE6EB619"}],"bounds":{"lowerRight":{"x":630,"y":471.896484375},"upperLeft":{"x":459.8924514868796,"y":385.25}},"dockers":[{"x":1,"y":61.5},{"x":459.8924514868796,"y":385.25},{"x":30.892451486879622,"y":10}],"target":{"resourceId":"oryx_FD370787-B59A-4008-A928-CBF9AE6EB619"}},{"resourceId":"oryx_99A99D4B-A8B5-4353-8FE5-214EC844B77C","properties":{"Name":"No Deploy","id":"No Deploy","Type":"Conditional","Expression":"$IW_SCRIPT(ID1158213534361)"},"stencil":{"id":"ConditionalLink"},"childShapes":[],"outgoing":[{"resourceId":"oryx_FD370787-B59A-4008-A928-CBF9AE6EB619"}],"bounds":{"lowerRight":{"x":429.14374999999995,"y":479.45},"upperLeft":{"x":337,"y":206.1192552443071}},"dockers":[{"x":52,"y":64.29472756241748},{"x":337,"y":479.45},{"x":14.45,"y":14.45}],"target":{"resourceId":"oryx_FD370787-B59A-4008-A928-CBF9AE6EB619"}},{"resourceId":"oryx_A032882E-4ED7-40A2-8FA4-5AA8FB10E556","properties":{"Name":"Success","id":"Flow24","Type":"Success"},"stencil":{"id":"SuccessLink"},"childShapes":[],"outgoing":[{"resourceId":"oryx_FD370787-B59A-4008-A928-CBF9AE6EB619"}],"bounds":{"lowerRight":{"x":445.9172667540001,"y":464.046885618022},"upperLeft":{"x":445.1960144959999,"y":307.535145631978}},"dockers":[{"x":50,"y":40},{"x":17,"y":17}],"target":{"resourceId":"oryx_FD370787-B59A-4008-A928-CBF9AE6EB619"}},{"resourceId":"oryx_38AFB487-3172-4892-AC78-38A15F758A82","properties":{"Name":"Failure","id":"Flow25","Type":"Failure"},"stencil":{"id":"FailureLink"},"childShapes":[],"outgoing":[{"resourceId":"oryx_AB1E0F2C-DF4D-4C14-B023-98EF7CFCCE06"}],"bounds":{"lowerRight":{"x":620.2634674576516,"y":258.3506},"upperLeft":{"x":497.8091040815401,"y":256.3506}},"dockers":[{"x":49.88949236635244,"y":32.350599999999986},{"x":20,"y":20}],"target":{"resourceId":"oryx_AB1E0F2C-DF4D-4C14-B023-98EF7CFCCE06"}},{"resourceId":"oryx_F29D7282-1120-4EE8-9A2D-4759E6770587","properties":{"Name":"Submit Files","id":"Submit Files","Type":"Default"},"stencil":{"id":"Flow"},"childShapes":[],"outgoing":[{"resourceId":"oryx_E095A74D-13D5-4E20-BE75-BD6A5777C4D3"}],"bounds":{"lowerRight":{"x":284.5015594959259,"y":165.75},"upperLeft":{"x":139.8156132698059,"y":163.75}},"dockers":[{"x":25.79998779296875,"y":17},{"x":51,"y":41}],"target":{"resourceId":"oryx_E095A74D-13D5-4E20-BE75-BD6A5777C4D3"}}],"bounds":{"lowerRight":{"x":1485,"y":1050},"upperLeft":{"x":0,"y":0}},"stencilset":{"url":"/iw-wfm/editor/stencilsets/iwov_process_model/iwovprocessmodels.json","namespace":"http://autonomy.com/stencilset/iwovwfm#"},"ssextensions":[],"modelVariables":[{"TaskId":"Workflow Properties","PropertyName":"Global Variables","VariableId":"includeDeploy","VariableValue":{"value":{"id":"includeDeploy","isHidden":true,"description":"Do you want to deploy files","isReadOnly":true,"label":"Include Deploy","defaultValue":"false"},"type":"$IW_CV"},"TaskType":"ModelProperties","isDeleted":""},{"TaskId":"SubmitTask","PropertyName":"Override","VariableId":"ID1194940555684","VariableValue":"","TaskType":"","isDeleted":""},{"TaskId":"Deploy Content","PropertyName":"Expression","VariableId":"ID1158213214355","VariableValue":{"value":{"id":"ID1158213214355","code":"if(\"$IW_CV(includeDeploy)\" == \"true\"){true;}else{false;}"},"type":"$IW_SCRIPT"},"TaskType":"Flow","isDeleted":""},{"TaskId":"Submit","PropertyName":"Unlock","VariableId":"ID1194940568825","VariableValue":{"value":{"id":"ID1194940568825","isHidden":false,"description":"","isReadOnly":false,"label":"Do you want to unlock the file after submission?","defaultValue":"true"},"type":"$IW_CV"},"TaskType":"SubmitTask","isDeleted":""},{"TaskId":"SubmitTask","PropertyName":"SubmitInfo","VariableId":"smbtInfo","VariableValue":"","TaskType":"","isDeleted":""},{"TaskId":"Notify","PropertyName":"Expression","VariableId":"ID1158213321169","VariableValue":{"value":{"id":"ID1158213321169","code":"if(\"$IW_CV(nofityDeployFailure)\" == \"true\"){true;}else{false;}"},"type":"$IW_SCRIPT"},"TaskType":"Flow","isDeleted":""},{"TaskId":"SubmitTask","PropertyName":"Unlock","VariableId":"ID1194940568825","VariableValue":"","TaskType":"","isDeleted":""},{"TaskId":"Submit","PropertyName":"SubmitInfo","VariableId":"smbtInfo","VariableValue":{"value":{"id":"smbtInfo","isHidden":false,"description":"Enter Submit Info","isReadOnly":false,"label":"Info","defaultValue":""},"type":"$IW_CV"},"TaskType":"SubmitTask","isDeleted":""},{"TaskId":"Submit","PropertyName":"Override","VariableId":"ID1194940555684","VariableValue":{"value":{"id":"ID1194940555684","isHidden":false,"description":"","isReadOnly":false,"label":"Override conflicts with STAGING?","defaultValue":"false"},"type":"$IW_CV"},"TaskType":"SubmitTask","isDeleted":""},{"TaskId":"Submit","PropertyName":"SubmitComment","VariableId":"smbtComment","VariableValue":{"value":{"id":"smbtComment","isHidden":false,"description":"Enter Submit Comment","isReadOnly":false,"label":"Comment","defaultValue":""},"type":"$IW_CV"},"TaskType":"SubmitTask","isDeleted":""},{"TaskId":"Resolve Problems","PropertyName":"Expression","VariableId":"ID1158213429343","VariableValue":{"value":{"id":"ID1158213429343","code":"if(\"$IW_CV(nofityDeployFailure)\" != \"true\"){true;}else{false;}"},"type":"$IW_SCRIPT"},"TaskType":"Flow","isDeleted":""},{"TaskId":"No Deploy","PropertyName":"Expression","VariableId":"ID1158213534361","VariableValue":{"value":{"id":"ID1158213534361","code":"if(\"$IW_CV(includeDeploy)\" != \"true\"){true;}else{false;}"},"type":"$IW_SCRIPT"},"TaskType":"Flow","isDeleted":""},{"TaskId":"Workflow Properties","PropertyName":"Global Variables","VariableId":"nofityDeployFailure","VariableValue":{"value":{"id":"nofityDeployFailure","isHidden":true,"description":"Do you want an email to be sent when deploy fails?","isReadOnly":true,"label":"Notify Deploy Failure","defaultValue":"true"},"type":"$IW_CV"},"TaskType":"ModelProperties","isDeleted":""},{"TaskId":"SubmitTask","PropertyName":"SubmitComment","VariableId":"smbtComment","VariableValue":"","TaskType":"","isDeleted":""}]}