{"resourceId":"oryx-canvas123","properties":{"Owner":"$IW_USER","Priority":"2","Brief Description":"Configurable Author Submit","Description":"","DueDate":"","Global Variables":"$IW_CV(AddFiles)|$IW_CV(AddMetadata)|$IW_CV(NotifyAuthor)|$IW_CV(IncludeDeploy)|$IW_CV(NotifyDeployFailure)","VAVariables":"va_enabled=no|va_show_cycles=all|va_show_snapshots=all|va_show_reviewers=all|va_create_snapshots=unlimited|va_default_page=snapshot|va_show_live_option=true|va_which_snapshot=last|va_show_save_button=true","Variables":"","PostProcessorCommand":"","PreProcessorCommand":"","Name":"Workflow Properties","id":"Workflow Properties","ActivationCount":"","Version":"1.0.0.1","Status":"","Valid":"true","File Comments":"true"},"stencil":{"id":"ModelProperties"},"childShapes":[{"resourceId":"oryx_525320EA-2274-4F3B-8215-09EF813F4A7A","properties":{"Valid":"true","y":"42.649414","x":"43.0","Name":"Start1","id":"Start1","CSSclass":"Event"},"stencil":{"id":"Start"},"childShapes":[],"outgoing":[{"resourceId":"oryx_984481A5-CD3E-4C8F-ADC8-9B8E21515F65"},{"resourceId":"oryx_376052AC-301C-468F-B9E3-C33E48CAD288"},{"resourceId":"oryx_FB66C2BE-F2BB-4400-8E42-05D9331BFD87"}],"bounds":{"lowerRight":{"x":337,"y":299.5616540050193},"upperLeft":{"x":303,"y":265.5616540050193}},"dockers":[]},{"resourceId":"oryx_2C63B6EE-BE5F-4D0D-B5F7-B070EE66C263","properties":{"y":"93.75","x":"167.0","AreaVPath":"$IW_WORKAREA","Brief Description":"Add Files to Job","Description":"","Name":"Add Files","id":"Add Files","Eafinishop":"","Eastartop":"","Wfvarfinishop":"","Wfvarstartop":"","Lock":"false","Readonly":"false","Transferonly":"false","Owner":"$IW_USER","Variables":"","CSSclass":"Task","ActivationCount":"0","Status":"none","Valid":"true","BackgroundColor":"#c0c0c0","TaskType":"ItsUserTask"},"stencil":{"id":"UserTask"},"childShapes":[],"outgoing":[{"resourceId":"oryx_F90CAF23-175F-459B-ADB1-2D9665ACDD2A"},{"resourceId":"oryx_52F4E3D7-7F8F-4D9F-ACC1-F55FA4B7BB87"}],"bounds":{"lowerRight":{"x":467,"y":393.75},"upperLeft":{"x":365,"y":311.75}},"dockers":[]},{"resourceId":"oryx_C18E50A9-B9AF-4F34-914F-FBE1D6D245F3","properties":{"y":"204.75","x":"536.0","AreaVPath":"$IW_WORKAREA","Brief Description":"Author Rework","Description":"","Name":"Author Rework","id":"Author Rework","Eafinishop":"","Eastartop":"","Wfvarfinishop":"","Wfvarstartop":"","Lock":"false","Readonly":"false","Transferonly":"false","Owner":"$IW_USER","Variables":"","CSSclass":"Task","ActivationCount":"0","Status":"none","Valid":"true","BackgroundColor":"#c0c0c0","TaskType":"ItsUserTask"},"stencil":{"id":"UserTask"},"childShapes":[],"outgoing":[{"resourceId":"oryx_BFEB7D13-D860-4106-8DF4-301BE667D171"}],"bounds":{"lowerRight":{"x":888.8630323425355,"y":483.75},"upperLeft":{"x":786.8630323425353,"y":401.75}},"dockers":[]},{"resourceId":"oryx_FFF7CA98-F83A-4E76-93FC-8CB2DD593E0F","properties":{"y":"524.75","x":"751.0","AreaVPath":"$IW_WORKAREA","Brief Description":"Resolve Deployment Problem","Description":"","Name":"Resolve Deploy Problem","id":"Resolve Deploy Problem","Eafinishop":"","Eastartop":"","Wfvarfinishop":"","Wfvarstartop":"","Lock":"false","Readonly":"false","Transferonly":"false","Owner":"$IW_AREAOWNER","Variables":"","CSSclass":"Task","ActivationCount":"0","Status":"none","Valid":"true","BackgroundColor":"#c0c0c0","TaskType":"ItsUserTask"},"stencil":{"id":"UserTask"},"childShapes":[],"outgoing":[{"resourceId":"oryx_5102C17A-A24C-4661-AA14-9628D920A02B"},{"resourceId":"oryx_36D8A095-72AF-4A5E-A836-0491374F74EA"}],"bounds":{"lowerRight":{"x":1075.7260646850707,"y":846.6494},"upperLeft":{"x":973.7260646850707,"y":764.6494}},"dockers":[]},{"resourceId":"oryx_21875FC4-C20B-44DE-996B-9D22CC8021E9","properties":{"y":"277.75","x":"282.0","AreaVPath":"$IW_WORKAREA","Brief Description":"Review Author Work","Description":"","Name":"Review Work","id":"Review Work","CSSclass":"Task","Available Groups":"","Available Users":"$IW_AREAOWNER;$IW_DS(ID1158054137835)","NoOfReviewers":"$IW_REVIEWER(ID1158054156601)","ReturnOnFirstReject":"false","ReviewType":"Concurrent","NotifyReviewer":"$IW_CV(NotifyReviewer)","Lock":"false","Readonly":"true","Transferonly":"false","ReviewOwner":"","Variables":"mail_template=/iwadmin/main/config/STAGING/workflow/email/reviewerNotification.xsl|ClassName=com.interwoven.ui.teamsite.workflow.task.urltask.ReviewerMailNotificationTask","Eafinishop":"","Eastartop":"","Wfvarfinishop":"","Wfvarstartop":"","ActivationCount":"0","Status":"none","Valid":"true","BackgroundColor":"#c0c0c0","TaskType":"ItsReviewTask"},"stencil":{"id":"ReviewTask"},"childShapes":[],"outgoing":[{"resourceId":"oryx_A31982C0-4A3F-4442-B787-E4166F9343F2"},{"resourceId":"oryx_E199AA86-C6C4-4512-A2B6-6A0EA404382D"}],"bounds":{"lowerRight":{"x":582,"y":613.1233080100386},"upperLeft":{"x":479.99999999999994,"y":531.1233080100386}},"dockers":[]},{"resourceId":"oryx_477185D3-B537-4A12-A815-A1D6EA2F47C0","properties":{"y":"306.75","x":"681.0","AreaVPath":"$IW_WORKAREA","Brief Description":"Notify Author","Description":"","Name":"Notify Author","id":"Notify Author","CSSclass":"Task","Owner":"$IW_USER","EMailCommand":"http://$IW_SERVER/iw-cc/urlexternaltask","Retry":"true","Lock":"false","Readonly":"false","Transferonly":"false","Variables":"target_task_name=Author Rework|mail_template=/iwadmin/main/config/STAGING/workflow/email/reviewerNotification.xsl|ClassName=com.interwoven.ui.teamsite.workflow.task.urltask.ReviewerMailNotificationTask","Eafinishop":"","Eastartop":"","Wfvarfinishop":"","Wfvarstartop":"","ActivationCount":"0","Status":"none","Valid":"true","BackgroundColor":"#c0c0c0","TaskType":"ItsEmailTask"},"stencil":{"id":"EmailTask"},"childShapes":[],"outgoing":[{"resourceId":"oryx_C303FB0D-B71B-4311-8A68-A28CB6703B85"},{"resourceId":"oryx_9B405CCF-92AE-4407-8498-7DEB20D58005"}],"bounds":{"lowerRight":{"x":981,"y":606.75},"upperLeft":{"x":879,"y":524.75}},"dockers":[]},{"resourceId":"oryx_1BD7F620-5EF0-4A1C-BF69-E61FECB4CFF1","properties":{"y":"381.75","x":"778.0","AreaVPath":"$IW_WORKAREA","Brief Description":"Notify Deployment Problem","Description":"","Name":"Notify Deploy Problem","id":"Notify Deploy Problem","CSSclass":"Task","Owner":"$IW_AREAOWNER","EMailCommand":"http://$IW_SERVER/iw-cc/urlexternaltask","Retry":"true","Lock":"false","Readonly":"false","Transferonly":"false","Variables":"mail_template=/iwadmin/main/config/STAGING/workflow/email/reviewerNotification.xsl|ClassName=com.interwoven.ui.teamsite.workflow.task.urltask.ReviewerMailNotificationTask|target_task_name=Resolve Deploy Problem","Eafinishop":"","Eastartop":"","Wfvarfinishop":"","Wfvarstartop":"","ActivationCount":"0","Status":"none","Valid":"true","BackgroundColor":"#c0c0c0","TaskType":"ItsEmailTask"},"stencil":{"id":"EmailTask"},"childShapes":[],"outgoing":[{"resourceId":"oryx_AFBD5962-42A7-42D4-80C5-B7DE3CA7A987"},{"resourceId":"oryx_46D906E2-A878-4B82-A8B7-7FB653AA32D7"}],"bounds":{"lowerRight":{"x":1230.637029521332,"y":701.643859345045},"upperLeft":{"x":1128.637029521332,"y":619.643859345045}},"dockers":[]},{"resourceId":"oryx_86105229-BCA4-4A19-A276-A3126144939E","properties":{"y":"183.75","x":"169.0","AreaVPath":"$IW_WORKAREA","Brief Description":"Capture Metadata","Description":"","Name":"Metadata Capture","id":"Metadata Capture","CSSclass":"Task","Owner":"$IW_USER","MDCaptureUI":"iwmetadata.cgi","Immediate":"false","Lock":"false","Readonly":"false","Transferonly":"false","Variables":"","Eafinishop":"","Eastartop":"","Wfvarfinishop":"","Wfvarstartop":"","ActivationCount":"0","Status":"none","Valid":"true","BackgroundColor":"#c0c0c0","TaskType":"ItsMetadataTask"},"stencil":{"id":"MetadataTask"},"childShapes":[],"outgoing":[{"resourceId":"oryx_449B71A5-9144-473C-AD4A-A9FC739756A1"}],"bounds":{"lowerRight":{"x":467,"y":524.6027566750322},"upperLeft":{"x":365,"y":442.60275667503214}},"dockers":[]},{"resourceId":"oryx_362BB078-1D91-4A33-B9B9-EDFEBFC1D434","properties":{"y":"385.75","x":"200.0","AreaVPath":"$IW_WORKAREA","Brief Description":"Submit Work","Description":"","Name":"Submit","id":"Submit","CSSclass":"Task","Owner":"$IW_AREAOWNER","SubmitComment":"$IW_CV(SmbtComment)","SubmitInfo":"$IW_CV(SmbtInfo)","Override":"$IW_CV(ID1194939626379)","Save Comments":"false","Skip Conflicts":"false","Skip Locked":"false","Unlock":"$IW_CV(ID1194939668958)","Variables":"","Eafinishop":"","Eastartop":"","Wfvarfinishop":"","Wfvarstartop":"","ActivationCount":"0","Status":"none","Valid":"true","BackgroundColor":"#c0c0c0","TaskType":"ItsSubmitTask"},"stencil":{"id":"SubmitTask"},"childShapes":[],"outgoing":[{"resourceId":"oryx_8D024793-D7F5-4F0E-BDB4-3075971D5C88"},{"resourceId":"oryx_E1D7A0E0-6165-4C00-ADF7-A479B7F5DC41"}],"bounds":{"lowerRight":{"x":468.39041350125484,"y":723.7739971787965},"upperLeft":{"x":366.39041350125484,"y":641.7739971787965}},"dockers":[]},{"resourceId":"oryx_0105F245-1D30-4815-A7F9-BA915C4A59F2","properties":{"y":"353.75","x":"487.0","AreaVPath":"$IW_WORKAREA","Brief Description":"","Description":"","Name":"DeployTask","id":"DeployTask","CSSclass":"Task","Owner":"$IW_USER","DeployCommand":"http://$IW_SERVER/iw-cc/urlexternaltask?acceptTransition=Success&rejectTransition=Failure","OD Variables":"","Retry":"false","Lock":"false","Readonly":"false","Transferonly":"false","Variables":"odDeploymentName=test","Eafinishop":"","Eastartop":"","Wfvarfinishop":"","Wfvarstartop":"","ActivationCount":"0","Status":"none","Valid":"true","BackgroundColor":"#c0c0c0","TaskType":"ItsDeployTask"},"stencil":{"id":"DeployTask"},"childShapes":[],"outgoing":[{"resourceId":"oryx_9E69FD57-A9F0-42AC-A675-B66A4628233E"},{"resourceId":"oryx_AC9F1B2D-8590-42A4-9AA7-44C930CC1E0E"}],"bounds":{"lowerRight":{"x":787,"y":701.643859345045},"upperLeft":{"x":685,"y":619.643859345045}},"dockers":[]},{"resourceId":"oryx_AAFFC7FD-7889-4776-BE7B-74F19BE6A448","properties":{"y":"528.6494","x":"297.0","Name":"End25","id":"End25","Brief Description":"","Eafinishop":"","Eastartop":"","Wfvarfinishop":"","Wfvarstartop":"","CSSclass":"Event"},"stencil":{"id":"End"},"childShapes":[],"outgoing":[],"bounds":{"lowerRight":{"x":631.5137215112934,"y":822.6494},"upperLeft":{"x":597.5137215112934,"y":788.6494}},"dockers":[]},{"resourceId":"oryx_479E333E-D738-4ED3-ADD0-D104E1B6C90F","properties":{"y":"272.3506","x":"441.35156","Name":"Check Notification","id":"Check Notification","GatewayType":"AND"},"stencil":{"id":"AND"},"childShapes":[],"outgoing":[{"resourceId":"oryx_6CD7C1BE-4633-45DB-BAB6-542F990B5928"},{"resourceId":"oryx_4C3C4867-7805-4A31-841F-A86A3E2DC51C"}],"bounds":{"lowerRight":{"x":741.3515600000001,"y":526.8630323425353},"upperLeft":{"x":701.3515600000001,"y":486.86303234253535}},"dockers":[]},{"resourceId":"oryx_07DE6840-841A-491A-B4AD-E2A5DDAAE161","properties":{"y":"448.3506","x":"614.35156","Name":"Check Deploy Notification","id":"Check Deploy Notification","GatewayType":"AND"},"stencil":{"id":"AND"},"childShapes":[],"outgoing":[{"resourceId":"oryx_D07A388E-EE31-4F87-9589-14B8AE12F004"},{"resourceId":"oryx_022AA678-CB88-4CEC-8A9D-2F7EDD1FE804"}],"bounds":{"lowerRight":{"x":858.8150998488095,"y":770.2945485138031},"upperLeft":{"x":818.8150998488095,"y":730.2945485138031}},"dockers":[]},{"resourceId":"oryx_FB66C2BE-F2BB-4400-8E42-05D9331BFD87","properties":{"Name":"Flow7","id":"Flow7","Type":"Conditional","Expression":"$IW_SCRIPT(ID1158051324492)"},"stencil":{"id":"ConditionalLink"},"childShapes":[],"outgoing":[{"resourceId":"oryx_2C63B6EE-BE5F-4D0D-B5F7-B070EE66C263"}],"bounds":{"lowerRight":{"x":364.66603184951157,"y":361.9643859863281},"upperLeft":{"x":326.6910779337596,"y":299.996227977777}},"dockers":[{"x":23.691077933759583,"y":21.076337354256918},{"x":326.6910779337596,"y":361.9643859863281},{"x":9.66025198391587,"y":50.214385986328125}],"target":{"resourceId":"oryx_2C63B6EE-BE5F-4D0D-B5F7-B070EE66C263"}},{"resourceId":"oryx_984481A5-CD3E-4C8F-ADC8-9B8E21515F65","properties":{"Name":"Flow8","id":"Flow8","Type":"Conditional","Expression":"$IW_SCRIPT(ID1158051402085)"},"stencil":{"id":"ConditionalLink"},"childShapes":[],"outgoing":[{"resourceId":"oryx_86105229-BCA4-4A19-A276-A3126144939E"}],"bounds":{"lowerRight":{"x":364.462890625,"y":482.6027566750322},"upperLeft":{"x":317.45,"y":300.00456988033295}},"dockers":[{"x":14.45,"y":14.45},{"x":317.45,"y":482.6027566750322},{"x":50.00000000000001,"y":40.00000000000003}],"target":{"resourceId":"oryx_86105229-BCA4-4A19-A276-A3126144939E"}},{"resourceId":"oryx_376052AC-301C-468F-B9E3-C33E48CAD288","properties":{"Name":"Flow9","id":"Flow9","Type":"Conditional","Expression":"$IW_SCRIPT(ID1158051524898)"},"stencil":{"id":"ConditionalLink"},"childShapes":[],"outgoing":[{"resourceId":"oryx_21875FC4-C20B-44DE-996B-9D22CC8021E9"}],"bounds":{"lowerRight":{"x":530.1601449865889,"y":530.6156373900906},"upperLeft":{"x":337.56067708863884,"y":280.0116540050193}},"dockers":[{"x":14.45,"y":14.45},{"x":530.1601449865889,"y":280.0116540050193},{"x":50.000000000000036,"y":41}],"target":{"resourceId":"oryx_21875FC4-C20B-44DE-996B-9D22CC8021E9"}},{"resourceId":"oryx_F90CAF23-175F-459B-ADB1-2D9665ACDD2A","properties":{"Name":"Capture Metadata","id":"Capture Metadata","Type":"Conditional","Expression":"$IW_SCRIPT(ID1158051579085)"},"stencil":{"id":"ConditionalLink"},"childShapes":[],"outgoing":[{"resourceId":"oryx_86105229-BCA4-4A19-A276-A3126144939E"}],"bounds":{"lowerRight":{"x":416,"y":441.7335573756083},"upperLeft":{"x":414,"y":394.66377362247124}},"dockers":[{"x":50,"y":40},{"x":50.00000000000001,"y":40.00000000000003}],"target":{"resourceId":"oryx_86105229-BCA4-4A19-A276-A3126144939E"}},{"resourceId":"oryx_52F4E3D7-7F8F-4D9F-ACC1-F55FA4B7BB87","properties":{"Name":"Review Author Work","id":"Review Author Work","Type":"Conditional","Expression":"$IW_SCRIPT(ID1158051642585)"},"stencil":{"id":"ConditionalLink"},"childShapes":[],"outgoing":[{"resourceId":"oryx_21875FC4-C20B-44DE-996B-9D22CC8021E9"}],"bounds":{"lowerRight":{"x":519.3266326297855,"y":530.4496307592362},"upperLeft":{"x":467.34826449747254,"y":351.75}},"dockers":[{"x":50,"y":40},{"x":519.3266326297855,"y":351.75},{"x":39.32663262978562,"y":8.39446943634698}],"target":{"resourceId":"oryx_21875FC4-C20B-44DE-996B-9D22CC8021E9"}},{"resourceId":"oryx_449B71A5-9144-473C-AD4A-A9FC739756A1","properties":{"Name":"Review","id":"Review","Type":"Default"},"stencil":{"id":"Flow"},"childShapes":[],"outgoing":[{"resourceId":"oryx_21875FC4-C20B-44DE-996B-9D22CC8021E9"}],"bounds":{"lowerRight":{"x":479.5127677218095,"y":551.74319048679},"upperLeft":{"x":415,"y":524.6548892507633}},"dockers":[{"x":50.00000000000001,"y":40.00000000000003},{"x":415,"y":551.74319048679},{"x":48.319382005292205,"y":20.6198824767514}],"target":{"resourceId":"oryx_21875FC4-C20B-44DE-996B-9D22CC8021E9"}},{"resourceId":"oryx_A31982C0-4A3F-4442-B787-E4166F9343F2","properties":{"Name":"Submit Work","id":"Submit Work","Type":"Success"},"stencil":{"id":"SuccessLink"},"childShapes":[],"outgoing":[{"resourceId":"oryx_362BB078-1D91-4A33-B9B9-EDFEBFC1D434"}],"bounds":{"lowerRight":{"x":479.46053904454226,"y":641.3682866546625},"upperLeft":{"x":416.52916391788045,"y":572.1233080100386}},"dockers":[{"x":50.000000000000036,"y":41},{"x":416.76694638752514,"y":572.1233080100386},{"x":50,"y":40}],"target":{"resourceId":"oryx_362BB078-1D91-4A33-B9B9-EDFEBFC1D434"}},{"resourceId":"oryx_E199AA86-C6C4-4512-A2B6-6A0EA404382D","properties":{"Name":"Reject","id":"Reject","Type":"Failure"},"stencil":{"id":"FailureLink"},"childShapes":[],"outgoing":[{"resourceId":"oryx_479E333E-D738-4ED3-ADD0-D104E1B6C90F"}],"bounds":{"lowerRight":{"x":700.807615,"y":572.1233080100386},"upperLeft":{"x":582.0102722341089,"y":507.36303234253535}},"dockers":[{"x":73.43504143143137,"y":41},{"x":641.67578,"y":572.1233080100386},{"x":641.67578,"y":507.36303234253535},{"x":20.5,"y":20.5}],"target":{"resourceId":"oryx_479E333E-D738-4ED3-ADD0-D104E1B6C90F"}},{"resourceId":"oryx_6CD7C1BE-4633-45DB-BAB6-542F990B5928","properties":{"FromGatewayPosition":"Right","Name":"Notify","id":"Notify","Type":"Conditional","Expression":"$IW_SCRIPT(ID1158052884992)"},"stencil":{"id":"ConditionalLink"},"childShapes":[],"outgoing":[{"resourceId":"oryx_477185D3-B537-4A12-A815-A1D6EA2F47C0"}],"bounds":{"lowerRight":{"x":878.52127015625,"y":564.75},"upperLeft":{"x":721.3515600000001,"y":526.857193605141}},"dockers":[{"x":20,"y":20},{"x":721.3515600000001,"y":564.75},{"x":50,"y":40}],"target":{"resourceId":"oryx_477185D3-B537-4A12-A815-A1D6EA2F47C0"}},{"resourceId":"oryx_C303FB0D-B71B-4311-8A68-A28CB6703B85","properties":{"Name":"Author Work","id":"Author Work","Type":"Default"},"stencil":{"id":"Flow"},"childShapes":[],"outgoing":[{"resourceId":"oryx_C18E50A9-B9AF-4F34-914F-FBE1D6D245F3"}],"bounds":{"lowerRight":{"x":930,"y":524.3954825789423},"upperLeft":{"x":889.524943007983,"y":441.82747045507773}},"dockers":[{"x":50,"y":40},{"x":930,"y":441.88701294119056},{"x":50.00000000000007,"y":40}],"target":{"resourceId":"oryx_C18E50A9-B9AF-4F34-914F-FBE1D6D245F3"}},{"resourceId":"oryx_4C3C4867-7805-4A31-841F-A86A3E2DC51C","properties":{"Name":"Author","id":"Author","Type":"Conditional","Expression":"$IW_SCRIPT(ID1158052995257)"},"stencil":{"id":"ConditionalLink"},"childShapes":[],"outgoing":[{"resourceId":"oryx_C18E50A9-B9AF-4F34-914F-FBE1D6D245F3"}],"bounds":{"lowerRight":{"x":786.5579973331052,"y":496.21935871352343},"upperLeft":{"x":731.6789576557508,"y":441.75}},"dockers":[{"x":30.327397655750758,"y":19.433130524110084},{"x":731.6789576557508,"y":441.75},{"x":50.00000000000007,"y":40}],"target":{"resourceId":"oryx_C18E50A9-B9AF-4F34-914F-FBE1D6D245F3"}},{"resourceId":"oryx_BFEB7D13-D860-4106-8DF4-301BE667D171","properties":{"Name":"Review Again","id":"Review Again","Type":"Default"},"stencil":{"id":"Flow"},"childShapes":[],"outgoing":[{"resourceId":"oryx_21875FC4-C20B-44DE-996B-9D22CC8021E9"}],"bounds":{"lowerRight":{"x":786.0896223942857,"y":531.0055338933237},"upperLeft":{"x":549.3328799132748,"y":421.9479493949192}},"dockers":[{"x":39.132238821370294,"y":20.197949394919192},{"x":549.3328799132748,"y":421.9479493949192},{"x":69.33287991327488,"y":27.595231829499653}],"target":{"resourceId":"oryx_21875FC4-C20B-44DE-996B-9D22CC8021E9"}},{"resourceId":"oryx_8D024793-D7F5-4F0E-BDB4-3075971D5C88","properties":{"Name":"Done","id":"Done","Type":"Conditional","Expression":"$IW_SCRIPT(ID1158053315523)"},"stencil":{"id":"ConditionalLink"},"childShapes":[],"outgoing":[{"resourceId":"oryx_AAFFC7FD-7889-4776-BE7B-74F19BE6A448"}],"bounds":{"lowerRight":{"x":601.0322644639087,"y":803.0994000000001},"upperLeft":{"x":416.39041350125484,"y":724.4796043985853}},"dockers":[{"x":50,"y":40},{"x":416.39041350125484,"y":803.0994000000001},{"x":14.45,"y":14.45}],"target":{"resourceId":"oryx_AAFFC7FD-7889-4776-BE7B-74F19BE6A448"}},{"resourceId":"oryx_E1D7A0E0-6165-4C00-ADF7-A479B7F5DC41","properties":{"Name":"Deploy Work","id":"Deploy Work","Type":"Conditional","Expression":"$IW_SCRIPT(ID1158053346273)"},"stencil":{"id":"ConditionalLink"},"childShapes":[],"outgoing":[{"resourceId":"oryx_0105F245-1D30-4815-A7F9-BA915C4A59F2"}],"bounds":{"lowerRight":{"x":684.0492544180028,"y":660.643859345045},"upperLeft":{"x":468.8215933986197,"y":658.643859345045}},"dockers":[{"x":71.22840349894796,"y":17.86986216624848},{"x":50,"y":40}],"target":{"resourceId":"oryx_0105F245-1D30-4815-A7F9-BA915C4A59F2"}},{"resourceId":"oryx_5102C17A-A24C-4661-AA14-9628D920A02B","properties":{"Name":"Cancel","id":"Cancel","Type":"Default"},"stencil":{"id":"Flow"},"childShapes":[],"outgoing":[{"resourceId":"oryx_AAFFC7FD-7889-4776-BE7B-74F19BE6A448"}],"bounds":{"lowerRight":{"x":973.4786544812077,"y":804.6494},"upperLeft":{"x":632.4645336161445,"y":803.0994000000001}},"dockers":[{"x":50,"y":40},{"x":790.2568607556467,"y":804.6494},{"x":790.2568607556467,"y":803.0994000000001},{"x":14.45,"y":14.45}],"target":{"resourceId":"oryx_AAFFC7FD-7889-4776-BE7B-74F19BE6A448"}},{"resourceId":"oryx_36D8A095-72AF-4A5E-A836-0491374F74EA","properties":{"Name":"Retry","id":"Retry","Type":"Default"},"stencil":{"id":"Flow"},"childShapes":[],"outgoing":[{"resourceId":"oryx_0105F245-1D30-4815-A7F9-BA915C4A59F2"}],"bounds":{"lowerRight":{"x":991.7802167050393,"y":764.500814719481},"upperLeft":{"x":787.155433796707,"y":659.643859345045}},"dockers":[{"x":18.05415201996857,"y":36.137066510959585},{"x":991.7802167050393,"y":659.643859345045},{"x":50,"y":40}],"target":{"resourceId":"oryx_0105F245-1D30-4815-A7F9-BA915C4A59F2"}},{"resourceId":"oryx_AFBD5962-42A7-42D4-80C5-B7DE3CA7A987","properties":{"Name":"Resolve Problem","id":"Resolve Problem","Type":"Default"},"stencil":{"id":"Flow"},"childShapes":[],"outgoing":[{"resourceId":"oryx_FFF7CA98-F83A-4E76-93FC-8CB2DD593E0F"}],"bounds":{"lowerRight":{"x":1128.0201569497974,"y":763.9994474793109},"upperLeft":{"x":1023.7287303799536,"y":659.643859345045}},"dockers":[{"x":50,"y":40},{"x":1023.7355736882491,"y":659.643859345045},{"x":50,"y":40}],"target":{"resourceId":"oryx_FFF7CA98-F83A-4E76-93FC-8CB2DD593E0F"}},{"resourceId":"oryx_D07A388E-EE31-4F87-9589-14B8AE12F004","properties":{"FromGatewayPosition":"Right","Name":"Notify Deploy Problems","id":"Notify Deploy Problems","Type":"Conditional","Expression":"$IW_SCRIPT(ID1158053860273)"},"stencil":{"id":"ConditionalLink"},"childShapes":[],"outgoing":[{"resourceId":"oryx_1BD7F620-5EF0-4A1C-BF69-E61FECB4CFF1"}],"bounds":{"lowerRight":{"x":1127.9483917543635,"y":730.2635077198538},"upperLeft":{"x":838.8150998488095,"y":628.4958874325279}},"dockers":[{"x":20,"y":20},{"x":838.8150998488095,"y":628.4958874325279},{"x":31.71106914921711,"y":8.852028087482836}],"target":{"resourceId":"oryx_1BD7F620-5EF0-4A1C-BF69-E61FECB4CFF1"}},{"resourceId":"oryx_022AA678-CB88-4CEC-8A9D-2F7EDD1FE804","properties":{"Name":"Resolve Problems","id":"Resolve Problems","Type":"Conditional","Expression":"$IW_SCRIPT(ID1158053896929)"},"stencil":{"id":"ConditionalLink"},"childShapes":[],"outgoing":[{"resourceId":"oryx_FFF7CA98-F83A-4E76-93FC-8CB2DD593E0F"}],"bounds":{"lowerRight":{"x":973.0945940396743,"y":786.3575962759675},"upperLeft":{"x":838.8150998488095,"y":770.4530426374529}},"dockers":[{"x":20,"y":20},{"x":838.8150998488095,"y":786.3575962759675},{"x":38.24678772804566,"y":21.708196275967452}],"target":{"resourceId":"oryx_FFF7CA98-F83A-4E76-93FC-8CB2DD593E0F"}},{"resourceId":"oryx_9B405CCF-92AE-4407-8498-7DEB20D58005","properties":{"Name":"Timeout Author","id":"Timeout Author","Type":"Timeout","Timeout Duration":"+000001"},"stencil":{"id":"TimeoutLink"},"childShapes":[],"outgoing":[{"resourceId":"oryx_C18E50A9-B9AF-4F34-914F-FBE1D6D245F3"}],"bounds":{"lowerRight":{"x":965.4406901222533,"y":524.0304573800596},"upperLeft":{"x":889.5706155960895,"y":424.89865620067263}},"dockers":[{"x":86.44069012225327,"y":30.933049577831184},{"x":965.4406901222533,"y":424.89865620067263},{"x":77.14085840498649,"y":23.148656200672633}],"target":{"resourceId":"oryx_C18E50A9-B9AF-4F34-914F-FBE1D6D245F3"}},{"resourceId":"oryx_46D906E2-A878-4B82-A8B7-7FB653AA32D7","properties":{"Name":"Failure","id":"Failure","Type":"Timeout","Timeout Duration":"+000001"},"stencil":{"id":"TimeoutLink"},"childShapes":[],"outgoing":[{"resourceId":"oryx_FFF7CA98-F83A-4E76-93FC-8CB2DD593E0F"}],"bounds":{"lowerRight":{"x":1128.0203817592396,"y":764.0058394799046},"upperLeft":{"x":1050.08909671682,"y":691.6688783805373}},"dockers":[{"x":15.87453902193397,"y":72.02501903549228},{"x":1050.08909671682,"y":691.6688783805373},{"x":76.3630320317493,"y":29.053511214439595}],"target":{"resourceId":"oryx_FFF7CA98-F83A-4E76-93FC-8CB2DD593E0F"}},{"resourceId":"oryx_AC9F1B2D-8590-42A4-9AA7-44C930CC1E0E","properties":{"Name":"Success","id":"Flow41","Type":"Success"},"stencil":{"id":"SuccessLink"},"childShapes":[],"outgoing":[{"resourceId":"oryx_AAFFC7FD-7889-4776-BE7B-74F19BE6A448"}],"bounds":{"lowerRight":{"x":684.7866222131332,"y":791.7855395629931},"upperLeft":{"x":611.9637215112934,"y":683.0835694602831}},"dockers":[{"x":38.132324921122745,"y":63.439710115238086},{"x":611.9637215112934,"y":683.0835694602831},{"x":14.45,"y":14.45}],"target":{"resourceId":"oryx_AAFFC7FD-7889-4776-BE7B-74F19BE6A448"}},{"resourceId":"oryx_9E69FD57-A9F0-42AC-A675-B66A4628233E","properties":{"Name":"Failure","id":"Flow42","Type":"Failure"},"stencil":{"id":"FailureLink"},"childShapes":[],"outgoing":[{"resourceId":"oryx_07DE6840-841A-491A-B4AD-E2A5DDAAE161"}],"bounds":{"lowerRight":{"x":830.0215795398959,"y":739.152615538121},"upperLeft":{"x":787.070512604022,"y":678.8245255248753}},"dockers":[{"x":88.76421386197728,"y":59.18066617983027},{"x":830.0215795398959,"y":678.8245255248753},{"x":11.206479691086429,"y":19.89357266284901}],"target":{"resourceId":"oryx_07DE6840-841A-491A-B4AD-E2A5DDAAE161"}}],"bounds":{"lowerRight":{"x":1785,"y":1650},"upperLeft":{"x":0,"y":0}},"stencilset":{"url":"/iw-wfm/editor/stencilsets/iwov_process_model/iwovprocessmodels.json","namespace":"http://autonomy.com/stencilset/iwovwfm#"},"ssextensions":[],"modelVariables":[{"TaskId":"Author","PropertyName":"Expression","VariableId":"ID1158052995257","VariableValue":{"value":{"id":"ID1158052995257","code":"if(\"$IW_CV(NotifyAuthor)\" != \"true\"){true;}else{false;}"},"type":"$IW_SCRIPT"},"TaskType":"Flow","isDeleted":""},{"TaskId":"Submit","PropertyName":"SubmitComment","VariableId":"SmbtComment","VariableValue":{"value":{"id":"SmbtComment","isHidden":false,"description":"Enter comments for the job.","isReadOnly":false,"label":"Comment","defaultValue":""},"type":"$IW_CV"},"TaskType":"SubmitTask","isDeleted":""},{"TaskId":"Deploy Work","PropertyName":"Expression","VariableId":"ID1158053346273","VariableValue":{"value":{"id":"ID1158053346273","code":"if(\"$IW_CV(IncludeDeploy)\" == \"true\"){true;}else{false;}"},"type":"$IW_SCRIPT"},"TaskType":"Flow","isDeleted":""},{"TaskId":"Notify","PropertyName":"Expression","VariableId":"ID1158052884992","VariableValue":{"value":{"id":"ID1158052884992","code":"if(\"$IW_CV(NotifyAuthor)\" == \"true\"){true;}else{false;}"},"type":"$IW_SCRIPT"},"TaskType":"Flow","isDeleted":""},{"TaskId":"Review Author Work","PropertyName":"Expression","VariableId":"ID1158051642585","VariableValue":{"value":{"id":"ID1158051642585","code":"if(\"$IW_CV(AddMetadata)\" != \"true\"){true;}else{false;}"},"type":"$IW_SCRIPT"},"TaskType":"Flow","isDeleted":""},{"TaskId":"Submit","PropertyName":"SubmitInfo","VariableId":"SmbtInfo","VariableValue":{"value":{"id":"SmbtInfo","isHidden":false,"description":"Enter Info for the job.","isReadOnly":false,"label":"Info","defaultValue":""},"type":"$IW_CV"},"TaskType":"SubmitTask","isDeleted":""},{"TaskId":"Submit","PropertyName":"Override","VariableId":"ID1194939626379","VariableValue":{"value":{"id":"ID1194939626379","isHidden":false,"description":"","isReadOnly":false,"label":"Override conflicts with STAGING?","defaultValue":"false"},"type":"$IW_CV"},"TaskType":"SubmitTask","isDeleted":""},{"TaskId":"Notify Deploy Problems","PropertyName":"Expression","VariableId":"ID1158053860273","VariableValue":{"value":{"id":"ID1158053860273","code":"if(\"$IW_CV(NotifyDeployFailure)\" == \"true\"){true;}else{false;}"},"type":"$IW_SCRIPT"},"TaskType":"Flow","isDeleted":""},{"TaskId":"Submit","PropertyName":"Unlock","VariableId":"ID1194939668958","VariableValue":{"value":{"id":"ID1194939668958","isHidden":false,"description":"","isReadOnly":false,"label":"Do you want to unlock the file after submission?","defaultValue":"true"},"type":"$IW_CV"},"TaskType":"SubmitTask","isDeleted":""},{"TaskId":"Review Work","PropertyName":"NoOfReviewers","VariableId":"ID1158054156601","VariableValue":{"value":{"isHidden":false,"id":"ID1158054156601","users":"$IW_AREAOWNER, $IW_DS(ID1158054137835)","description":"Reviewers of this work.","isReadOnly":false,"noOfReviewers":1,"label":"Reviewer","reviewers":"u-$IW_AREAOWNER","groups":""},"type":"$IW_REVIEWER"},"TaskType":"ReviewTask","isDeleted":""},{"TaskId":"SubmitTask","PropertyName":"SubmitComment","VariableId":"SmbtComment","VariableValue":"","TaskType":"","isDeleted":""},{"TaskId":"ReviewTask","PropertyName":"NotifyReviewer","VariableId":"NotifyReviewer","VariableValue":"","TaskType":"","isDeleted":""},{"TaskId":"Workflow Properties","PropertyName":"Global Variables","VariableId":"AddMetadata","VariableValue":{"value":{"id":"AddMetadata","isHidden":true,"description":"Do you want to add metadata","isReadOnly":true,"label":"Add Metadata","defaultValue":"false"},"type":"$IW_CV"},"TaskType":"ModelProperties","isDeleted":""},{"TaskId":"Flow7","PropertyName":"Expression","VariableId":"ID1158051324492","VariableValue":{"value":{"id":"ID1158051324492","code":"if(\"$IW_CV(AddFiles)\" == \"true\"){true;}else{false;}"},"type":"$IW_SCRIPT"},"TaskType":"Flow","isDeleted":""},{"TaskId":"Resolve Problems","PropertyName":"Expression","VariableId":"ID1158053896929","VariableValue":{"value":{"id":"ID1158053896929","code":"if(\"$IW_CV(NotifyDeployFailure)\" != \"true\"){true;}else{false;}"},"type":"$IW_SCRIPT"},"TaskType":"Flow","isDeleted":""},{"TaskId":"Flow9","PropertyName":"Expression","VariableId":"ID1158051524898","VariableValue":{"value":{"id":"ID1158051524898","code":"if((\"$IW_CV(AddFiles)\" != \"true\") && (\"$IW_CV(AddMetadata)\" != \"true\")){true;}else{false;}"},"type":"$IW_SCRIPT"},"TaskType":"Flow","isDeleted":""},{"TaskId":"Review Work","PropertyName":"NotifyReviewer","VariableId":"NotifyReviewer","VariableValue":{"value":{"id":"NotifyReviewer","isHidden":true,"description":"Should reviewer be notified?","isReadOnly":true,"label":"Notify Reviewer","defaultValue":"true"},"type":"$IW_CV"},"TaskType":"ReviewTask","isDeleted":""},{"TaskId":"Workflow Properties","PropertyName":"Global Variables","VariableId":"NotifyDeployFailure","VariableValue":{"value":{"id":"NotifyDeployFailure","isHidden":true,"description":"Should notification be sent if deploy failed.","isReadOnly":true,"label":"Notify Deploy Failure","defaultValue":"false"},"type":"$IW_CV"},"TaskType":"ModelProperties","isDeleted":""},{"TaskId":"ReviewTask","PropertyName":"NoOfReviewers","VariableId":"ID1158054156601","VariableValue":"","TaskType":"","isDeleted":""},{"TaskId":"Flow8","PropertyName":"Expression","VariableId":"ID1158051402085","VariableValue":{"value":{"id":"ID1158051402085","code":"if((\"$IW_CV(AddFiles)\" != true) && (\"$IW_CV(AddMetadata)\" == \"true\")){true;}else{false;}"},"type":"$IW_SCRIPT"},"TaskType":"Flow","isDeleted":""},{"TaskId":"Workflow Properties","PropertyName":"Global Variables","VariableId":"NotifyAuthor","VariableValue":{"value":{"id":"NotifyAuthor","isHidden":true,"description":"Should notification be sent to author, if review was rejected.","isReadOnly":true,"label":"Notify Author","defaultValue":"true"},"type":"$IW_CV"},"TaskType":"ModelProperties","isDeleted":""},{"TaskId":"Capture Metadata","PropertyName":"Expression","VariableId":"ID1158051579085","VariableValue":{"value":{"id":"ID1158051579085","code":"if(\"$IW_CV(AddMetadata)\" == \"true\"){true;}else{false;}"},"type":"$IW_SCRIPT"},"TaskType":"Flow","isDeleted":""},{"TaskId":"Workflow Properties","PropertyName":"Global Variables","VariableId":"IncludeDeploy","VariableValue":{"value":{"id":"IncludeDeploy","isHidden":true,"description":"Should author work be deployed?","isReadOnly":true,"label":"Include Deploy","defaultValue":"false"},"type":"$IW_CV"},"TaskType":"ModelProperties","isDeleted":""},{"TaskId":"SubmitTask","PropertyName":"Override","VariableId":"ID1194939626379","VariableValue":"","TaskType":"","isDeleted":""},{"TaskId":"SubmitTask","PropertyName":"Unlock","VariableId":"ID1194939668958","VariableValue":"","TaskType":"","isDeleted":""},{"TaskId":"ReviewTask","PropertyName":"Available Users","VariableId":"ID1158054137835","VariableValue":"","TaskType":"","isDeleted":""},{"TaskId":"Done","PropertyName":"Expression","VariableId":"ID1158053315523","VariableValue":{"value":{"id":"ID1158053315523","code":"if(\"$IW_CV(IncludeDeploy)\" != \"true\"){true;}else{false;}"},"type":"$IW_SCRIPT"},"TaskType":"Flow","isDeleted":""},{"TaskId":"Review Work","PropertyName":"Available Users","VariableId":"ID1158054137835","VariableValue":{"value":{"id":"ID1158054137835","isHidden":true,"description":"Reviewers","isReadOnly":true,"label":"Reviewers","defaultValue":"$IW_AREAOWNER","datasource":"UserMasterPicker"},"type":"$IW_DS"},"TaskType":"ReviewTask","isDeleted":""},{"TaskId":"Workflow Properties","PropertyName":"Global Variables","VariableId":"AddFiles","VariableValue":{"value":{"id":"AddFiles","isHidden":true,"description":"Add Files to job","isReadOnly":true,"label":"Add Files","defaultValue":"true"},"type":"$IW_CV"},"TaskType":"ModelProperties","isDeleted":""},{"TaskId":"SubmitTask","PropertyName":"SubmitInfo","VariableId":"SmbtInfo","VariableValue":"","TaskType":"","isDeleted":""}]}