{"resourceId":"oryx-canvas123","properties":{"Owner":"$IW_USER","Priority":"2","Brief Description":"Configurable Author Assignment","Description":"","DueDate":"","Global Variables":"$IW_CV(AddFiles)|$IW_CV(NotifyAuthor)|$IW_CV(CaptureMetadata)|$IW_CV(DeployFiles)|$IW_CV(NotifyDeployFailure)","VAVariables":"va_show_cycles=all|va_create_snapshots=unlimited|va_default_page=snapshot|va_show_live_option=true|va_which_snapshot=last|va_show_save_button=true|va_show_reviewers=all|va_enabled=no","Variables":"","PostProcessorCommand":"","PreProcessorCommand":"","Name":"Workflow Properties","id":"Workflow Properties","ActivationCount":"","Version":"1.0.0.1","Status":"","Valid":"true","File Comments":"true"},"stencil":{"id":"ModelProperties"},"childShapes":[{"resourceId":"oryx_6244300E-04F6-4957-9D90-E36F23477851","properties":{"Valid":"true","y":"48.649414","x":"53.0","Name":"Start1","id":"Start1","CSSclass":"Event"},"stencil":{"id":"Start"},"childShapes":[],"outgoing":[{"resourceId":"oryx_0190246C-3BB5-452F-98A5-07FB71897568"},{"resourceId":"oryx_6B8B09F9-8F1B-4170-93D4-578BEC89E96B"},{"resourceId":"oryx_1AE4F420-CD04-45BF-ACEE-DA0638A7AD46"}],"bounds":{"lowerRight":{"x":47,"y":342.649414},"upperLeft":{"x":13,"y":308.649414}},"dockers":[]},{"resourceId":"oryx_AB4A722F-0F67-4389-98E4-1A27E32F666B","properties":{"y":"102.75","x":"178.0","AreaVPath":"$IW_WORKAREA","Brief Description":"Add additional files to the job","Description":"","Name":"Add Files","id":"Add Files","Eafinishop":"","Eastartop":"","Wfvarfinishop":"","Wfvarstartop":"","Lock":"false","Readonly":"false","Transferonly":"false","Owner":"$IW_USER","Variables":"","CSSclass":"Task","ActivationCount":"0","Status":"none","Valid":"true","BackgroundColor":"#c0c0c0","TaskType":"ItsUserTask"},"stencil":{"id":"UserTask"},"childShapes":[],"outgoing":[{"resourceId":"oryx_0D092EDC-9842-4DD9-A8FD-0FC7505259F4"},{"resourceId":"oryx_940218D9-BB48-4C62-8400-8287DEBA5268"}],"bounds":{"lowerRight":{"x":237,"y":427},"upperLeft":{"x":135,"y":345}},"dockers":[]},{"resourceId":"oryx_270916D1-CD0D-47C0-85BF-E37F4005D101","properties":{"y":"364.75","x":"132.0","AreaVPath":"$IW_WORKAREA","Brief Description":"Author Work","Description":"","Name":"Author Work","id":"Author Work","Eafinishop":"","Eastartop":"","Wfvarfinishop":"","Wfvarstartop":"","Lock":"false","Readonly":"false","Transferonly":"false","Owner":"$IW_DS(ID1158041552114)","Variables":"","CSSclass":"Task","ActivationCount":"0","Status":"none","Valid":"true","BackgroundColor":"#c0c0c0","TaskType":"ItsUserTask"},"stencil":{"id":"UserTask"},"childShapes":[],"outgoing":[{"resourceId":"oryx_AA7123C9-1D8D-494A-8B20-583051CF25A5"},{"resourceId":"oryx_602033BC-1322-4726-8F4D-30A936035D35"}],"bounds":{"lowerRight":{"x":102,"y":664.75},"upperLeft":{"x":0,"y":582.75}},"dockers":[]},{"resourceId":"oryx_34D779FC-4561-427E-B876-B3EF67A8D26D","properties":{"y":"70.75","x":"975.0","AreaVPath":"$IW_WORKAREA","Brief Description":"Resolve Deploy Problems","Description":"","Name":"Resolve Deploy Problems","id":"Resolve Deploy Problems","Eafinishop":"","Eastartop":"","Wfvarfinishop":"","Wfvarstartop":"","Lock":"false","Readonly":"false","Transferonly":"false","Owner":"$IW_USER","Variables":"","CSSclass":"Task","ActivationCount":"0","Status":"none","Valid":"true","BackgroundColor":"#c0c0c0","TaskType":"ItsUserTask"},"stencil":{"id":"UserTask"},"childShapes":[],"outgoing":[{"resourceId":"oryx_FF740E05-5AB7-45DD-A582-715D1995DA95"},{"resourceId":"oryx_3884102A-B4D8-4159-AB33-824552930444"}],"bounds":{"lowerRight":{"x":975,"y":370.75},"upperLeft":{"x":873,"y":288.75}},"dockers":[]},{"resourceId":"oryx_506028EE-F75C-4DAB-A63A-071C1DA15BCC","properties":{"y":"379.75","x":"525.0","AreaVPath":"$IW_WORKAREA","Brief Description":"Review Author Work","Description":"","Name":"Review Author Work","id":"Review Author Work","CSSclass":"Task","Available Groups":"","Available Users":"$IW_AREAOWNER;$IW_USER;$IW_DS(masterReviewers)","NoOfReviewers":"$IW_REVIEWER(ID1158042351224)","ReturnOnFirstReject":"false","ReviewType":"$IW_CV(ID1158042466677)","NotifyReviewer":"$IW_CV(NotifyReviewer)","Lock":"false","Readonly":"true","Transferonly":"false","ReviewOwner":"","Variables":"mail_template=/iwadmin/main/config/STAGING/workflow/email/reviewerNotification.xsl|ClassName=com.interwoven.ui.teamsite.workflow.task.urltask.ReviewerMailNotificationTask","Eafinishop":"","Eastartop":"","Wfvarfinishop":"","Wfvarstartop":"","ActivationCount":"0","Status":"none","Valid":"true","BackgroundColor":"#c0c0c0","TaskType":"ItsReviewTask"},"stencil":{"id":"ReviewTask"},"childShapes":[],"outgoing":[{"resourceId":"oryx_1956CB3F-1A5A-4C71-9DF7-3356281C8DDD"},{"resourceId":"oryx_A048F4CF-50E6-4AC6-818E-DBC4D7B98405"}],"bounds":{"lowerRight":{"x":525,"y":679.75},"upperLeft":{"x":423,"y":597.75}},"dockers":[]},{"resourceId":"oryx_DA3E8D23-BE9D-4FEB-9CC4-B7F290A13218","properties":{"y":"240.75","x":"214.0","AreaVPath":"$IW_WORKAREA","Brief Description":"Notify Author","Description":"","Name":"Notify Author","id":"Notify Author","CSSclass":"Task","Owner":"$IW_USER","EMailCommand":"http://$IW_SERVER/iw-cc/urlexternaltask","Retry":"true","Lock":"false","Readonly":"false","Transferonly":"false","Variables":"mail_template=/iwadmin/main/config/STAGING/workflow/email/reviewerNotification.xsl|ClassName=com.interwoven.ui.teamsite.workflow.task.urltask.ReviewerMailNotificationTask|target_task_name=Author Work","Eafinishop":"","Eastartop":"","Wfvarfinishop":"","Wfvarstartop":"","ActivationCount":"0","Status":"none","Valid":"true","BackgroundColor":"#c0c0c0","TaskType":"ItsEmailTask"},"stencil":{"id":"EmailTask"},"childShapes":[],"outgoing":[{"resourceId":"oryx_544EFE58-F66B-4122-BE5B-8D3989F87C8E"},{"resourceId":"oryx_6DF4F7DD-1BD8-471F-8F3A-3E7576945C1A"}],"bounds":{"lowerRight":{"x":214,"y":540.75},"upperLeft":{"x":112,"y":458.75}},"dockers":[]},{"resourceId":"oryx_4F2BDA28-5FEF-4B70-999F-A33865FBE3BE","properties":{"y":"252.75","x":"1025.0","AreaVPath":"$IW_WORKAREA","Brief Description":"Notify Deploy Failure","Description":"","Name":"Notify Deployment","id":"Notify Deployment","CSSclass":"Task","Owner":"$IW_USER","EMailCommand":"http://$IW_SERVER/iw-cc/urlexternaltask","Retry":"true","Lock":"false","Readonly":"false","Transferonly":"false","Variables":"mail_template=/iwadmin/main/config/STAGING/workflow/email/reviewerNotification.xsl|ClassName=com.interwoven.ui.teamsite.workflow.task.urltask.ReviewerMailNotificationTask|target_task_name=Resolve Deploy Problem","Eafinishop":"","Eastartop":"","Wfvarfinishop":"","Wfvarstartop":"","ActivationCount":"0","Status":"none","Valid":"true","BackgroundColor":"#c0c0c0","TaskType":"ItsEmailTask"},"stencil":{"id":"EmailTask"},"childShapes":[],"outgoing":[{"resourceId":"oryx_3BD89A6A-AC65-464E-B1E2-16DE7E7A8D1F"},{"resourceId":"oryx_980252ED-6031-4692-AE42-4F59A5D91164"}],"bounds":{"lowerRight":{"x":1077,"y":552.75},"upperLeft":{"x":975,"y":470.75}},"dockers":[]},{"resourceId":"oryx_FC5BB74D-00CB-4390-B6A0-8E44B757129E","properties":{"y":"470.75","x":"427.0","AreaVPath":"$IW_WORKAREA","Brief Description":"Metadata Capture","Description":"","Name":"Metadata Capture","id":"Metadata Capture","CSSclass":"Task","Owner":"$IW_USER","MDCaptureUI":"iwmetadata.cgi","Immediate":"true","Lock":"false","Readonly":"false","Transferonly":"false","Variables":"","Eafinishop":"","Eastartop":"","Wfvarfinishop":"","Wfvarstartop":"","ActivationCount":"0","Status":"none","Valid":"true","BackgroundColor":"#c0c0c0","TaskType":"ItsMetadataTask"},"stencil":{"id":"MetadataTask"},"childShapes":[],"outgoing":[{"resourceId":"oryx_71498C1E-CDAD-470D-8AED-CF5E38C4BF47"}],"bounds":{"lowerRight":{"x":427,"y":770.75},"upperLeft":{"x":325,"y":688.75}},"dockers":[]},{"resourceId":"oryx_4FD5B1DE-33DC-48C0-A07E-1B787D265FE2","properties":{"y":"272.75","x":"642.0","AreaVPath":"$IW_WORKAREA","Brief Description":"Submit Author Work","Description":"","Name":"Submit Author Work","id":"Submit Author Work","CSSclass":"Task","Owner":"$IW_USER","SubmitComment":"$IW_CV(SumtComment)","SubmitInfo":"$IW_CV(SumtInfo)","Override":"$IW_CV(ID1194939564877)","Save Comments":"false","Skip Conflicts":"false","Skip Locked":"false","Unlock":"$IW_CV(ID1194939577440)","Variables":"","Eafinishop":"","Eastartop":"","Wfvarfinishop":"","Wfvarstartop":"","ActivationCount":"0","Status":"none","Valid":"true","BackgroundColor":"#c0c0c0","TaskType":"ItsSubmitTask"},"stencil":{"id":"SubmitTask"},"childShapes":[],"outgoing":[{"resourceId":"oryx_340AD1D5-945F-49E5-8BB2-E444D97DC331"},{"resourceId":"oryx_187679BD-B792-41A6-B17E-BA76D3D28A0F"}],"bounds":{"lowerRight":{"x":672,"y":552.75},"upperLeft":{"x":570,"y":470.75}},"dockers":[]},{"resourceId":"oryx_292A9CDC-5A2D-4F50-96C5-89FFB3F77D03","properties":{"y":"284.75","x":"848.0","AreaVPath":"$IW_WORKAREA","Brief Description":"","Description":"","Name":"DeployTask","id":"DeployTask","CSSclass":"Task","Owner":"$IW_USER","DeployCommand":"http://$IW_SERVER/iw-cc/urlexternaltask?acceptTransition=Success&rejectTransition=Failure","OD Variables":"","Retry":"false","Lock":"false","Readonly":"false","Transferonly":"false","Variables":"odDeploymentName=test","Eafinishop":"","Eastartop":"","Wfvarfinishop":"","Wfvarstartop":"","ActivationCount":"0","Status":"none","Valid":"true","BackgroundColor":"#c0c0c0","TaskType":"ItsDeployTask"},"stencil":{"id":"DeployTask"},"childShapes":[],"outgoing":[{"resourceId":"oryx_BA3E2801-377E-45D9-BB79-75FE3A5BFFD3"},{"resourceId":"oryx_E9283202-414B-4327-8C6C-EDC9065165ED"}],"bounds":{"lowerRight":{"x":837,"y":697},"upperLeft":{"x":735,"y":615}},"dockers":[]},{"resourceId":"oryx_E80DC983-703E-4FD0-874F-3A323565EEEA","properties":{"y":"-5.350586","x":"633.0","Name":"End35","id":"End35","Brief Description":"","Eafinishop":"","Eastartop":"","Wfvarfinishop":"","Wfvarstartop":"","CSSclass":"Event"},"stencil":{"id":"End"},"childShapes":[],"outgoing":[],"bounds":{"lowerRight":{"x":627,"y":288.649414},"upperLeft":{"x":593,"y":254.649414}},"dockers":[]},{"resourceId":"oryx_48D8B743-4DDA-4D5A-BBD0-D4739A736008","properties":{"y":"116.35058","x":"355.35156","Name":"Check Nofity Author","id":"Check Nofity Author","GatewayType":"AND"},"stencil":{"id":"AND"},"childShapes":[],"outgoing":[{"resourceId":"oryx_F23D0E04-307D-4CAC-A9C5-1CBB71BDCDF2"},{"resourceId":"oryx_4234A687-A105-4F76-AF62-86A7B54135FC"}],"bounds":{"lowerRight":{"x":355.35156,"y":416.35058},"upperLeft":{"x":315.35156,"y":376.35058}},"dockers":[]},{"resourceId":"oryx_16FBD452-22D5-492F-91D6-5D39DE39481E","properties":{"y":"156.35059","x":"809.35156","Name":"Check Deploy Failure","id":"Check Deploy Failure","GatewayType":"AND"},"stencil":{"id":"AND"},"childShapes":[],"outgoing":[{"resourceId":"oryx_755AFBF3-4516-4211-A46E-CC1454AE8727"},{"resourceId":"oryx_2AF8B69C-8867-4A9A-9109-0FE4EC1C2F09"}],"bounds":{"lowerRight":{"x":809.35156,"y":456.35059},"upperLeft":{"x":769.35156,"y":416.35059}},"dockers":[]},{"resourceId":"oryx_6B8B09F9-8F1B-4170-93D4-578BEC89E96B","properties":{"Name":"Flow7","id":"Flow7","Type":"Conditional","Expression":"$IW_SCRIPT(ID1158041730786)"},"stencil":{"id":"ConditionalLink"},"childShapes":[],"outgoing":[{"resourceId":"oryx_AB4A722F-0F67-4389-98E4-1A27E32F666B"}],"bounds":{"lowerRight":{"x":134.15625,"y":385},"upperLeft":{"x":40,"y":343.109375}},"dockers":[{"x":27,"y":31.350586000000014},{"x":40,"y":385},{"x":50,"y":40}],"target":{"resourceId":"oryx_AB4A722F-0F67-4389-98E4-1A27E32F666B"}},{"resourceId":"oryx_1AE4F420-CD04-45BF-ACEE-DA0638A7AD46","properties":{"Name":"Flow8","id":"Flow8","Type":"Conditional","Expression":"$IW_SCRIPT(ID1158041773146)"},"stencil":{"id":"ConditionalLink"},"childShapes":[],"outgoing":[{"resourceId":"oryx_DA3E8D23-BE9D-4FEB-9CC4-B7F290A13218"}],"bounds":{"lowerRight":{"x":257,"y":476},"upperLeft":{"x":47.0625,"y":323.099414}},"dockers":[{"x":28,"y":14.45},{"x":257,"y":323.099414},{"x":257,"y":476},{"x":69.92562833370454,"y":17.25}],"target":{"resourceId":"oryx_DA3E8D23-BE9D-4FEB-9CC4-B7F290A13218"}},{"resourceId":"oryx_0190246C-3BB5-452F-98A5-07FB71897568","properties":{"Name":"Flow9","id":"Flow9","Type":"Conditional","Expression":"$IW_SCRIPT(ID1158041856286)"},"stencil":{"id":"ConditionalLink"},"childShapes":[],"outgoing":[{"resourceId":"oryx_270916D1-CD0D-47C0-85BF-E37F4005D101"}],"bounds":{"lowerRight":{"x":29.85195338209117,"y":581.9658292286272},"upperLeft":{"x":27.79726536790883,"y":342.8765360673949}},"dockers":[{"x":17,"y":17},{"x":27.450000000000003,"y":39.624606999074786}],"target":{"resourceId":"oryx_270916D1-CD0D-47C0-85BF-E37F4005D101"}},{"resourceId":"oryx_0D092EDC-9842-4DD9-A8FD-0FC7505259F4","properties":{"Name":"Notify","id":"Notify","Type":"Conditional","Expression":"$IW_SCRIPT(ID1158041910255)"},"stencil":{"id":"ConditionalLink"},"childShapes":[],"outgoing":[{"resourceId":"oryx_DA3E8D23-BE9D-4FEB-9CC4-B7F290A13218"}],"bounds":{"lowerRight":{"x":185,"y":457.8828125},"upperLeft":{"x":162,"y":427.53515625}},"dockers":[{"x":50,"y":40},{"x":185,"y":427.875},{"x":162,"y":427.875},{"x":50,"y":40}],"target":{"resourceId":"oryx_DA3E8D23-BE9D-4FEB-9CC4-B7F290A13218"}},{"resourceId":"oryx_940218D9-BB48-4C62-8400-8287DEBA5268","properties":{"Name":"Assign files","id":"Assign files","Type":"Conditional","Expression":"$IW_SCRIPT(ID1158041948849)"},"stencil":{"id":"ConditionalLink"},"childShapes":[],"outgoing":[{"resourceId":"oryx_270916D1-CD0D-47C0-85BF-E37F4005D101"}],"bounds":{"lowerRight":{"x":134.19792884280986,"y":582.268124204066},"upperLeft":{"x":36.45580910775831,"y":400}},"dockers":[{"x":26.594337088813774,"y":55},{"x":36.45580910775831,"y":400},{"x":36.45580910775831,"y":17.748460667696065}],"target":{"resourceId":"oryx_270916D1-CD0D-47C0-85BF-E37F4005D101"}},{"resourceId":"oryx_544EFE58-F66B-4122-BE5B-8D3989F87C8E","properties":{"Name":"Assign to Author","id":"Assign to Author","Type":"Default"},"stencil":{"id":"Flow"},"childShapes":[],"outgoing":[{"resourceId":"oryx_270916D1-CD0D-47C0-85BF-E37F4005D101"}],"bounds":{"lowerRight":{"x":111.27129955943337,"y":582.5471438568698},"upperLeft":{"x":50.32844231262217,"y":499.20426697263935}},"dockers":[{"x":50,"y":40},{"x":50.32844231262217,"y":499.75},{"x":50.32844231262217,"y":25.343781956356963}],"target":{"resourceId":"oryx_270916D1-CD0D-47C0-85BF-E37F4005D101"}},{"resourceId":"oryx_AA7123C9-1D8D-494A-8B20-583051CF25A5","properties":{"Name":"Capture Metadata","id":"Capture Metadata","Type":"Conditional","Expression":"$IW_SCRIPT(ID1158042120255)"},"stencil":{"id":"ConditionalLink"},"childShapes":[],"outgoing":[{"resourceId":"oryx_FC5BB74D-00CB-4390-B6A0-8E44B757129E"}],"bounds":{"lowerRight":{"x":324.48828125,"y":728.75},"upperLeft":{"x":50,"y":665.15625}},"dockers":[{"x":50,"y":40},{"x":50,"y":728.75},{"x":50,"y":40}],"target":{"resourceId":"oryx_FC5BB74D-00CB-4390-B6A0-8E44B757129E"}},{"resourceId":"oryx_602033BC-1322-4726-8F4D-30A936035D35","properties":{"Name":"Review Author Files","id":"Review Author Files","Type":"Conditional","Expression":"$IW_SCRIPT(ID1158042160661)"},"stencil":{"id":"ConditionalLink"},"childShapes":[],"outgoing":[{"resourceId":"oryx_506028EE-F75C-4DAB-A63A-071C1DA15BCC"}],"bounds":{"lowerRight":{"x":422.4080322044256,"y":644.25},"upperLeft":{"x":102.546875,"y":641.7745198138658}},"dockers":[{"x":101,"y":61.5},{"x":381,"y":644.25},{"x":50,"y":41}],"target":{"resourceId":"oryx_506028EE-F75C-4DAB-A63A-071C1DA15BCC"}},{"resourceId":"oryx_71498C1E-CDAD-470D-8AED-CF5E38C4BF47","properties":{"Name":"Start Review","id":"Start Review","Type":"Default"},"stencil":{"id":"Flow"},"childShapes":[],"outgoing":[{"resourceId":"oryx_506028EE-F75C-4DAB-A63A-071C1DA15BCC"}],"bounds":{"lowerRight":{"x":473,"y":728.75},"upperLeft":{"x":427.296875,"y":680.53125}},"dockers":[{"x":50,"y":40},{"x":473,"y":728.75},{"x":50,"y":41}],"target":{"resourceId":"oryx_506028EE-F75C-4DAB-A63A-071C1DA15BCC"}},{"resourceId":"oryx_340AD1D5-945F-49E5-8BB2-E444D97DC331","properties":{"Name":"Deploy Files","id":"Deploy Files","Type":"Conditional","Expression":"$IW_SCRIPT(ID1158042877724)"},"stencil":{"id":"ConditionalLink"},"childShapes":[],"outgoing":[{"resourceId":"oryx_292A9CDC-5A2D-4F50-96C5-89FFB3F77D03"}],"bounds":{"lowerRight":{"x":734.125,"y":655},"upperLeft":{"x":672.453125,"y":510.75}},"dockers":[{"x":50,"y":40},{"x":709,"y":510.75},{"x":709,"y":655},{"x":50,"y":40}],"target":{"resourceId":"oryx_292A9CDC-5A2D-4F50-96C5-89FFB3F77D03"}},{"resourceId":"oryx_A048F4CF-50E6-4AC6-818E-DBC4D7B98405","properties":{"Name":"Accept","id":"Accept","Type":"Success"},"stencil":{"id":"SuccessLink"},"childShapes":[],"outgoing":[{"resourceId":"oryx_4FD5B1DE-33DC-48C0-A07E-1B787D265FE2"}],"bounds":{"lowerRight":{"x":569.8343748659943,"y":597.418416158685},"upperLeft":{"x":497,"y":499}},"dockers":[{"x":74,"y":29.79098250819868},{"x":497,"y":499},{"x":14.507407248585764,"y":28.25}],"target":{"resourceId":"oryx_4FD5B1DE-33DC-48C0-A07E-1B787D265FE2"}},{"resourceId":"oryx_1956CB3F-1A5A-4C71-9DF7-3356281C8DDD","properties":{"ToGatewayPosition":"Right","Name":"Reject","id":"Reject","Type":"Failure"},"stencil":{"id":"FailureLink"},"childShapes":[],"outgoing":[{"resourceId":"oryx_48D8B743-4DDA-4D5A-BBD0-D4739A736008"}],"bounds":{"lowerRight":{"x":473,"y":597.034472421875},"upperLeft":{"x":355.70837187500007,"y":396.35058}},"dockers":[{"x":50,"y":41},{"x":473,"y":396.35058},{"x":20,"y":20}],"target":{"resourceId":"oryx_48D8B743-4DDA-4D5A-BBD0-D4739A736008"}},{"resourceId":"oryx_F23D0E04-307D-4CAC-A9C5-1CBB71BDCDF2","properties":{"FromGatewayPosition":"Left","Name":"Work Reject Notify","id":"Work Reject Notify","Type":"Conditional","Expression":"$IW_SCRIPT(ID1158043402552)"},"stencil":{"id":"ConditionalLink"},"childShapes":[],"outgoing":[{"resourceId":"oryx_DA3E8D23-BE9D-4FEB-9CC4-B7F290A13218"}],"bounds":{"lowerRight":{"x":323.20407182675285,"y":498.75},"upperLeft":{"x":214.63567925700676,"y":405.03471813012584}},"dockers":[{"x":7.8525118267528455,"y":20.520797484505195},{"x":323.20407182675285,"y":498.75},{"x":50,"y":40}],"target":{"resourceId":"oryx_DA3E8D23-BE9D-4FEB-9CC4-B7F290A13218"}},{"resourceId":"oryx_4234A687-A105-4F76-AF62-86A7B54135FC","properties":{"FromGatewayPosition":"Left","Name":"Work Rejected","id":"Work Rejected","Type":"Conditional","Expression":"$IW_SCRIPT(ID1158043433052)"},"stencil":{"id":"ConditionalLink"},"childShapes":[],"outgoing":[{"resourceId":"oryx_270916D1-CD0D-47C0-85BF-E37F4005D101"}],"bounds":{"lowerRight":{"x":345.35156,"y":631.017980584151},"upperLeft":{"x":102.36043344174274,"y":407.8324320910431}},"dockers":[{"x":30,"y":23.250060204168662},{"x":345.35156,"y":631.017980584151},{"x":63.9924230679556,"y":48.26798058415102}],"target":{"resourceId":"oryx_270916D1-CD0D-47C0-85BF-E37F4005D101"}},{"resourceId":"oryx_755AFBF3-4516-4211-A46E-CC1454AE8727","properties":{"FromGatewayPosition":"Right","Name":"Notify Failure","id":"Notify Failure","Type":"Conditional","Expression":"$IW_SCRIPT(ID1158043748396)"},"stencil":{"id":"ConditionalLink"},"childShapes":[],"outgoing":[{"resourceId":"oryx_4F2BDA28-5FEF-4B70-999F-A33865FBE3BE"}],"bounds":{"lowerRight":{"x":997.0880236404998,"y":470.57094990693827},"upperLeft":{"x":809.8268534662967,"y":436.35059}},"dockers":[{"x":20,"y":20},{"x":997.0880236404998,"y":436.35059},{"x":22.08802364049984,"y":26.522293622812185}],"target":{"resourceId":"oryx_4F2BDA28-5FEF-4B70-999F-A33865FBE3BE"}},{"resourceId":"oryx_980252ED-6031-4692-AE42-4F59A5D91164","properties":{"Name":"Resolve","id":"Resolve","Type":"Default"},"stencil":{"id":"Flow"},"childShapes":[],"outgoing":[{"resourceId":"oryx_34D779FC-4561-427E-B876-B3EF67A8D26D"}],"bounds":{"lowerRight":{"x":1031,"y":470.0670548501495},"upperLeft":{"x":975.46875,"y":328.75}},"dockers":[{"x":56,"y":23.60530018926488},{"x":1031,"y":328.75},{"x":50,"y":40}],"target":{"resourceId":"oryx_34D779FC-4561-427E-B876-B3EF67A8D26D"}},{"resourceId":"oryx_2AF8B69C-8867-4A9A-9109-0FE4EC1C2F09","properties":{"Name":"Resolve Deploy","id":"Resolve Deploy","Type":"Conditional","Expression":"$IW_SCRIPT(ID1158043936552)"},"stencil":{"id":"ConditionalLink"},"childShapes":[],"outgoing":[{"resourceId":"oryx_34D779FC-4561-427E-B876-B3EF67A8D26D"}],"bounds":{"lowerRight":{"x":872.84375,"y":425.85414161387797},"upperLeft":{"x":780,"y":328.75}},"dockers":[{"x":10.64844000000005,"y":17.043827721469825},{"x":780,"y":328.75},{"x":50,"y":40}],"target":{"resourceId":"oryx_34D779FC-4561-427E-B876-B3EF67A8D26D"}},{"resourceId":"oryx_FF740E05-5AB7-45DD-A582-715D1995DA95","properties":{"Name":"Cancel Job","id":"Cancel Job","Type":"Default"},"stencil":{"id":"Flow"},"childShapes":[],"outgoing":[{"resourceId":"oryx_E80DC983-703E-4FD0-874F-3A323565EEEA"}],"bounds":{"lowerRight":{"x":923,"y":288.60430293749994},"upperLeft":{"x":627.55556640625,"y":269.09941399999997}},"dockers":[{"x":50,"y":40},{"x":923,"y":269.09941399999997},{"x":14.45,"y":14.449999999999987}],"target":{"resourceId":"oryx_E80DC983-703E-4FD0-874F-3A323565EEEA"}},{"resourceId":"oryx_3884102A-B4D8-4159-AB33-824552930444","properties":{"Name":"Retry","id":"Retry","Type":"Default"},"stencil":{"id":"Flow"},"childShapes":[],"outgoing":[{"resourceId":"oryx_292A9CDC-5A2D-4F50-96C5-89FFB3F77D03"}],"bounds":{"lowerRight":{"x":872.9416990159516,"y":614.5058161543494},"upperLeft":{"x":822,"y":349}},"dockers":[{"x":26.30857527955584,"y":60.25},{"x":822,"y":349},{"x":87,"y":25.561918527835246}],"target":{"resourceId":"oryx_292A9CDC-5A2D-4F50-96C5-89FFB3F77D03"}},{"resourceId":"oryx_187679BD-B792-41A6-B17E-BA76D3D28A0F","properties":{"Name":"Flow39","id":"Flow39","Type":"Conditional","Expression":"$IW_SCRIPT(ID1158044143708)"},"stencil":{"id":"ConditionalLink"},"childShapes":[],"outgoing":[{"resourceId":"oryx_E80DC983-703E-4FD0-874F-3A323565EEEA"}],"bounds":{"lowerRight":{"x":608.45,"y":469.84047093749837},"upperLeft":{"x":606.45,"y":288.77914149421275}},"dockers":[{"x":37.450000000000045,"y":37.449925925923935},{"x":14.45,"y":14.449999999999987}],"target":{"resourceId":"oryx_E80DC983-703E-4FD0-874F-3A323565EEEA"}},{"resourceId":"oryx_3BD89A6A-AC65-464E-B1E2-16DE7E7A8D1F","properties":{"Name":"Resolve Now","id":"Resolve Now","Type":"Timeout","Timeout Duration":"+000001"},"stencil":{"id":"TimeoutLink"},"childShapes":[],"outgoing":[{"resourceId":"oryx_34D779FC-4561-427E-B876-B3EF67A8D26D"}],"bounds":{"lowerRight":{"x":1054.8450378272544,"y":470.3047205891527},"upperLeft":{"x":975.5353172284068,"y":317.75}},"dockers":[{"x":79.84503782725437,"y":36.9034225643627},{"x":1054.8450378272544,"y":317.75},{"x":90.0625,"y":29}],"target":{"resourceId":"oryx_34D779FC-4561-427E-B876-B3EF67A8D26D"}},{"resourceId":"oryx_6DF4F7DD-1BD8-471F-8F3A-3E7576945C1A","properties":{"Name":"Send to author","id":"Send to author","Type":"Timeout","Timeout Duration":"+000001"},"stencil":{"id":"TimeoutLink"},"childShapes":[],"outgoing":[{"resourceId":"oryx_270916D1-CD0D-47C0-85BF-E37F4005D101"}],"bounds":{"lowerRight":{"x":111.64514424742401,"y":582.3867295880866},"upperLeft":{"x":66,"y":511}},"dockers":[{"x":17.516792166705045,"y":52.25},{"x":66,"y":511},{"x":66,"y":11.722985470946753}],"target":{"resourceId":"oryx_270916D1-CD0D-47C0-85BF-E37F4005D101"}},{"resourceId":"oryx_BA3E2801-377E-45D9-BB79-75FE3A5BFFD3","properties":{"Name":"Success","id":"Flow43","Type":"Success"},"stencil":{"id":"SuccessLink"},"childShapes":[],"outgoing":[{"resourceId":"oryx_E80DC983-703E-4FD0-874F-3A323565EEEA"}],"bounds":{"lowerRight":{"x":743.268475785223,"y":614.5900399543326},"upperLeft":{"x":627.2353943939925,"y":284.69235320547006}},"dockers":[{"x":8.268475785223018,"y":11.954202933586544},{"x":743.268475785223,"y":284.69235320547006},{"x":14.700743494928929,"y":30.04293920547005}],"target":{"resourceId":"oryx_E80DC983-703E-4FD0-874F-3A323565EEEA"}},{"resourceId":"oryx_E9283202-414B-4327-8C6C-EDC9065165ED","properties":{"Name":"Failure","id":"Flow44","Type":"Failure"},"stencil":{"id":"FailureLink"},"childShapes":[],"outgoing":[{"resourceId":"oryx_16FBD452-22D5-492F-91D6-5D39DE39481E"}],"bounds":{"lowerRight":{"x":790.35156,"y":614.6275828515625},"upperLeft":{"x":788.35156,"y":456.2616651953125}},"dockers":[{"x":54.35155999999995,"y":15},{"x":20,"y":20}],"target":{"resourceId":"oryx_16FBD452-22D5-492F-91D6-5D39DE39481E"}}],"bounds":{"lowerRight":{"x":1485,"y":1350},"upperLeft":{"x":0,"y":0}},"stencilset":{"url":"/iw-wfm/editor/stencilsets/iwov_process_model/iwovprocessmodels.json","namespace":"http://autonomy.com/stencilset/iwovwfm#"},"ssextensions":[],"modelVariables":[{"TaskId":"SubmitTask","PropertyName":"SubmitComment","VariableId":"SumtComment","VariableValue":"","TaskType":"","isDeleted":""},{"TaskId":"Submit Author Work","PropertyName":"Unlock","VariableId":"ID1194939577440","VariableValue":{"value":{"id":"ID1194939577440","isHidden":false,"description":"","isReadOnly":false,"label":"Do you want to unlock the file after submission?","defaultValue":"true"},"type":"$IW_CV"},"TaskType":"SubmitTask","isDeleted":""},{"TaskId":"Submit Author Work","PropertyName":"SubmitComment","VariableId":"SumtComment","VariableValue":{"value":{"id":"SumtComment","isHidden":false,"description":"Enter comment for the job.","isReadOnly":false,"label":"Comment","defaultValue":""},"type":"$IW_CV"},"TaskType":"SubmitTask","isDeleted":""},{"TaskId":"Review Author Work","PropertyName":"Available Users","VariableId":"masterReviewers","VariableValue":{"value":{"id":"masterReviewers","isHidden":true,"description":"List of reviewers who are masters in the system.","isReadOnly":true,"label":"Reviewers","defaultValue":"$IW_AREAOWNER","datasource":"UserMasterPicker"},"type":"$IW_DS"},"TaskType":"ReviewTask","isDeleted":""},{"TaskId":"Flow8","PropertyName":"Expression","VariableId":"ID1158041773146","VariableValue":{"value":{"id":"ID1158041773146","code":"if((\"$IW_CV(AddFiles)\" != \"true\") &&  (\"$IW_CV(NotifyAuthor)\" == \"true\")){true;}else{false;}"},"type":"$IW_SCRIPT"},"TaskType":"Flow","isDeleted":""},{"TaskId":"Notify","PropertyName":"Expression","VariableId":"ID1158041910255","VariableValue":{"value":{"id":"ID1158041910255","code":"if(\"$IW_CV(NotifyAuthor)\" == \"true\"){true;}else{false;}"},"type":"$IW_SCRIPT"},"TaskType":"Flow","isDeleted":""},{"TaskId":"Notify Failure","PropertyName":"Expression","VariableId":"ID1158043748396","VariableValue":{"value":{"id":"ID1158043748396","code":"if(\"$IW_CV(NotifyDeployFailure)\" == \"true\"){true;}else{false;}"},"type":"$IW_SCRIPT"},"TaskType":"Flow","isDeleted":""},{"TaskId":"Submit Author Work","PropertyName":"Override","VariableId":"ID1194939564877","VariableValue":{"value":{"id":"ID1194939564877","isHidden":false,"description":"","isReadOnly":false,"label":"Override conflicts with STAGING?","defaultValue":"false"},"type":"$IW_CV"},"TaskType":"SubmitTask","isDeleted":""},{"TaskId":"Flow7","PropertyName":"Expression","VariableId":"ID1158041730786","VariableValue":{"value":{"id":"ID1158041730786","code":"if(\"$IW_CV(AddFiles)\" == \"true\"){true;}else{false;}"},"type":"$IW_SCRIPT"},"TaskType":"Flow","isDeleted":""},{"TaskId":"Author Work","PropertyName":"Owner","VariableId":"ID1158041552114","VariableValue":{"value":{"id":"ID1158041552114","isHidden":false,"description":"Select the author for the job.","isReadOnly":false,"label":"Author","defaultValue":"$IW_AREAOWNER","datasource":"User Author Picker"},"type":"$IW_DS"},"TaskType":"UserTask","isDeleted":""},{"TaskId":"ReviewTask","PropertyName":"NotifyReviewer","VariableId":"NotifyReviewer","VariableValue":"","TaskType":"","isDeleted":""},{"TaskId":"UserTask","PropertyName":"Owner","VariableId":"ID1158041552114","VariableValue":"","TaskType":"","isDeleted":""},{"TaskId":"SubmitTask","PropertyName":"Override","VariableId":"ID1194939564877","VariableValue":"","TaskType":"","isDeleted":""},{"TaskId":"SubmitTask","PropertyName":"SubmitInfo","VariableId":"SumtInfo","VariableValue":"","TaskType":"","isDeleted":""},{"TaskId":"Workflow Properties","PropertyName":"Global Variables","VariableId":"DeployFiles","VariableValue":{"value":{"id":"DeployFiles","isHidden":true,"description":"Do you want to deploy the files?","isReadOnly":true,"label":"Deploy Files","defaultValue":"false"},"type":"$IW_CV"},"TaskType":"ModelProperties","isDeleted":""},{"TaskId":"Workflow Properties","PropertyName":"Global Variables","VariableId":"CaptureMetadata","VariableValue":{"value":{"id":"CaptureMetadata","isHidden":true,"description":"Do you want to capture metadata.","isReadOnly":true,"label":"Metadata","defaultValue":"true"},"type":"$IW_CV"},"TaskType":"ModelProperties","isDeleted":""},{"TaskId":"Review Author Work","PropertyName":"ReviewType","VariableId":"ID1158042466677","VariableValue":{"value":{"id":"ID1158042466677","isHidden":true,"description":"Please select the type of review.","isReadOnly":true,"label":"Type of review","defaultValue":"Concurrent"},"type":"$IW_CV"},"TaskType":"ReviewTask","isDeleted":""},{"TaskId":"Review Author Files","PropertyName":"Expression","VariableId":"ID1158042160661","VariableValue":{"value":{"id":"ID1158042160661","code":"if(\"$IW_CV(CaptureMetadata)\" != \"true\"){true;}else{false;}"},"type":"$IW_SCRIPT"},"TaskType":"Flow","isDeleted":""},{"TaskId":"Work Reject Notify","PropertyName":"Expression","VariableId":"ID1158043402552","VariableValue":{"value":{"id":"ID1158043402552","code":"if(\"$IW_CV(NotifyAuthor)\" == \"true\"){true;}else{false;}"},"type":"$IW_SCRIPT"},"TaskType":"Flow","isDeleted":""},{"TaskId":"Review Author Work","PropertyName":"NotifyReviewer","VariableId":"NotifyReviewer","VariableValue":{"value":{"id":"NotifyReviewer","isHidden":true,"description":"Should reviewer get notification email.","isReadOnly":true,"label":"Notify Reviewer","defaultValue":"true"},"type":"$IW_CV"},"TaskType":"ReviewTask","isDeleted":""},{"TaskId":"Workflow Properties","PropertyName":"Global Variables","VariableId":"NotifyDeployFailure","VariableValue":{"value":{"id":"NotifyDeployFailure","isHidden":true,"description":"Do you want to notify deployment failure","isReadOnly":true,"label":"Notify Deploy","defaultValue":"false"},"type":"$IW_CV"},"TaskType":"ModelProperties","isDeleted":""},{"TaskId":"Deploy Files","PropertyName":"Expression","VariableId":"ID1158042877724","VariableValue":{"value":{"id":"ID1158042877724","code":"if(\"$IW_CV(DeployFiles)\" == \"true\"){true;}else{false;}"},"type":"$IW_SCRIPT"},"TaskType":"Flow","isDeleted":""},{"TaskId":"Flow39","PropertyName":"Expression","VariableId":"ID1158044143708","VariableValue":{"value":{"id":"ID1158044143708","code":"if(\"$IW_CV(DeployFiles)\" != \"true\"){true;}else{false;}"},"type":"$IW_SCRIPT"},"TaskType":"Flow","isDeleted":""},{"TaskId":"Workflow Properties","PropertyName":"Global Variables","VariableId":"NotifyAuthor","VariableValue":{"value":{"id":"NotifyAuthor","isHidden":true,"description":"Do you want to send an email to author before assigning the job.","isReadOnly":true,"label":"Notify Author","defaultValue":"true"},"type":"$IW_CV"},"TaskType":"ModelProperties","isDeleted":""},{"TaskId":"Capture Metadata","PropertyName":"Expression","VariableId":"ID1158042120255","VariableValue":{"value":{"id":"ID1158042120255","code":"if(\"$IW_CV(CaptureMetadata)\" == \"true\"){true;}else{false;}"},"type":"$IW_SCRIPT"},"TaskType":"Flow","isDeleted":""},{"TaskId":"ReviewTask","PropertyName":"Available Users","VariableId":"masterReviewers","VariableValue":"","TaskType":"","isDeleted":""},{"TaskId":"Flow9","PropertyName":"Expression","VariableId":"ID1158041856286","VariableValue":{"value":{"id":"ID1158041856286","code":"if((\"$IW_CV(AddFiles)\" != \"true\") && (\"$IW_CV(NotifyAuthor)\" != \"true\")){true;}else{false;}"},"type":"$IW_SCRIPT"},"TaskType":"Flow","isDeleted":""},{"TaskId":"Resolve Deploy","PropertyName":"Expression","VariableId":"ID1158043936552","VariableValue":{"value":{"id":"ID1158043936552","code":"if(\"$IW_CV(NotifyDeployFailure)\" != \"true\"){true;}else{false;}"},"type":"$IW_SCRIPT"},"TaskType":"Flow","isDeleted":""},{"TaskId":"SubmitTask","PropertyName":"Unlock","VariableId":"ID1194939577440","VariableValue":"","TaskType":"","isDeleted":""},{"TaskId":"Submit Author Work","PropertyName":"SubmitInfo","VariableId":"SumtInfo","VariableValue":{"value":{"id":"SumtInfo","isHidden":false,"description":"Enter info for the job","isReadOnly":false,"label":"Info","defaultValue":""},"type":"$IW_CV"},"TaskType":"SubmitTask","isDeleted":""},{"TaskId":"Work Rejected","PropertyName":"Expression","VariableId":"ID1158043433052","VariableValue":{"value":{"id":"ID1158043433052","code":"if(\"$IW_CV(NotifyAuthor)\" != \"true\"){true;}else{false;}"},"type":"$IW_SCRIPT"},"TaskType":"Flow","isDeleted":""},{"TaskId":"Review Author Work","PropertyName":"NoOfReviewers","VariableId":"ID1158042351224","VariableValue":{"value":{"isHidden":false,"id":"ID1158042351224","users":"$IW_AREAOWNER, $IW_USER, $IW_DS(masterReviewers)","description":"Reviewer of the job.","isReadOnly":false,"noOfReviewers":1,"label":"Reviewer","reviewers":"u-$IW_AREAOWNER","groups":""},"type":"$IW_REVIEWER"},"TaskType":"ReviewTask","isDeleted":""},{"TaskId":"Workflow Properties","PropertyName":"Global Variables","VariableId":"AddFiles","VariableValue":{"value":{"id":"AddFiles","isHidden":false,"description":"Do you want to add additional files into the job","isReadOnly":false,"label":"Add Files","defaultValue":"true"},"type":"$IW_CV"},"TaskType":"ModelProperties","isDeleted":""},{"TaskId":"ReviewTask","PropertyName":"NoOfReviewers","VariableId":"ID1158042351224","VariableValue":"","TaskType":"","isDeleted":""},{"TaskId":"Assign files","PropertyName":"Expression","VariableId":"ID1158041948849","VariableValue":{"value":{"id":"ID1158041948849","code":"if(\"$IW_CV(NotifyAuthor)\" != \"true\"){true;}else{false;}"},"type":"$IW_SCRIPT"},"TaskType":"Flow","isDeleted":""},{"TaskId":"ReviewTask","PropertyName":"ReviewType","VariableId":"ID1158042466677","VariableValue":"","TaskType":"","isDeleted":""}]}