{"resourceId":"oryx-canvas123","properties":{"Owner":"$IW_USER","Priority":"2","Brief Description":"","Description":"$IW_CV(JobDescription)","DueDate":"","Global Variables":"$IW_CV(ExternalURLTask)|$IW_CV(ReviewerGroup)|$IW_CV(imageWorkarea)|$IW_CV(ReviewFlag)|$IW_SCRIPT(ReviewFlagIsTrue)|$IW_SCRIPT(ReviewFlagIsFalse)|$IW_CV(DisableGlobalBlacklist)|$IW_CV(targetPathPreview)|$IW_CV(targetFragmentPathPreview)|$IW_CV(targetPathProd)|$IW_CV(targetFragmentPathProd)|$IW_CV(sitesFolderPath)|$IW_CV(RequestType)|$IW_CV(DomainNameSiteMap)|$IW_CV(RestURL)|$IW_CV(UrlMappingFolderPath)|$IW_CV(PreviewURL)|$IW_CV(ProductionURL)","VAVariables":"","Variables":"","PostProcessorCommand":"","PreProcessorCommand":"","Name":"Content Publish Workflow","id":"Workflow Properties1","ActivationCount":"","Version":"1.0.0.1","Status":"","Valid":"true","File Comments":"true"},"stencil":{"id":"ModelProperties"},"childShapes":[{"resourceId":"oryx_DE2C6CBB-12B0-40AB-91A2-0EBC7ED5F486","properties":{"y":"786.0","x":"133.0","Name":"Start","id":"Start","CSSclass":"Event"},"stencil":{"id":"Start"},"childShapes":[],"outgoing":[{"resourceId":"oryx_61B7CB85-EC9D-40D5-BEB6-4D5B9FE0681B"}],"bounds":{"lowerRight":{"x":127,"y":780},"upperLeft":{"x":93,"y":746}},"dockers":[]},{"resourceId":"oryx_C143FA7A-AC41-41FF-9CCF-4A9E53C5A577","properties":{"y":"-82.0","x":"478.0","AreaVPath":"$IW_WORKAREA","Brief Description":"Fix Issue For Fragments Generation","Description":"Fix Issue For Fragments Generation","Name":"Fix Issue For Fragments Generation","id":"Fix Issue For Fragments Generation","Eafinishop":"","Eastartop":"","Wfvarfinishop":"","Wfvarstartop":"","Lock":"false","Readonly":"false","Transferonly":"false","Owner":"$IW_USER","Variables":"","CSSclass":"Task","ActivationCount":"0","Status":"none","Valid":"true","BackgroundColor":"#c0c0c0","TaskType":"ItsUserTask"},"stencil":{"id":"UserTask"},"childShapes":[],"outgoing":[{"resourceId":"oryx_FAA490EC-98CB-4322-B91F-02F1A37182AA"}],"bounds":{"lowerRight":{"x":478,"y":-82},"upperLeft":{"x":376,"y":-164}},"dockers":[]},{"resourceId":"oryx_11AF1C9F-7C64-49C9-97C2-7C992CF62064","properties":{"y":"478.0","x":"143.0","AreaVPath":"$IW_WORKAREA","Brief Description":"","Description":"This is a user task to revise the files.","Name":"Revise Files","id":"Revise Files","Eafinishop":"","Eastartop":"","Wfvarfinishop":"","Wfvarstartop":"","Lock":"false","Readonly":"false","Transferonly":"false","Owner":"$IW_USER","Variables":"","CSSclass":"Task","ActivationCount":"0","Status":"none","Valid":"true","BackgroundColor":"#c0c0c0","TaskType":"ItsUserTask"},"stencil":{"id":"UserTask"},"childShapes":[],"outgoing":[{"resourceId":"oryx_5A722206-B28E-4746-93B2-A334CEEA6448"}],"bounds":{"lowerRight":{"x":143,"y":478},"upperLeft":{"x":41,"y":396}},"dockers":[]},{"resourceId":"oryx_22817891-FB49-461D-A5FB-ED4A15A49E0D","properties":{"y":"312.0","x":"-166.0","AreaVPath":"$IW_WORKAREA","Brief Description":"","Description":"Resolve Error","Name":"Resolve Error","id":"Resolve Error","Eafinishop":"","Eastartop":"","Wfvarfinishop":"","Wfvarstartop":"","Lock":"false","Readonly":"false","Transferonly":"false","Owner":"$IW_USER","Variables":"","CSSclass":"Task","ActivationCount":"0","Status":"none","Valid":"true","BackgroundColor":"#c0c0c0","TaskType":"ItsUserTask"},"stencil":{"id":"UserTask"},"childShapes":[],"outgoing":[{"resourceId":"oryx_4B3E8804-C574-4300-830F-B79E70BEE531"},{"resourceId":"oryx_D4529226-3150-413B-A18C-6156343836C9"}],"bounds":{"lowerRight":{"x":-166,"y":312},"upperLeft":{"x":-268,"y":230}},"dockers":[]},{"resourceId":"oryx_8D4F185B-BC18-4900-8E47-AFCF19FD9546","properties":{"y":"128.0","x":"618.0","AreaVPath":"$IW_WORKAREA","Brief Description":"Fix Issue For DWS JSON Generation","Description":"Fix Issue For DWS JSON Generation","Name":"Fix Issue For DWS JSON Generation","id":"Fix Issue For DWS JSON Generation","Eafinishop":"","Eastartop":"","Wfvarfinishop":"","Wfvarstartop":"","Lock":"false","Readonly":"false","Transferonly":"false","Owner":"$IW_USER","Variables":"","CSSclass":"Task","ActivationCount":"0","Status":"none","Valid":"true","BackgroundColor":"#c0c0c0","TaskType":"ItsUserTask"},"stencil":{"id":"UserTask"},"childShapes":[],"outgoing":[{"resourceId":"oryx_85A836AC-70E3-4BF4-A69A-99960DBD42A1"}],"bounds":{"lowerRight":{"x":618,"y":128},"upperLeft":{"x":516,"y":46}},"dockers":[]},{"resourceId":"oryx_00C51A02-14E8-4D44-8723-00F7DCED25A7","properties":{"y":"470.0","x":"699.0","AreaVPath":"$IW_WORKAREA","Brief Description":"Review Files for production deployment.","Description":"This is a group task to review files for production deployment.","Name":"Review Files","id":"Review Files","CSSclass":"Task","Shared by":"Groups=$IW_CV(ReviewerGroup)","Retain Owner":"false","Lock":"false","Readonly":"true","Transferonly":"false","Variables":"","Eafinishop":"","Eastartop":"","Wfvarfinishop":"","Wfvarstartop":"","ActivationCount":"0","Status":"none","Valid":"true","BackgroundColor":"#c0c0c0","TaskType":"ItsGroupTask"},"stencil":{"id":"GroupTask"},"childShapes":[],"outgoing":[{"resourceId":"oryx_3E6AAD5D-DA88-469E-9950-AD07CF76D1D1"},{"resourceId":"oryx_563C7F24-026C-4111-917E-9AE86A66BB83"},{"resourceId":"oryx_D13CD76A-4827-4528-AB0B-E6EBEF8E7D05"}],"bounds":{"lowerRight":{"x":699,"y":470},"upperLeft":{"x":597,"y":388}},"dockers":[]},{"resourceId":"oryx_C0299508-281B-46F8-B8E8-DE6B870C1E81","properties":{"x":"491.0","y":"220.0","AreaVPath":"$IW_WORKAREA","Brief Description":"","Description":"Preview deployment success email","Name":"Preview deployment success email","id":"Preview deployment success email","CSSclass":"Task","Owner":"$IW_USER","EMailCommand":"http://$IW_SERVER/iw-cc/urlexternaltask","Retry":"true","Lock":"false","Readonly":"false","Transferonly":"false","Variables":"serverName=preview|mail_subject=Content Publish Workflow - Deployment to Preview Server Success Email - Job|ClassName=com.deere.livesite.authoring.workflow.acpw.task.AutomatedDeploymentSuccessNotification|target_task_name=Preview deployment success email sent|mail_template=/iwadmin/main/config/STAGING/workflow/email/deere/AutomatedDeploymentSuccessNotification.xsl","Eafinishop":"","Eastartop":"","Wfvarfinishop":"","Wfvarstartop":"","ActivationCount":"0","Status":"none","Valid":"true","BackgroundColor":"#c0c0c0","TaskType":"ItsEmailTask"},"stencil":{"id":"EmailTask"},"childShapes":[],"outgoing":[{"resourceId":"oryx_1712B6EE-7049-4F41-8852-A6E85795F7CA"}],"bounds":{"lowerRight":{"x":491,"y":220},"upperLeft":{"x":389,"y":138}},"dockers":[]},{"resourceId":"oryx_D272F828-074E-44D2-914E-10E45AC64573","properties":{"x":"327.0","y":"554.0","AreaVPath":"$IW_WORKAREA","Brief Description":"","Description":"Deployment to preview server failure email","Name":"Preview deployment failure email","id":"Preview deployment failure email","CSSclass":"Task","Owner":"$IW_USER","EMailCommand":"http://$IW_SERVER/iw-cc/urlexternaltask","Retry":"true","Lock":"false","Readonly":"false","Transferonly":"false","Variables":"target_task_name=Preview Deployment Failure Notification Sent|ClassName=com.deere.livesite.authoring.workflow.acpw.task.AutomatedDeploymentFailureNotification|mail_subject=Content Publish Workflow - Deployment to Preview Server Failure Email - Job|serverName=preview|mail_template=/iwadmin/main/config/STAGING/workflow/email/deere/AutomatedDeploymentFailureNotification.xsl","Eafinishop":"","Eastartop":"","Wfvarfinishop":"","Wfvarstartop":"set:ErrorTaskName=Retry Preview Deployment","ActivationCount":"0","Status":"none","Valid":"true","BackgroundColor":"#c0c0c0","TaskType":"ItsEmailTask"},"stencil":{"id":"EmailTask"},"childShapes":[],"outgoing":[{"resourceId":"oryx_5D2F243E-4CBD-407C-B0F0-1E2DF197477D"}],"bounds":{"lowerRight":{"x":327,"y":554},"upperLeft":{"x":225,"y":472}},"dockers":[]},{"resourceId":"oryx_0933473D-FC9A-4F78-A651-7526D19CABEC","properties":{"x":"1043.0","y":"48.0","AreaVPath":"$IW_WORKAREA","Brief Description":"","Description":"Prod Deployment Success Email","Name":"Prod Deployment Success Notification","id":"Prod Deployment Success Notification","CSSclass":"Task","Owner":"$IW_USER","EMailCommand":"http://$IW_SERVER/iw-cc/urlexternaltask","Retry":"true","Lock":"false","Readonly":"false","Transferonly":"false","Variables":"target_task_name=Prod Deployment Success Notification Sent|ClassName=com.deere.livesite.authoring.workflow.acpw.task.AutomatedDeploymentSuccessNotification|serverName=prod|mail_subject=Content Publish Workflow - Deployment to Production Server Success Email - Job|mail_template=/iwadmin/main/config/STAGING/workflow/email/deere/AutomatedDeploymentSuccessNotification.xsl","Eafinishop":"","Eastartop":"","Wfvarfinishop":"","Wfvarstartop":"","ActivationCount":"0","Status":"none","Valid":"true","BackgroundColor":"#c0c0c0","TaskType":"ItsEmailTask"},"stencil":{"id":"EmailTask"},"childShapes":[],"outgoing":[{"resourceId":"oryx_3C21B497-A52A-45A4-9855-C29A726756BD"}],"bounds":{"lowerRight":{"x":1392,"y":97},"upperLeft":{"x":1290,"y":15}},"dockers":[]},{"resourceId":"oryx_C05CF3A7-F119-4239-997C-875F41FC2C49","properties":{"x":"852.0","y":"551.0","AreaVPath":"$IW_WORKAREA","Brief Description":"","Description":"Prod Deployment Failure Email","Name":"Prod Deployment Failure Notification","id":"Prod Deployment Failure Notification","CSSclass":"Task","Owner":"$IW_USER","EMailCommand":"http://$IW_SERVER/iw-cc/urlexternaltask","Retry":"true","Lock":"false","Readonly":"false","Transferonly":"false","Variables":"target_task_name=Prod Deployment Failure Notification Sent|ClassName=com.deere.livesite.authoring.workflow.acpw.task.AutomatedDeploymentFailureNotification|serverName=prod|mail_subject=Content Publish Workflow - Deployment to Production Server Failure Email - Job|mail_template=/iwadmin/main/config/STAGING/workflow/email/deere/AutomatedDeploymentFailureNotification.xsl","Eafinishop":"","Eastartop":"","Wfvarfinishop":"","Wfvarstartop":"set:ErrorTaskName=Retry Production Deployment","ActivationCount":"0","Status":"none","Valid":"true","BackgroundColor":"#c0c0c0","TaskType":"ItsEmailTask"},"stencil":{"id":"EmailTask"},"childShapes":[],"outgoing":[{"resourceId":"oryx_CBA8A1E2-601F-49A9-BE24-DEAD3E0A5705"}],"bounds":{"lowerRight":{"x":852,"y":551},"upperLeft":{"x":750,"y":469}},"dockers":[]},{"resourceId":"oryx_A427984C-326D-4F50-9DE3-CB34CFB5472A","properties":{"x":"428.0","y":"474.0","AreaVPath":"$IW_WORKAREA","Brief Description":"","Description":"This task is to send email for revising the files.","Name":"Revision Notification Email","id":"Revision Notification Email","CSSclass":"Task","Owner":"$IW_USER","EMailCommand":"http://$IW_SERVER/iw-cc/urlexternaltask","Retry":"true","Lock":"false","Readonly":"false","Transferonly":"false","Variables":"target_task_name=Revision Notification Email Success|serverName=preview|ClassName=com.deere.livesite.authoring.workflow.acpw.task.AutomatedDeploymentFailureNotification|mail_subject=Content Publish Workflow - Revision Notification Email |mail_template=/iwadmin/main/config/STAGING/workflow/email/deere/AutomatedDeploymentRevisionNotification.xsl","Eafinishop":"","Eastartop":"","Wfvarfinishop":"","Wfvarstartop":"","ActivationCount":"0","Status":"none","Valid":"true","BackgroundColor":"#c0c0c0","TaskType":"ItsEmailTask"},"stencil":{"id":"EmailTask"},"childShapes":[],"outgoing":[{"resourceId":"oryx_31BBE52D-370C-4CC7-910C-5067D9461BEC"}],"bounds":{"lowerRight":{"x":428,"y":474},"upperLeft":{"x":326,"y":392}},"dockers":[]},{"resourceId":"oryx_862DF17E-C4DD-48B5-81B2-00AAA6EFB8B9","properties":{"y":"358.0","x":"174.0","AreaVPath":"$IW_WORKAREA","Brief Description":"","Description":"Submit Files","Name":"Submit Files","id":"Submit Files","CSSclass":"Task","Owner":"$IW_USER","SubmitComment":"Files Submitted","SubmitInfo":"Files Submitted","Override":"true","Save Comments":"false","Skip Conflicts":"false","Skip Locked":"false","Unlock":"true","Variables":"","Eafinishop":"","Eastartop":"set:IsDeployedProd=true","Wfvarfinishop":"","Wfvarstartop":"","ActivationCount":"0","Status":"none","Valid":"true","BackgroundColor":"#c0c0c0","TaskType":"ItsSubmitTask"},"stencil":{"id":"SubmitTask"},"childShapes":[],"outgoing":[{"resourceId":"oryx_AF667A47-552E-42FE-AD3B-D37EE65DBB77"}],"bounds":{"lowerRight":{"x":174,"y":358},"upperLeft":{"x":72,"y":276}},"dockers":[]},{"resourceId":"oryx_053FFFBB-748C-4F25-A1A4-E039A9819B98","properties":{"x":"327.0","y":"347.0","AreaVPath":"$IW_WORKAREA","Brief Description":"Deploy Files to Preview Webserver","Description":"","Name":"Preview Deployment","id":"Preview Deployment","CSSclass":"Task","Owner":"$IW_USER","DeployCommand":"http://$IW_SERVER/iw-cc/urlexternaltask","OD Variables":"imageWorkarea=$IW_CV(imageWorkarea)|targetPath=$IW_CV(targetPathPreview)|targetFragmentPath=$IW_CV(targetFragmentPathPreview)|sitesFolderPath=$IW_CV(sitesFolderPath)","Retry":"false","Lock":"false","Readonly":"false","Transferonly":"false","Variables":"ImmediateTransition=true|ClassName=com.deere.livesite.workflow.CustomDeploymentTask|odDeploymentName=webserver_custom_deployment|odDeploymentInst=_preview_$IW_USER","Eafinishop":"","Eastartop":"","Wfvarfinishop":"","Wfvarstartop":"","ActivationCount":"0","Status":"none","Valid":"true","BackgroundColor":"#c0c0c0","TaskType":"ItsDeployTask"},"stencil":{"id":"DeployTask"},"childShapes":[],"outgoing":[{"resourceId":"oryx_42F3D723-3E85-40C9-8F6B-1D93B2040608"},{"resourceId":"oryx_CDF6B199-8D9E-40DD-96D7-AF173816E118"}],"bounds":{"lowerRight":{"x":327,"y":347},"upperLeft":{"x":225,"y":265}},"dockers":[]},{"resourceId":"oryx_3A236546-E6F9-4A4D-B312-B4CBA5DB0180","properties":{"x":"833.0","y":"55.0","AreaVPath":"$IW_WORKAREA","Brief Description":"Deploy Files to Prod Webserver","Description":"","Name":"Prod Deployment","id":"Prod Deployment","CSSclass":"Task","Owner":"$IW_USER","DeployCommand":"http://$IW_SERVER/iw-cc/urlexternaltask","OD Variables":"imageWorkarea=$IW_CV(imageWorkarea)|targetPath=$IW_CV(targetPathProd)|targetFragmentPath=$IW_CV(targetFragmentPathProd)|sitesFolderPath=$IW_CV(sitesFolderPath)","Retry":"false","Lock":"false","Readonly":"false","Transferonly":"false","Variables":"ImmediateTransition=true|ClassName=com.deere.livesite.workflow.CustomDeploymentTask|odDeploymentInst=_prod_$IW_USER|odDeploymentName=webserver_custom_deployment","Eafinishop":"","Eastartop":"","Wfvarfinishop":"","Wfvarstartop":"","ActivationCount":"0","Status":"none","Valid":"true","BackgroundColor":"#c0c0c0","TaskType":"ItsDeployTask"},"stencil":{"id":"DeployTask"},"childShapes":[],"outgoing":[{"resourceId":"oryx_E30C924D-7512-465D-B2C3-A2A808200829"},{"resourceId":"oryx_D9DCBA41-9C1D-4014-86F0-2F175DC4970C"}],"bounds":{"lowerRight":{"x":833,"y":97},"upperLeft":{"x":731,"y":15}},"dockers":[]},{"resourceId":"oryx_9445B65D-39A8-4782-90A3-1CCA3FAEDD6A","properties":{"x":"18.0","y":"396.0","AreaVPath":"$IW_WORKAREA","Brief Description":"","Description":"Attach Asset Dependencies","Name":"Attach Page Dependencies","id":"Attach Page Dependencies","CSSclass":"Task","Owner":"$IW_USER","URI":"$IW_CV(ExternalURLTask)","Retry":"true","Lock":"false","Readonly":"false","Transferonly":"false","Variables":"ImmediateTransition=true|ClassName=com.deere.livesite.workflow.AttachDependenciesTask|SuccessTransition=Attach Dependencies Success|FailureTransition=Attach Dependencies Failure|DisableGlobalBlacklist=$IW_CV(DisableGlobalBlacklist)","Eafinishop":"","Eastartop":"","Wfvarfinishop":"","Wfvarstartop":"set:ErrorTaskName=Retry Attach Dependencies","ActivationCount":"0","Status":"none","Valid":"true","BackgroundColor":"#c0c0c0","TaskType":"ItsURLTask"},"stencil":{"id":"URLTask"},"childShapes":[],"outgoing":[{"resourceId":"oryx_BA4BC671-CA51-41D8-B473-D0F37F5C4CD4"},{"resourceId":"oryx_CE2C9D09-DC9D-43A8-81BA-08753B8271FB"}],"bounds":{"lowerRight":{"x":18,"y":396},"upperLeft":{"x":-84,"y":314}},"dockers":[]},{"resourceId":"oryx_9BC2EE93-20E5-4156-BD4F-42C4F64BC196","properties":{"x":"-101.0","y":"-72.0","AreaVPath":"$IW_WORKAREA","Brief Description":"","Description":"Convert SitePublisher Pages to HTMLs","Name":"Generate HTML","id":"Generate HTML","CSSclass":"Task","Owner":"$IW_USER","URI":"$IW_CV(ExternalURLTask)","Retry":"true","Lock":"false","Readonly":"false","Transferonly":"false","Variables":"DestinationDirectory=html/deere|ImmediateTransition=true|Processor=com.interwoven.livesite.model.page.PostRenderingProcessor|Suffix=.html|TaskBeanId=workflow.task.HeadlessPageConversionTask|ClassName=com.interwoven.livesite.spring.workflow.task.DelegatingUrlExternalTaskProxy","Eafinishop":"","Eastartop":"","Wfvarfinishop":"","Wfvarstartop":"set:ErrorTaskName=Retry Generate HTML","ActivationCount":"0","Status":"none","Valid":"true","BackgroundColor":"#c0c0c0","TaskType":"ItsURLTask"},"stencil":{"id":"URLTask"},"childShapes":[],"outgoing":[{"resourceId":"oryx_99B180B0-E87B-4149-9B9C-94123D4BFE12"},{"resourceId":"oryx_8EF34EE4-69ED-43BE-BF16-0FE91672AC3D"}],"bounds":{"lowerRight":{"x":-101,"y":-72},"upperLeft":{"x":-203,"y":-154}},"dockers":[]},{"resourceId":"oryx_6C5F9A01-A092-4423-AA09-A618B47DE899","properties":{"x":"694.0","y":"239.0","AreaVPath":"$IW_WORKAREA","Brief Description":"","Description":"Detach pages from the Task","Name":"Detach Pages","id":"Detach Pages","CSSclass":"Task","Owner":"$IW_USER","URI":"$IW_CV(ExternalURLTask)","Retry":"true","Lock":"false","Readonly":"false","Transferonly":"false","Variables":"ImmediateTransition=true|ClassName=com.deere.livesite.authoring.workflow.acpw.task.DetachPagesTask","Eafinishop":"","Eastartop":"","Wfvarfinishop":"","Wfvarstartop":"","ActivationCount":"0","Status":"none","Valid":"true","BackgroundColor":"#c0c0c0","TaskType":"ItsURLTask"},"stencil":{"id":"URLTask"},"childShapes":[],"outgoing":[{"resourceId":"oryx_DD5B2D50-113C-4C7A-A030-08F761BEE258"},{"resourceId":"oryx_29BBDC72-913F-4F93-AF09-CA68242EFEC3"}],"bounds":{"lowerRight":{"x":694,"y":239},"upperLeft":{"x":592,"y":157}},"dockers":[]},{"resourceId":"oryx_CAA3AE94-A3DC-445D-96A6-0BEA6A569406","properties":{"x":"618.0","y":"347.0","AreaVPath":"$IW_WORKAREA","Brief Description":"","Description":"Akmai Cache Invalidation request","Name":"AkmaiCacheInvalidationTask","id":"AkmaiCacheInvalidationTask","CSSclass":"Task","Owner":"$IW_USER","URI":"$IW_CV(ExternalURLTask)","Retry":"true","Lock":"false","Readonly":"false","Transferonly":"false","Variables":"ClassName=com.deere.livesite.authoring.workflow.acpw.task.AkmaiCacheInvalidationTask|File=file|RestURL=$IW_CV(RestURL)|WebURL=$IW_CV(PreviewURL)","Eafinishop":"","Eastartop":"","Wfvarfinishop":"","Wfvarstartop":"","ActivationCount":"0","Status":"none","Valid":"true","BackgroundColor":"#c0c0c0","TaskType":"ItsURLTask"},"stencil":{"id":"URLTask"},"childShapes":[],"outgoing":[{"resourceId":"oryx_071206A2-56F3-434F-BFE1-7436F4B60197"}],"bounds":{"lowerRight":{"x":618,"y":347},"upperLeft":{"x":516,"y":265}},"dockers":[]},{"resourceId":"oryx_6BDB3A80-E1DB-4779-835E-F9CE2503768A","properties":{"x":"11.0","y":"97.0","AreaVPath":"$IW_WORKAREA","Brief Description":"","Description":"Check if HTML Generation is required","Name":"Check if HTML Generation is required","id":"Check if HTML Generation is required","CSSclass":"Task","Owner":"$IW_USER","URI":"$IW_CV(ExternalURLTask)","Retry":"true","Lock":"false","Readonly":"false","Transferonly":"false","Variables":"ClassName=com.deere.livesite.authoring.workflow.acpw.task.HTMLGenerationCheckTask|ImmediateTransition=true","Eafinishop":"","Eastartop":"","Wfvarfinishop":"","Wfvarstartop":"","ActivationCount":"0","Status":"none","Valid":"true","BackgroundColor":"#c0c0c0","TaskType":"ItsURLTask"},"stencil":{"id":"URLTask"},"childShapes":[],"outgoing":[{"resourceId":"oryx_28F8F55D-A46D-453C-A891-46C4EDA8D817"},{"resourceId":"oryx_71DB27C4-C3F1-4307-9A5E-DEE743350DC7"}],"bounds":{"lowerRight":{"x":11,"y":97},"upperLeft":{"x":-91,"y":15}},"dockers":[]},{"resourceId":"oryx_7F8B359D-FE12-4CD4-AA20-05E53393D81F","properties":{"x":"176.0","y":"253.0","AreaVPath":"$IW_WORKAREA","Brief Description":"","Description":"Sitemap","Name":"Sitemap","id":"Sitemap","CSSclass":"Task","Owner":"$IW_USER","URI":"$IW_CV(ExternalURLTask)","Retry":"true","Lock":"false","Readonly":"false","Transferonly":"false","Variables":"ClassName=com.deere.livesite.authoring.workflow.SiteMapTask|ExcludePagePatterns=fragment[^/]*.html,offers-json.html,subcategories-json.html,product-json.html,products-json.html,compare.html|DomainName=$IW_CV(DomainNameSiteMap)","Eafinishop":"","Eastartop":"","Wfvarfinishop":"","Wfvarstartop":"","ActivationCount":"0","Status":"none","Valid":"true","BackgroundColor":"#c0c0c0","TaskType":"ItsURLTask"},"stencil":{"id":"URLTask"},"childShapes":[],"outgoing":[{"resourceId":"oryx_32533F36-B3E6-4197-85F9-FFB32F819B47"}],"bounds":{"lowerRight":{"x":176,"y":253},"upperLeft":{"x":74,"y":171}},"dockers":[]},{"resourceId":"oryx_256C1481-E8C1-42FB-9A1F-04A3D1DE9342","properties":{"x":"228.0","y":"-79.0","AreaVPath":"$IW_WORKAREA","Brief Description":"Export JSON for generating Fragments","Description":"This task exports JSON for creating the fragments.","Name":"Export JSON For Fragments","id":"Export JSON For Fragments","CSSclass":"Task","Owner":"$IW_USER","URI":"$IW_CV(ExternalURLTask)","Retry":"true","Lock":"false","Readonly":"false","Transferonly":"false","Variables":"includeFragmentPath=true|ClassName=com.interwoven.livesite.spring.workflow.task.DelegatingUrlExternalTaskProxy|TaskBeanId=workflow.task.ExportContentTask|configId=publications,contract-cards,events","Eafinishop":"","Eastartop":"","Wfvarfinishop":"","Wfvarstartop":"","ActivationCount":"0","Status":"none","Valid":"true","BackgroundColor":"#c0c0c0","TaskType":"ItsURLTask"},"stencil":{"id":"URLTask"},"childShapes":[],"outgoing":[{"resourceId":"oryx_FB7EC4E6-6B93-44D7-9E6B-E12997E1AFE7"},{"resourceId":"oryx_4A486D7E-E61B-4BAB-9A37-EF97C4868783"}],"bounds":{"lowerRight":{"x":228,"y":-79},"upperLeft":{"x":126,"y":-161}},"dockers":[]},{"resourceId":"oryx_343E4F0D-7E12-4BF3-9D74-28F0869E45B0","properties":{"x":"168.0","y":"42.0","AreaVPath":"$IW_WORKAREA","Brief Description":"Generate HTML Fragments","Description":"This task Generate HTML Fragments for certain page types.","Name":"Generate HTML Fragments","id":"Generate HTML Fragments","CSSclass":"Task","Owner":"$IW_USER","URI":"$IW_CV(ExternalURLTask)","Retry":"true","Lock":"false","Readonly":"false","Transferonly":"false","Variables":"ClassName=com.interwoven.livesite.spring.workflow.task.DelegatingUrlExternalTaskProxy|TaskBeanId=workflow.task.HtmlFragmentTask","Eafinishop":"","Eastartop":"","Wfvarfinishop":"","Wfvarstartop":"","ActivationCount":"0","Status":"none","Valid":"true","BackgroundColor":"#c0c0c0","TaskType":"ItsURLTask"},"stencil":{"id":"URLTask"},"childShapes":[],"outgoing":[{"resourceId":"oryx_33D98397-0539-439D-8E6A-833A927D816E"},{"resourceId":"oryx_D9D16A24-AE09-42AD-9C10-276D68DBE1E3"}],"bounds":{"lowerRight":{"x":168,"y":42},"upperLeft":{"x":66,"y":-40}},"dockers":[]},{"resourceId":"oryx_2E320CBA-3360-4DB8-A143-EE5BA8531510","properties":{"x":"173.0","y":"159.0","AreaVPath":"$IW_WORKAREA","Brief Description":"","Description":"Update ESI JSON for the HTML Fragments","Name":"Update ESI JSON","id":"Update ESI JSON","CSSclass":"Task","Owner":"$IW_USER","URI":"$IW_CV(ExternalURLTask)","Retry":"true","Lock":"false","Readonly":"false","Transferonly":"false","Variables":"ClassName=com.interwoven.livesite.spring.workflow.task.DelegatingUrlExternalTaskProxy|TaskBeanId=workflow.task.UpdateESITask|includeId=event","Eafinishop":"","Eastartop":"","Wfvarfinishop":"","Wfvarstartop":"","ActivationCount":"0","Status":"none","Valid":"true","BackgroundColor":"#c0c0c0","TaskType":"ItsURLTask"},"stencil":{"id":"URLTask"},"childShapes":[],"outgoing":[{"resourceId":"oryx_474CFD63-6F22-491D-8CFA-6DC9243E3FA5"},{"resourceId":"oryx_53DEE775-CE77-49AF-A813-83D6F597A848"}],"bounds":{"lowerRight":{"x":173,"y":159},"upperLeft":{"x":71,"y":77}},"dockers":[]},{"resourceId":"oryx_9DAE099C-FF21-45B5-96B3-C87142ADE785","properties":{"x":"18.0","y":"250.0","AreaVPath":"$IW_WORKAREA","Brief Description":"Find DCR Image Dependencies","Description":"This task finds the image associated with the DCRs and creates the file list.","Name":"Find DCR Image Dependencies","id":"Find DCR Image Dependencies","CSSclass":"Task","Owner":"$IW_USER","URI":"$IW_CV(ExternalURLTask)","Retry":"true","Lock":"false","Readonly":"false","Transferonly":"false","Variables":"ClassName=com.deere.livesite.workflow.FindDcrImageDependenciesTask|SuccessTransition=Find Image Dependency Success|FailureTransition=Find Image Dependency Failure|ValidImageExtensions=gif,jpg,swf,png,ipx,qt,qtl,qts,mov,mvr,jpeg,jpe,tif,eps,bmp,pcx,flv,xml,mp3|FileListPath=/tmp|ValidFileExtensions=json","Eafinishop":"","Eastartop":"","Wfvarfinishop":"","Wfvarstartop":"set:ErrorTaskName=Retry Find Image Dependencies","ActivationCount":"0","Status":"none","Valid":"true","BackgroundColor":"#c0c0c0","TaskType":"ItsURLTask"},"stencil":{"id":"URLTask"},"childShapes":[],"outgoing":[{"resourceId":"oryx_0DDA64D0-4693-49F9-A0C3-F36419FF1F5E"},{"resourceId":"oryx_604F586A-61B3-4F91-AE04-1911082D7BC1"}],"bounds":{"lowerRight":{"x":18,"y":250},"upperLeft":{"x":-84,"y":168}},"dockers":[]},{"resourceId":"oryx_013BF1D0-CBFD-4CCF-A24C-AB91225D059D","properties":{"x":"1048.0","y":"282.0","AreaVPath":"$IW_WORKAREA","Brief Description":"Submit DCR Image Dependencies","Description":"This task submits the images associated with the DCR.","Name":"Submit DCR Image Dependencies","id":"Submit DCR Image Dependencies","CSSclass":"Task","Owner":"$IW_USER","URI":"$IW_CV(ExternalURLTask)","Retry":"true","Lock":"false","Readonly":"false","Transferonly":"false","Variables":"ClassName=com.deere.livesite.workflow.SubmitDcrImageDependenciesTask|SuccessTransition=Submit DCR Image Dependencies Success|FailureTransition=Submit DCR Image Dependencies Failure|imageWorkArea=/default/main/deere/Assets/WORKAREA/shared","Eafinishop":"","Eastartop":"","Wfvarfinishop":"","Wfvarstartop":"","ActivationCount":"0","Status":"none","Valid":"true","BackgroundColor":"#c0c0c0","TaskType":"ItsURLTask"},"stencil":{"id":"URLTask"},"childShapes":[],"outgoing":[{"resourceId":"oryx_AB4994E0-D627-4CF6-9EFC-CD0EDF2F5171"},{"resourceId":"oryx_FC7DEF65-C436-44F8-BF08-D609A1D9A23F"}],"bounds":{"lowerRight":{"x":1048,"y":282},"upperLeft":{"x":946,"y":200}},"dockers":[]},{"resourceId":"oryx_99C6091D-0199-48A4-A5EC-6E06C45A2CB0","properties":{"x":"-169.0","y":"176.0","AreaVPath":"$IW_WORKAREA","Brief Description":"","Description":"Retry Error Task","Name":"Retry Error task","id":"Retry Error task","CSSclass":"Task","Owner":"$IW_USER","URI":"$IW_CV(ExternalURLTask)","Retry":"true","Lock":"false","Readonly":"false","Transferonly":"false","Variables":"ClassName=com.deere.livesite.workflow.RetryHandlerTask","Eafinishop":"","Eastartop":"","Wfvarfinishop":"","Wfvarstartop":"","ActivationCount":"0","Status":"none","Valid":"true","BackgroundColor":"#c0c0c0","TaskType":"ItsURLTask"},"stencil":{"id":"URLTask"},"childShapes":[],"outgoing":[{"resourceId":"oryx_A98F02B1-58D4-44C1-A514-9EC53FAB3EBB"},{"resourceId":"oryx_8C0665A4-E776-40B8-8D7A-1B4D66A6E5A2"},{"resourceId":"oryx_8F010780-920F-4C3A-A4A0-DC28948C0FDB"},{"resourceId":"oryx_1263D163-5DC8-462C-9F58-A921F43D869E"},{"resourceId":"oryx_C7126435-DDD2-48AA-9336-74D2AA6EA61A"},{"resourceId":"oryx_A233FBB3-4D36-427A-B488-5A2A3FADEC7B"}],"bounds":{"lowerRight":{"x":-169,"y":176},"upperLeft":{"x":-271,"y":94}},"dockers":[]},{"resourceId":"oryx_E6CC982C-D51C-47F1-8320-6CC3E75D037E","properties":{"x":"428.0","y":"128.0","AreaVPath":"$IW_WORKAREA","Brief Description":"","Description":"Generate JSON files for DWS","Name":"Generate DWS JSON","id":"Generate DWS JSON","CSSclass":"Task","Owner":"$IW_USER","URI":"$IW_CV(ExternalURLTask)","Retry":"true","Lock":"false","Readonly":"false","Transferonly":"false","Variables":"ImmediateTransition=true|ClassName=com.deere.livesite.authoring.workflow.acpw.task.GenerateJsonTask|RequestType=$IW_CV(RequestType)","Eafinishop":"","Eastartop":"","Wfvarfinishop":"","Wfvarstartop":"","ActivationCount":"0","Status":"none","Valid":"true","BackgroundColor":"#c0c0c0","TaskType":"ItsURLTask"},"stencil":{"id":"URLTask"},"childShapes":[],"outgoing":[{"resourceId":"oryx_877456E9-8728-4FCD-AEC0-CF1312B89833"},{"resourceId":"oryx_BB49A303-50FE-44FC-AD57-8F780A6BA42C"}],"bounds":{"lowerRight":{"x":428,"y":128},"upperLeft":{"x":326,"y":46}},"dockers":[]},{"resourceId":"oryx_883AFC22-A4D0-476D-8BC8-E0BF9914A8AC","properties":{"x":"479.0","y":"397.0","AreaVPath":"$IW_WORKAREA","Brief Description":"","Description":"Asynchronous Task for CBYO Preview Update","Name":"Asynchronous Task","id":"Asynchronous Task","CSSclass":"Task","Owner":"$IW_USER","URI":"$IW_CV(ExternalURLTask)","Retry":"true","Lock":"false","Readonly":"false","Transferonly":"false","Variables":"ClassName=com.deere.livesite.authoring.workflow.acpw.task.AsynchronousTask|serverName=preview|RequestType=$IW_CV(RequestType)|WorkflowTemplate=/iwadmin/main/config/STAGING/workflow/asynchronous/workflow.xml","Eafinishop":"","Eastartop":"","Wfvarfinishop":"","Wfvarstartop":"","ActivationCount":"0","Status":"none","Valid":"true","BackgroundColor":"#c0c0c0","TaskType":"ItsURLTask"},"stencil":{"id":"URLTask"},"childShapes":[],"outgoing":[{"resourceId":"oryx_F72BD1EE-013E-4E61-AFC0-EAF203C91108"}],"bounds":{"lowerRight":{"x":479,"y":397},"upperLeft":{"x":377,"y":315}},"dockers":[]},{"resourceId":"oryx_AA8285CC-BAAC-45CC-8879-8CB84D0F381B","properties":{"x":"336.0","y":"0.0","AreaVPath":"$IW_WORKAREA","Brief Description":"","Description":"Update Taxonomy for DWS","Name":"DWS Taxonomy Update Task","id":"DWS Taxonomy Update Task","CSSclass":"Task","Owner":"$IW_USER","URI":"$IW_CV(ExternalURLTask)","Retry":"true","Lock":"false","Readonly":"false","Transferonly":"false","Variables":"ClassName=com.deere.livesite.authoring.workflow.acpw.task.DWSTaxonomyUpdateTask|ImmediateTransition=true","Eafinishop":"","Eastartop":"","Wfvarfinishop":"","Wfvarstartop":"","ActivationCount":"0","Status":"none","Valid":"true","BackgroundColor":"#c0c0c0","TaskType":"ItsURLTask"},"stencil":{"id":"URLTask"},"childShapes":[],"outgoing":[{"resourceId":"oryx_3A64F3EF-8122-4F56-9AB3-401FB27A6AE9"},{"resourceId":"oryx_2AB73085-F109-4E56-9F1E-19C46F520A25"}],"bounds":{"lowerRight":{"x":336,"y":0},"upperLeft":{"x":234,"y":-82}},"dockers":[]},{"resourceId":"oryx_92EA7B97-830B-4880-BFF6-6540EEB84E47","properties":{"x":"80.0","y":"-26.0","AreaVPath":"$IW_WORKAREA","Brief Description":"","Description":"This task moves the files attached to the workflow except the pages and dcrs to the translated path using the URL Mapping file.","Name":"Move HTML Files","id":"Move HTML Files","CSSclass":"Task","Owner":"$IW_USER","URI":"$IW_CV(ExternalURLTask)","Retry":"true","Lock":"false","Readonly":"false","Transferonly":"false","Variables":"SuccessTransition=Move HTML Files Success|FailureTransition=Move HTML Files Failure|ClassName=com.deere.livesite.workflow.MoveHTMLFileTask|UseTranslatedPath=true|UrlMappingFolderPath=$IW_CV(UrlMappingFolderPath)","Eafinishop":"","Eastartop":"","Wfvarfinishop":"","Wfvarstartop":"set:ErrorTaskName=Retry Move HTML Files","ActivationCount":"0","Status":"none","Valid":"true","BackgroundColor":"#c0c0c0","TaskType":"ItsURLTask"},"stencil":{"id":"URLTask"},"childShapes":[],"outgoing":[{"resourceId":"oryx_3ACD75B5-B660-4FCC-BD83-8ADC4EC0E422"},{"resourceId":"oryx_2477D37F-2041-439A-BFB3-0EF01DCC2069"}],"bounds":{"lowerRight":{"x":80,"y":-26},"upperLeft":{"x":-22,"y":-108}},"dockers":[]},{"resourceId":"oryx_4C79791E-A237-4223-A908-CE4407E9EDC2","properties":{"x":"1411.0","y":"256.0","Name":"End","id":"End","Brief Description":"","Eafinishop":"","Eastartop":"","Wfvarfinishop":"","Wfvarstartop":"","CSSclass":"Event"},"stencil":{"id":"End"},"childShapes":[],"outgoing":[],"bounds":{"lowerRight":{"x":1405,"y":250},"upperLeft":{"x":1371,"y":216}},"dockers":[]},{"resourceId":"oryx_85BAD2B7-4A96-4B5B-BB4D-4CE709AF71E2","properties":{"Valid":"true","x":"820.0","y":"419.0","Name":"Is Review Required?","id":"Is Review Required?","GatewayType":"OR"},"stencil":{"id":"OR"},"childShapes":[],"outgoing":[{"resourceId":"oryx_AC3E252B-147A-4999-8FB1-9EE279686336"},{"resourceId":"oryx_B6EC8274-8322-4A07-9A95-58C042735379"}],"bounds":{"lowerRight":{"x":820,"y":419},"upperLeft":{"x":780,"y":379}},"dockers":[]},{"resourceId":"oryx_61B7CB85-EC9D-40D5-BEB6-4D5B9FE0681B","properties":{"Name":"Start Lock Files","id":"Flow3","Type":"Default"},"stencil":{"id":"Flow"},"childShapes":[],"outgoing":[{"resourceId":"oryx_9445B65D-39A8-4782-90A3-1CCA3FAEDD6A"}],"bounds":{"lowerRight":{"x":113,"y":745.1959921117738},"upperLeft":{"x":18.679664362295952,"y":354.35836506368906}},"dockers":[{"x":14.45,"y":14.45},{"x":113,"y":355},{"x":50,"y":40}],"target":{"resourceId":"oryx_9445B65D-39A8-4782-90A3-1CCA3FAEDD6A"}},{"resourceId":"oryx_BA4BC671-CA51-41D8-B473-D0F37F5C4CD4","properties":{"Name":"Attach Dependencies Success","id":"Flow5","Type":"Default"},"stencil":{"id":"Flow"},"childShapes":[],"outgoing":[{"resourceId":"oryx_9DAE099C-FF21-45B5-96B3-C87142ADE785"}],"bounds":{"lowerRight":{"x":-33,"y":313.35158628036453},"upperLeft":{"x":-34,"y":208}},"dockers":[{"x":50,"y":40},{"x":-33,"y":209},{"x":50,"y":40}],"target":{"resourceId":"oryx_9DAE099C-FF21-45B5-96B3-C87142ADE785"}},{"resourceId":"oryx_99B180B0-E87B-4149-9B9C-94123D4BFE12","properties":{"Name":"Generate HTML Success","id":"Flow7","Type":"Default"},"stencil":{"id":"Flow"},"childShapes":[],"outgoing":[{"resourceId":"oryx_256C1481-E8C1-42FB-9A1F-04A3D1DE9342"}],"bounds":{"lowerRight":{"x":125.03125464749883,"y":-114},"upperLeft":{"x":-153,"y":-120.8446074836814}},"dockers":[{"x":50,"y":40},{"x":-152,"y":-120},{"x":50,"y":40}],"target":{"resourceId":"oryx_256C1481-E8C1-42FB-9A1F-04A3D1DE9342"}},{"resourceId":"oryx_DD5B2D50-113C-4C7A-A030-08F761BEE258","properties":{"Name":"Detach Pages Success","id":"Flow9","Type":"Default"},"stencil":{"id":"Flow"},"childShapes":[],"outgoing":[{"resourceId":"oryx_3A236546-E6F9-4A4D-B312-B4CBA5DB0180"}],"bounds":{"lowerRight":{"x":730.406253528943,"y":156.1656371329966},"upperLeft":{"x":642.2883103065753,"y":55.134411154811694}},"dockers":[{"x":50,"y":40},{"x":643,"y":55.366621186565546},{"x":50,"y":40}],"target":{"resourceId":"oryx_3A236546-E6F9-4A4D-B312-B4CBA5DB0180"}},{"resourceId":"oryx_42F3D723-3E85-40C9-8F6B-1D93B2040608","properties":{"y":"390.76749215864174","x":"429.0598916466857","Name":"Preview Deployment Success","id":"Flow12","Type":"Success"},"stencil":{"id":"SuccessLink"},"childShapes":[],"outgoing":[{"resourceId":"oryx_883AFC22-A4D0-476D-8BC8-E0BF9914A8AC"}],"bounds":{"lowerRight":{"x":428,"y":314.18770818153655},"upperLeft":{"x":327.39841614137805,"y":305.3424733081136}},"dockers":[{"x":50,"y":40},{"x":428,"y":306},{"x":50,"y":40}],"target":{"resourceId":"oryx_883AFC22-A4D0-476D-8BC8-E0BF9914A8AC"}},{"resourceId":"oryx_AF667A47-552E-42FE-AD3B-D37EE65DBB77","properties":{"Name":"Submit Files Success","id":"Flow15","Type":"Default"},"stencil":{"id":"Flow"},"childShapes":[],"outgoing":[{"resourceId":"oryx_053FFFBB-748C-4F25-A1A4-E039A9819B98"}],"bounds":{"lowerRight":{"x":224.12502164057176,"y":316},"upperLeft":{"x":122,"y":305.33470380499625}},"dockers":[{"x":50,"y":40},{"x":123,"y":306},{"x":50,"y":40}],"target":{"resourceId":"oryx_053FFFBB-748C-4F25-A1A4-E039A9819B98"}},{"resourceId":"oryx_CE2C9D09-DC9D-43A8-81BA-08753B8271FB","properties":{"Name":"Attach Dependencies Failure","id":"Flow19","Type":"Default"},"stencil":{"id":"Flow"},"childShapes":[],"outgoing":[{"resourceId":"oryx_22817891-FB49-461D-A5FB-ED4A15A49E0D"}],"bounds":{"lowerRight":{"x":-33,"y":313.4453850715738},"upperLeft":{"x":-165.69142085888367,"y":270.28274907643845}},"dockers":[{"x":50,"y":40},{"x":-33,"y":271},{"x":50,"y":40}],"target":{"resourceId":"oryx_22817891-FB49-461D-A5FB-ED4A15A49E0D"}},{"resourceId":"oryx_8EF34EE4-69ED-43BE-BF16-0FE91672AC3D","properties":{"Name":"Generate HTML Failure","id":"Flow20","Type":"Default"},"stencil":{"id":"Flow"},"childShapes":[],"outgoing":[{"resourceId":"oryx_22817891-FB49-461D-A5FB-ED4A15A49E0D"}],"bounds":{"lowerRight":{"x":-203.4998779520347,"y":229.35351903355445},"upperLeft":{"x":-217.89387341784217,"y":-113.21093940699946}},"dockers":[{"x":50,"y":40},{"x":-217,"y":-113},{"x":50,"y":40}],"target":{"resourceId":"oryx_22817891-FB49-461D-A5FB-ED4A15A49E0D"}},{"resourceId":"oryx_29BBDC72-913F-4F93-AF09-CA68242EFEC3","properties":{"Name":"Detach Pages Failure","id":"Flow21","Type":"Default"},"stencil":{"id":"Flow"},"childShapes":[],"outgoing":[{"resourceId":"oryx_4C79791E-A237-4223-A908-CE4407E9EDC2"}],"bounds":{"lowerRight":{"x":1391,"y":215.26743777931904},"upperLeft":{"x":694.2011709837371,"y":197.0696944872947}},"dockers":[{"x":50,"y":40},{"x":1391,"y":198},{"x":14.45,"y":14.45}],"target":{"resourceId":"oryx_4C79791E-A237-4223-A908-CE4407E9EDC2"}},{"resourceId":"oryx_28F8F55D-A46D-453C-A891-46C4EDA8D817","properties":{"Name":"HTML Generation Required","id":"Flow8","Type":"Default"},"stencil":{"id":"Flow"},"childShapes":[],"outgoing":[{"resourceId":"oryx_9BC2EE93-20E5-4156-BD4F-42C4F64BC196"}],"bounds":{"lowerRight":{"x":-40,"y":14.625017714948761},"upperLeft":{"x":-100.79691415503437,"y":-113.53802578898261}},"dockers":[{"x":50,"y":40},{"x":-40,"y":-113},{"x":50,"y":40}],"target":{"resourceId":"oryx_9BC2EE93-20E5-4156-BD4F-42C4F64BC196"}},{"resourceId":"oryx_1712B6EE-7049-4F41-8852-A6E85795F7CA","properties":{"Name":"Preview deployment success email sent","id":"Flow10","Type":"Default"},"stencil":{"id":"Flow"},"childShapes":[],"outgoing":[{"resourceId":"oryx_85BAD2B7-4A96-4B5B-BB4D-4CE709AF71E2"}],"bounds":{"lowerRight":{"x":800,"y":379.09375},"upperLeft":{"x":491.4706992883419,"y":178.14534819747462}},"dockers":[{"x":50,"y":40},{"x":800,"y":179},{"x":20,"y":20}],"target":{"resourceId":"oryx_85BAD2B7-4A96-4B5B-BB4D-4CE709AF71E2"}},{"resourceId":"oryx_071206A2-56F3-434F-BFE1-7436F4B60197","properties":{"Name":"Success","id":"Flow11","Type":"Default"},"stencil":{"id":"Flow"},"childShapes":[],"outgoing":[{"resourceId":"oryx_C0299508-281B-46F8-B8E8-DE6B870C1E81"}],"bounds":{"lowerRight":{"x":567,"y":264.6250314925914},"upperLeft":{"x":491.9999694838188,"y":178.41406226159233}},"dockers":[{"x":50,"y":40},{"x":567,"y":179},{"x":50,"y":40}],"target":{"resourceId":"oryx_C0299508-281B-46F8-B8E8-DE6B870C1E81"}},{"resourceId":"oryx_5D2F243E-4CBD-407C-B0F0-1E2DF197477D","properties":{"Name":"Preview Deployment Failure Notification Sent","id":"Flow14","Type":"Default"},"stencil":{"id":"Flow"},"childShapes":[],"outgoing":[{"resourceId":"oryx_22817891-FB49-461D-A5FB-ED4A15A49E0D"}],"bounds":{"lowerRight":{"x":276,"y":471.4609461085561},"upperLeft":{"x":-165.86328329887175,"y":270.1055399123505}},"dockers":[{"x":50,"y":40},{"x":276,"y":271},{"x":50,"y":40}],"target":{"resourceId":"oryx_22817891-FB49-461D-A5FB-ED4A15A49E0D"}},{"resourceId":"oryx_71DB27C4-C3F1-4307-9A5E-DEE743350DC7","properties":{"Name":"HTML Generation Not Required","id":"Flow2","Type":"Default"},"stencil":{"id":"Flow"},"childShapes":[],"outgoing":[{"resourceId":"oryx_92EA7B97-830B-4880-BFF6-6540EEB84E47"}],"bounds":{"lowerRight":{"x":-22.93739188604758,"y":14.921908591427478},"upperLeft":{"x":-40.671491054028095,"y":-67.25092070755812}},"dockers":[{"x":50,"y":40},{"x":-40,"y":-67},{"x":50,"y":40}],"target":{"resourceId":"oryx_92EA7B97-830B-4880-BFF6-6540EEB84E47"}},{"resourceId":"oryx_E30C924D-7512-465D-B2C3-A2A808200829","properties":{"y":"88.24306588422762","x":"883.0","Name":"Prod Deployment Success","id":"Flow4","Type":"Success"},"stencil":{"id":"SuccessLink"},"childShapes":[],"outgoing":[{"resourceId":"oryx_83F1C3FA-3F53-4F88-BDEB-2995058C219A"}],"bounds":{"lowerRight":{"x":914.3671875,"y":56},"upperLeft":{"x":833.6796875,"y":54}},"dockers":[{"x":50,"y":40},{"x":13,"y":39}],"target":{"resourceId":"oryx_83F1C3FA-3F53-4F88-BDEB-2995058C219A"}},{"resourceId":"oryx_D9DCBA41-9C1D-4014-86F0-2F175DC4970C","properties":{"y":"95.0","x":"883.0","Name":"Prod Deployment Failure","id":"Flow6","Type":"Failure"},"stencil":{"id":"FailureLink"},"childShapes":[],"outgoing":[{"resourceId":"oryx_C05CF3A7-F119-4239-997C-875F41FC2C49"}],"bounds":{"lowerRight":{"x":800,"y":468.2734375},"upperLeft":{"x":781,"y":97.859375}},"dockers":[{"x":50,"y":40},{"x":781,"y":283},{"x":800,"y":283},{"x":50,"y":40}],"target":{"resourceId":"oryx_C05CF3A7-F119-4239-997C-875F41FC2C49"}},{"resourceId":"oryx_3C21B497-A52A-45A4-9855-C29A726756BD","properties":{"Name":"Prod Deployment Success Notification Sent","id":"Flow13","Type":"Default"},"stencil":{"id":"Flow"},"childShapes":[],"outgoing":[{"resourceId":"oryx_013BF1D0-CBFD-4CCF-A24C-AB91225D059D"}],"bounds":{"lowerRight":{"x":1340,"y":199.68359375},"upperLeft":{"x":996,"y":97.63671875}},"dockers":[{"x":50,"y":40},{"x":1340,"y":148.5},{"x":996,"y":148.5},{"x":50,"y":40}],"target":{"resourceId":"oryx_013BF1D0-CBFD-4CCF-A24C-AB91225D059D"}},{"resourceId":"oryx_CBA8A1E2-601F-49A9-BE24-DEAD3E0A5705","properties":{"Name":"Prod Deployment Failure Notification Sent","id":"Flow16","Type":"Default"},"stencil":{"id":"Flow"},"childShapes":[],"outgoing":[{"resourceId":"oryx_22817891-FB49-461D-A5FB-ED4A15A49E0D"}],"bounds":{"lowerRight":{"x":801,"y":468.9531338269434},"upperLeft":{"x":-165.25390673152776,"y":270.05176260379636}},"dockers":[{"x":50,"y":40},{"x":801,"y":271},{"x":50,"y":40}],"target":{"resourceId":"oryx_22817891-FB49-461D-A5FB-ED4A15A49E0D"}},{"resourceId":"oryx_32533F36-B3E6-4197-85F9-FFB32F819B47","properties":{"Name":"Sitemap Success","id":"Flow24","Type":"Default"},"stencil":{"id":"Flow"},"childShapes":[],"outgoing":[{"resourceId":"oryx_862DF17E-C4DD-48B5-81B2-00AAA6EFB8B9"}],"bounds":{"lowerRight":{"x":124,"y":275.1875462246054},"upperLeft":{"x":122.39242744014803,"y":211}},"dockers":[{"x":50,"y":40},{"x":123,"y":212},{"x":50,"y":40}],"target":{"resourceId":"oryx_862DF17E-C4DD-48B5-81B2-00AAA6EFB8B9"}},{"resourceId":"oryx_FB7EC4E6-6B93-44D7-9E6B-E12997E1AFE7","properties":{"Name":"Export JSON For Fragments Success","id":"Flow710","Type":"Default"},"stencil":{"id":"Flow"},"childShapes":[],"outgoing":[{"resourceId":"oryx_343E4F0D-7E12-4BF3-9D74-28F0869E45B0"}],"bounds":{"lowerRight":{"x":125.21889360594602,"y":0},"upperLeft":{"x":116,"y":-120.13930328145672}},"dockers":[{"x":50,"y":40},{"x":117,"y":-120},{"x":50,"y":40}],"target":{"resourceId":"oryx_343E4F0D-7E12-4BF3-9D74-28F0869E45B0"}},{"resourceId":"oryx_4A486D7E-E61B-4BAB-9A37-EF97C4868783","properties":{"Name":"Export JSON For Fragments Failure","id":"Flow714","Type":"Default"},"stencil":{"id":"Flow"},"childShapes":[],"outgoing":[{"resourceId":"oryx_C143FA7A-AC41-41FF-9CCF-4A9E53C5A577"}],"bounds":{"lowerRight":{"x":375.3945393142885,"y":-121},"upperLeft":{"x":176,"y":-123.79676521812968}},"dockers":[{"x":50,"y":40},{"x":177,"y":-123},{"x":50,"y":40}],"target":{"resourceId":"oryx_C143FA7A-AC41-41FF-9CCF-4A9E53C5A577"}},{"resourceId":"oryx_33D98397-0539-439D-8E6A-833A927D816E","properties":{"Name":"Generate HTML Fragments Failure","id":"Flow715","Type":"Default"},"stencil":{"id":"Flow"},"childShapes":[],"outgoing":[{"resourceId":"oryx_C143FA7A-AC41-41FF-9CCF-4A9E53C5A577"}],"bounds":{"lowerRight":{"x":375.5117239866028,"y":0},"upperLeft":{"x":116,"y":-123.83660752099225}},"dockers":[{"x":50,"y":40},{"x":117,"y":-123},{"x":50,"y":40}],"target":{"resourceId":"oryx_C143FA7A-AC41-41FF-9CCF-4A9E53C5A577"}},{"resourceId":"oryx_D9D16A24-AE09-42AD-9C10-276D68DBE1E3","properties":{"Name":"Generate HTML Fragments Success","id":"Flow720","Type":"Default"},"stencil":{"id":"Flow"},"childShapes":[],"outgoing":[{"resourceId":"oryx_2E320CBA-3360-4DB8-A143-EE5BA8531510"}],"bounds":{"lowerRight":{"x":122,"y":76.1250371560741},"upperLeft":{"x":116,"y":0}},"dockers":[{"x":50,"y":40},{"x":122,"y":1},{"x":50,"y":40}],"target":{"resourceId":"oryx_2E320CBA-3360-4DB8-A143-EE5BA8531510"}},{"resourceId":"oryx_474CFD63-6F22-491D-8CFA-6DC9243E3FA5","properties":{"Name":"Update ESI JSON Failure","id":"Flow723","Type":"Default"},"stencil":{"id":"Flow"},"childShapes":[],"outgoing":[{"resourceId":"oryx_C143FA7A-AC41-41FF-9CCF-4A9E53C5A577"}],"bounds":{"lowerRight":{"x":375.12500541027464,"y":76.62500868044253},"upperLeft":{"x":121.16822913049816,"y":-123.83264804411274}},"dockers":[{"x":50,"y":40},{"x":122,"y":-123},{"x":50,"y":40}],"target":{"resourceId":"oryx_C143FA7A-AC41-41FF-9CCF-4A9E53C5A577"}},{"resourceId":"oryx_FAA490EC-98CB-4322-B91F-02F1A37182AA","properties":{"Name":"Is Production Deployment Required","id":"Flow724","Type":"Default"},"stencil":{"id":"Flow"},"childShapes":[],"outgoing":[{"resourceId":"oryx_256C1481-E8C1-42FB-9A1F-04A3D1DE9342"}],"bounds":{"lowerRight":{"x":375.3945393142885,"y":-121},"upperLeft":{"x":176,"y":-123.79676521812968}},"dockers":[{"x":50,"y":40},{"x":177,"y":-123},{"x":50,"y":40}],"target":{"resourceId":"oryx_256C1481-E8C1-42FB-9A1F-04A3D1DE9342"}},{"resourceId":"oryx_0DDA64D0-4693-49F9-A0C3-F36419FF1F5E","properties":{"Name":"Find Image Dependency Success","id":"Flow303","Type":"Default"},"stencil":{"id":"Flow"},"childShapes":[],"outgoing":[{"resourceId":"oryx_6BDB3A80-E1DB-4779-835E-F9CE2503768A"}],"bounds":{"lowerRight":{"x":-33,"y":167.81252164057176},"upperLeft":{"x":-41,"y":55}},"dockers":[{"x":50,"y":40},{"x":-33,"y":56},{"x":50,"y":40}],"target":{"resourceId":"oryx_6BDB3A80-E1DB-4779-835E-F9CE2503768A"}},{"resourceId":"oryx_604F586A-61B3-4F91-AE04-1911082D7BC1","properties":{"Name":"Find Image Dependency Failure","id":"Flow304","Type":"Default"},"stencil":{"id":"Flow"},"childShapes":[],"outgoing":[{"resourceId":"oryx_22817891-FB49-461D-A5FB-ED4A15A49E0D"}],"bounds":{"lowerRight":{"x":-84.32420382005874,"y":229.92200934540264},"upperLeft":{"x":-217.3429837597607,"y":208.27499564928993}},"dockers":[{"x":50,"y":40},{"x":-217,"y":209},{"x":50,"y":40}],"target":{"resourceId":"oryx_22817891-FB49-461D-A5FB-ED4A15A49E0D"}},{"resourceId":"oryx_AB4994E0-D627-4CF6-9EFC-CD0EDF2F5171","properties":{"Name":"Submit DCR Image Dependencies Success","id":"Flow624","Type":"Default"},"stencil":{"id":"Flow"},"childShapes":[],"outgoing":[{"resourceId":"oryx_4C79791E-A237-4223-A908-CE4407E9EDC2"}],"bounds":{"lowerRight":{"x":1370.7936567389627,"y":240},"upperLeft":{"x":996,"y":230.65940328252992}},"dockers":[{"x":50,"y":40},{"x":997,"y":236},{"x":14.45,"y":14.45}],"target":{"resourceId":"oryx_4C79791E-A237-4223-A908-CE4407E9EDC2"}},{"resourceId":"oryx_FC7DEF65-C436-44F8-BF08-D609A1D9A23F","properties":{"Name":"Submit DCR Image Dependencies Failure","id":"Flow625","Type":"Default"},"stencil":{"id":"Flow"},"childShapes":[],"outgoing":[{"resourceId":"oryx_4C79791E-A237-4223-A908-CE4407E9EDC2"}],"bounds":{"lowerRight":{"x":1370.7936567389627,"y":240},"upperLeft":{"x":996,"y":230.65940328252992}},"dockers":[{"x":50,"y":40},{"x":997,"y":236},{"x":14.45,"y":14.45}],"target":{"resourceId":"oryx_4C79791E-A237-4223-A908-CE4407E9EDC2"}},{"resourceId":"oryx_3E6AAD5D-DA88-469E-9950-AD07CF76D1D1","properties":{"Name":"Approve","id":"Flow1536","Type":"Default"},"stencil":{"id":"Flow"},"childShapes":[],"outgoing":[{"resourceId":"oryx_6C5F9A01-A092-4423-AA09-A618B47DE899"}],"bounds":{"lowerRight":{"x":648,"y":387.4687594516618},"upperLeft":{"x":642,"y":197}},"dockers":[{"x":50,"y":40},{"x":648,"y":198},{"x":50,"y":40}],"target":{"resourceId":"oryx_6C5F9A01-A092-4423-AA09-A618B47DE899"}},{"resourceId":"oryx_563C7F24-026C-4111-917E-9AE86A66BB83","properties":{"Name":"Reject","id":"Flow1538","Type":"Default"},"stencil":{"id":"Flow"},"childShapes":[],"outgoing":[{"resourceId":"oryx_A427984C-326D-4F50-9DE3-CB34CFB5472A"}],"bounds":{"lowerRight":{"x":596.42969435864,"y":432},"upperLeft":{"x":376,"y":428.18729742830135}},"dockers":[{"x":50,"y":40},{"x":377,"y":429},{"x":50,"y":40}],"target":{"resourceId":"oryx_A427984C-326D-4F50-9DE3-CB34CFB5472A"}},{"resourceId":"oryx_5A722206-B28E-4746-93B2-A334CEEA6448","properties":{"Name":"Files Revised","id":"Flow1539","Type":"Default"},"stencil":{"id":"Flow"},"childShapes":[],"outgoing":[{"resourceId":"oryx_9445B65D-39A8-4782-90A3-1CCA3FAEDD6A"}],"bounds":{"lowerRight":{"x":92,"y":395.7657011991848},"upperLeft":{"x":18.187468507408624,"y":354.4141862579953}},"dockers":[{"x":50,"y":40},{"x":92,"y":355},{"x":50,"y":40}],"target":{"resourceId":"oryx_9445B65D-39A8-4782-90A3-1CCA3FAEDD6A"}},{"resourceId":"oryx_31BBE52D-370C-4CC7-910C-5067D9461BEC","properties":{"Name":"Revision Notification Email Success","id":"Flow1544","Type":"Default"},"stencil":{"id":"Flow"},"childShapes":[],"outgoing":[{"resourceId":"oryx_11AF1C9F-7C64-49C9-97C2-7C992CF62064"}],"bounds":{"lowerRight":{"x":325.0781311991092,"y":436},"upperLeft":{"x":91,"y":432.1793023549327}},"dockers":[{"x":50,"y":40},{"x":92,"y":433},{"x":50,"y":40}],"target":{"resourceId":"oryx_11AF1C9F-7C64-49C9-97C2-7C992CF62064"}},{"resourceId":"oryx_AC3E252B-147A-4999-8FB1-9EE279686336","properties":{"FromGatewayPosition":"Bottom","y":"439.0","x":"749.5765831102548","Name":"Review","id":"Flow128","Type":"Conditional","Expression":"$IW_SCRIPT(ReviewFlagIsTrue)"},"stencil":{"id":"ConditionalLink"},"childShapes":[],"outgoing":[{"resourceId":"oryx_00C51A02-14E8-4D44-8723-00F7DCED25A7"}],"bounds":{"lowerRight":{"x":780,"y":428},"upperLeft":{"x":647,"y":399}},"dockers":[{"x":20,"y":20},{"x":648,"y":399},{"x":50,"y":40}],"target":{"resourceId":"oryx_00C51A02-14E8-4D44-8723-00F7DCED25A7"}},{"resourceId":"oryx_B6EC8274-8322-4A07-9A95-58C042735379","properties":{"FromGatewayPosition":"Top","y":"279.54947860157233","Valid":"true","x":"796.7499457509425","Name":"No Review","id":"Flow129","Type":"Conditional","Expression":"$IW_SCRIPT(ReviewFlagIsFalse)"},"stencil":{"id":"ConditionalLink"},"childShapes":[],"outgoing":[{"resourceId":"oryx_6C5F9A01-A092-4423-AA09-A618B47DE899"}],"bounds":{"lowerRight":{"x":800,"y":379.15625},"upperLeft":{"x":694.8437299717601,"y":197.33445398716304}},"dockers":[{"x":20,"y":20},{"x":800,"y":198},{"x":50,"y":40}],"target":{"resourceId":"oryx_6C5F9A01-A092-4423-AA09-A618B47DE899"}},{"resourceId":"oryx_4B3E8804-C574-4300-830F-B79E70BEE531","properties":{"Name":"Retry","id":"Flow387","Type":"Default"},"stencil":{"id":"Flow"},"childShapes":[],"outgoing":[{"resourceId":"oryx_99C6091D-0199-48A4-A5EC-6E06C45A2CB0"}],"bounds":{"lowerRight":{"x":-217,"y":229.97658993371329},"upperLeft":{"x":-221,"y":134}},"dockers":[{"x":50,"y":40},{"x":-217,"y":135},{"x":50,"y":40}],"target":{"resourceId":"oryx_99C6091D-0199-48A4-A5EC-6E06C45A2CB0"}},{"resourceId":"oryx_D4529226-3150-413B-A18C-6156343836C9","properties":{"Name":"Cancel","id":"Flow388","Type":"Default"},"stencil":{"id":"Flow"},"childShapes":[],"outgoing":[{"resourceId":"oryx_4C79791E-A237-4223-A908-CE4407E9EDC2"}],"bounds":{"lowerRight":{"x":1370.3659727945524,"y":270},"upperLeft":{"x":-218,"y":230.50224272269975}},"dockers":[{"x":50,"y":40},{"x":-217,"y":236},{"x":14.45,"y":14.45}],"target":{"resourceId":"oryx_4C79791E-A237-4223-A908-CE4407E9EDC2"}},{"resourceId":"oryx_A98F02B1-58D4-44C1-A514-9EC53FAB3EBB","properties":{"Name":"Retry Attach Dependencies","id":"Flow389","Type":"Default"},"stencil":{"id":"Flow"},"childShapes":[],"outgoing":[{"resourceId":"oryx_9445B65D-39A8-4782-90A3-1CCA3FAEDD6A"}],"bounds":{"lowerRight":{"x":-33,"y":313.64844792497405},"upperLeft":{"x":-168.5937641463725,"y":134.27875657368952}},"dockers":[{"x":50,"y":40},{"x":-33,"y":135},{"x":50,"y":40}],"target":{"resourceId":"oryx_9445B65D-39A8-4782-90A3-1CCA3FAEDD6A"}},{"resourceId":"oryx_8C0665A4-E776-40B8-8D7A-1B4D66A6E5A2","properties":{"Name":"Retry Generate HTML","id":"Flow390","Type":"Default"},"stencil":{"id":"Flow"},"childShapes":[],"outgoing":[{"resourceId":"oryx_9BC2EE93-20E5-4156-BD4F-42C4F64BC196"}],"bounds":{"lowerRight":{"x":-203.20301363522432,"y":93.44141444541138},"upperLeft":{"x":-220.83579520018384,"y":-113.25070128902651}},"dockers":[{"x":50,"y":40},{"x":-220,"y":-113},{"x":50,"y":40}],"target":{"resourceId":"oryx_9BC2EE93-20E5-4156-BD4F-42C4F64BC196"}},{"resourceId":"oryx_8F010780-920F-4C3A-A4A0-DC28948C0FDB","properties":{"Name":"Prod Deployment Failure Notification Sent","id":"Flow392","Type":"Default"},"stencil":{"id":"Flow"},"childShapes":[],"outgoing":[{"resourceId":"oryx_053FFFBB-748C-4F25-A1A4-E039A9819B98"}],"bounds":{"lowerRight":{"x":276,"y":264.1562673005891},"upperLeft":{"x":-168.5527363992116,"y":134.10552769336175}},"dockers":[{"x":50,"y":40},{"x":276,"y":135},{"x":50,"y":40}],"target":{"resourceId":"oryx_053FFFBB-748C-4F25-A1A4-E039A9819B98"}},{"resourceId":"oryx_1263D163-5DC8-462C-9F58-A921F43D869E","properties":{"Name":"Retry Production Deployment","id":"Flow394","Type":"Default"},"stencil":{"id":"Flow"},"childShapes":[],"outgoing":[{"resourceId":"oryx_3A236546-E6F9-4A4D-B312-B4CBA5DB0180"}],"bounds":{"lowerRight":{"x":730.145507813788,"y":93.52548205285656},"upperLeft":{"x":-220.48733464255682,"y":55.00258101473971}},"dockers":[{"x":50,"y":40},{"x":-220,"y":55.0508036880005},{"x":50,"y":40}],"target":{"resourceId":"oryx_3A236546-E6F9-4A4D-B312-B4CBA5DB0180"}},{"resourceId":"oryx_C7126435-DDD2-48AA-9336-74D2AA6EA61A","properties":{"Name":"Retry Find Image Dependencies","id":"Flow395","Type":"Default"},"stencil":{"id":"Flow"},"childShapes":[],"outgoing":[{"resourceId":"oryx_9DAE099C-FF21-45B5-96B3-C87142ADE785"}],"bounds":{"lowerRight":{"x":-33,"y":167.07821881303084},"upperLeft":{"x":-168.5937641463725,"y":134.27875657368952}},"dockers":[{"x":50,"y":40},{"x":-33,"y":135},{"x":50,"y":40}],"target":{"resourceId":"oryx_9DAE099C-FF21-45B5-96B3-C87142ADE785"}},{"resourceId":"oryx_D13CD76A-4827-4528-AB0B-E6EBEF8E7D05","properties":{"y":"270.5720348264054","x":"749.1722422152509","Name":"Review Files Timeout Task","id":"Flow433","Type":"Timeout","Timeout Duration":"+007200"},"stencil":{"id":"TimeoutLink"},"childShapes":[],"outgoing":[{"resourceId":"oryx_013BF1D0-CBFD-4CCF-A24C-AB91225D059D"}],"bounds":{"lowerRight":{"x":945.3828166286572,"y":387.5547017980719},"upperLeft":{"x":647.2162850171226,"y":240.14545167635444}},"dockers":[{"x":50,"y":40},{"x":648,"y":241},{"x":50,"y":40}],"target":{"resourceId":"oryx_013BF1D0-CBFD-4CCF-A24C-AB91225D059D"}},{"resourceId":"oryx_877456E9-8728-4FCD-AEC0-CF1312B89833","properties":{"Name":"Generate JSON Failure","id":"Flow25","Type":"Default"},"stencil":{"id":"Flow"},"childShapes":[],"outgoing":[{"resourceId":"oryx_8D4F185B-BC18-4900-8E47-AFCF19FD9546"}],"bounds":{"lowerRight":{"x":567,"y":87},"upperLeft":{"x":428.4804550445171,"y":86}},"dockers":[{"x":50,"y":40},{"x":567,"y":87},{"x":50,"y":40}],"target":{"resourceId":"oryx_8D4F185B-BC18-4900-8E47-AFCF19FD9546"}},{"resourceId":"oryx_BB49A303-50FE-44FC-AD57-8F780A6BA42C","properties":{"Name":"Generate JSON Success","id":"Flow27","Type":"Default"},"stencil":{"id":"Flow"},"childShapes":[],"outgoing":[{"resourceId":"oryx_92EA7B97-830B-4880-BFF6-6540EEB84E47"}],"bounds":{"lowerRight":{"x":377,"y":45.55470885862194},"upperLeft":{"x":80.80468339496866,"y":-67.84869718224937}},"dockers":[{"x":50,"y":40},{"x":377,"y":-67},{"x":50,"y":40}],"target":{"resourceId":"oryx_92EA7B97-830B-4880-BFF6-6540EEB84E47"}},{"resourceId":"oryx_CDF6B199-8D9E-40DD-96D7-AF173816E118","properties":{"y":"429.23828125","x":"376.0","Name":"Preview Deployment Failure","id":"Flow18","Type":"Failure"},"stencil":{"id":"FailureLink"},"childShapes":[],"outgoing":[{"resourceId":"oryx_D272F828-074E-44D2-914E-10E45AC64573"}],"bounds":{"lowerRight":{"x":276,"y":513},"upperLeft":{"x":275,"y":347.4374884432477}},"dockers":[{"x":50,"y":40},{"x":276,"y":513},{"x":50,"y":40}],"target":{"resourceId":"oryx_D272F828-074E-44D2-914E-10E45AC64573"}},{"resourceId":"oryx_53DEE775-CE77-49AF-A813-83D6F597A848","properties":{"Name":"Update ESI JSON Success","id":"Flow56","Type":"Default"},"stencil":{"id":"Flow"},"childShapes":[],"outgoing":[{"resourceId":"oryx_AA8285CC-BAAC-45CC-8879-8CB84D0F381B"}],"bounds":{"lowerRight":{"x":233.64064405142935,"y":76.50002002823982},"upperLeft":{"x":121.25632898716304,"y":-41.689139778095246}},"dockers":[{"x":50,"y":40},{"x":122,"y":-41},{"x":50,"y":40}],"target":{"resourceId":"oryx_AA8285CC-BAAC-45CC-8879-8CB84D0F381B"}},{"resourceId":"oryx_85A836AC-70E3-4BF4-A69A-99960DBD42A1","properties":{"Name":"Retry Generate DWS JSON","id":"Flow17","Type":"Default"},"stencil":{"id":"Flow"},"childShapes":[],"outgoing":[{"resourceId":"oryx_AA8285CC-BAAC-45CC-8879-8CB84D0F381B"}],"bounds":{"lowerRight":{"x":567,"y":45.312530998620566},"upperLeft":{"x":336.95702500700384,"y":-41.81287270315546}},"dockers":[{"x":50,"y":40},{"x":567,"y":-41},{"x":50,"y":40}],"target":{"resourceId":"oryx_AA8285CC-BAAC-45CC-8879-8CB84D0F381B"}},{"resourceId":"oryx_F72BD1EE-013E-4E61-AFC0-EAF203C91108","properties":{"Name":"Success","id":"Flow22","Type":"Default"},"stencil":{"id":"Flow"},"childShapes":[],"outgoing":[{"resourceId":"oryx_CAA3AE94-A3DC-445D-96A6-0BEA6A569406"}],"bounds":{"lowerRight":{"x":515.4062762539545,"y":314.18770818153655},"upperLeft":{"x":427.8329039146625,"y":305.36662118656557}},"dockers":[{"x":50,"y":40},{"x":428,"y":306},{"x":50,"y":40}],"target":{"resourceId":"oryx_CAA3AE94-A3DC-445D-96A6-0BEA6A569406"}},{"resourceId":"oryx_3A64F3EF-8122-4F56-9AB3-401FB27A6AE9","properties":{"Name":"Update DWS Taxonomy Success","id":"Flow23","Type":"Default"},"stencil":{"id":"Flow"},"childShapes":[],"outgoing":[{"resourceId":"oryx_E6CC982C-D51C-47F1-8320-6CC3E75D037E"}],"bounds":{"lowerRight":{"x":377,"y":45.312530998620566},"upperLeft":{"x":336.5858796948611,"y":-41.43456043338859}},"dockers":[{"x":50,"y":40},{"x":377,"y":-41},{"x":50,"y":40}],"target":{"resourceId":"oryx_E6CC982C-D51C-47F1-8320-6CC3E75D037E"}},{"resourceId":"oryx_2AB73085-F109-4E56-9F1E-19C46F520A25","properties":{"Name":"Update DWS Taxonomy Failure","id":"Flow26","Type":"Default"},"stencil":{"id":"Flow"},"childShapes":[],"outgoing":[{"resourceId":"oryx_8D4F185B-BC18-4900-8E47-AFCF19FD9546"}],"bounds":{"lowerRight":{"x":567,"y":45.312530998620566},"upperLeft":{"x":336.95702500700384,"y":-41.81287270315546}},"dockers":[{"x":50,"y":40},{"x":567,"y":-41},{"x":50,"y":40}],"target":{"resourceId":"oryx_8D4F185B-BC18-4900-8E47-AFCF19FD9546"}},{"resourceId":"oryx_3ACD75B5-B660-4FCC-BD83-8ADC4EC0E422","properties":{"Name":"Move HTML Files Success","id":"Flow417","Type":"Default"},"stencil":{"id":"Flow"},"childShapes":[],"outgoing":[{"resourceId":"oryx_7F8B359D-FE12-4CD4-AA20-05E53393D81F"}],"bounds":{"lowerRight":{"x":125,"y":170.90625646958165},"upperLeft":{"x":80.53119686362545,"y":-67.45844126944716}},"dockers":[{"x":50,"y":40},{"x":125,"y":-67},{"x":50,"y":40}],"target":{"resourceId":"oryx_7F8B359D-FE12-4CD4-AA20-05E53393D81F"}},{"resourceId":"oryx_2477D37F-2041-439A-BFB3-0EF01DCC2069","properties":{"Name":"Move HTML Files Failure","id":"Flow418","Type":"Default"},"stencil":{"id":"Flow"},"childShapes":[],"outgoing":[{"resourceId":"oryx_22817891-FB49-461D-A5FB-ED4A15A49E0D"}],"bounds":{"lowerRight":{"x":-22.76561667024152,"y":229.5078169025808},"upperLeft":{"x":-217.8798451540136,"y":-67.79279340134595}},"dockers":[{"x":50,"y":40},{"x":-217,"y":-67},{"x":50,"y":40}],"target":{"resourceId":"oryx_22817891-FB49-461D-A5FB-ED4A15A49E0D"}},{"resourceId":"oryx_A233FBB3-4D36-427A-B488-5A2A3FADEC7B","properties":{"Name":"Retry Move HTML Files","id":"Flow419","Type":"Default"},"stencil":{"id":"Flow"},"childShapes":[],"outgoing":[{"resourceId":"oryx_92EA7B97-830B-4880-BFF6-6540EEB84E47"}],"bounds":{"lowerRight":{"x":-22.406241870546584,"y":93.74219987570154},"upperLeft":{"x":-220.79971243719254,"y":-67.79674902471554}},"dockers":[{"x":50,"y":40},{"x":-220,"y":-67},{"x":50,"y":40}],"target":{"resourceId":"oryx_92EA7B97-830B-4880-BFF6-6540EEB84E47"}},{"resourceId":"oryx_7C315291-271C-4005-B5BE-38AD67DC008E","properties":{"AreaVPath":"$IW_WORKAREA","Brief Description":"","Description":"Akmai Cache Invalidation request for production","Name":"Akamai Cache Invalidation task for Prod","id":"Akamai Cache Invalidation task for Prod","CSSclass":"Task","Owner":"$IW_USER","URI":"$IW_CV(ExternalURLTask)","Retry":"true","Lock":"false","Readonly":"false","Transferonly":"false","Variables":"WebURL=$IW_CV(ProductionURL)|RestURL=$IW_CV(RestURL)|File=file|ClassName=com.deere.livesite.authoring.workflow.acpw.task.AkmaiCacheInvalidationTask","Eafinishop":"","Eastartop":"","Wfvarfinishop":"","Wfvarstartop":"","ActivationCount":"0","Status":"none","Valid":"none","BackgroundColor":"#c0c0c0","TaskType":"ItsURLTask"},"stencil":{"id":"URLTask"},"childShapes":[],"outgoing":[{"resourceId":"oryx_06401734-DF66-48C1-8C9C-E26875FEE80A"}],"bounds":{"lowerRight":{"x":1195,"y":96},"upperLeft":{"x":1095,"y":16}},"dockers":[]},{"resourceId":"oryx_06401734-DF66-48C1-8C9C-E26875FEE80A","properties":{"Name":"Success","id":"Flow28","Type":"Default"},"stencil":{"id":"Flow"},"childShapes":[],"outgoing":[{"resourceId":"oryx_0933473D-FC9A-4F78-A651-7526D19CABEC"}],"bounds":{"lowerRight":{"x":1289.46875,"y":57},"upperLeft":{"x":1195.765625,"y":55}},"dockers":[{"x":50,"y":40},{"x":51,"y":41}],"target":{"resourceId":"oryx_0933473D-FC9A-4F78-A651-7526D19CABEC"}},{"resourceId":"oryx_83F1C3FA-3F53-4F88-BDEB-2995058C219A","properties":{"AreaVPath":"$IW_WORKAREA","Brief Description":"","Description":"Asynchronous Task for CBYO Prod Update","Name":"Asynchronous Task for Prod","id":"Asynchronous Task for Prod","CSSclass":"Task","Owner":"$IW_USER","URI":"$IW_CV(ExternalURLTask)","Retry":"true","Lock":"false","Readonly":"false","Transferonly":"false","Variables":"ClassName=com.deere.livesite.authoring.workflow.acpw.task.AsynchronousTask|serverName=prod|RequestType=$IW_CV(RequestType)|WorkflowTemplate=/iwadmin/main/config/STAGING/workflow/asynchronous/workflow.xml","Eafinishop":"","Eastartop":"","Wfvarfinishop":"","Wfvarstartop":"","ActivationCount":"0","Status":"none","Valid":"none","BackgroundColor":"#c0c0c0","TaskType":"ItsURLTask"},"stencil":{"id":"URLTask"},"childShapes":[],"outgoing":[{"resourceId":"oryx_A9E79E07-C8E7-4FA8-B38A-EF418325AA25"}],"bounds":{"lowerRight":{"x":1015,"y":96},"upperLeft":{"x":915,"y":16}},"dockers":[]},{"resourceId":"oryx_A9E79E07-C8E7-4FA8-B38A-EF418325AA25","properties":{"Name":"Success","id":"Flow29","Type":"Default"},"stencil":{"id":"Flow"},"childShapes":[],"outgoing":[{"resourceId":"oryx_7C315291-271C-4005-B5BE-38AD67DC008E"}],"bounds":{"lowerRight":{"x":1094.78125,"y":57},"upperLeft":{"x":1015.21875,"y":55}},"dockers":[{"x":50,"y":40},{"x":50,"y":40}],"target":{"resourceId":"oryx_7C315291-271C-4005-B5BE-38AD67DC008E"}}],"bounds":{"lowerRight":{"x":1505,"y":1050},"upperLeft":{"x":0,"y":0}},"stencilset":{"url":"/iw-wfm/editor/stencilsets/iwov_process_model/iwovprocessmodels.json","namespace":"http://autonomy.com/stencilset/iwovwfm#"},"ssextensions":[],"modelVariables":[{"TaskId":"GroupTask","PropertyName":"Shared by","VariableId":"ReviewerGroup","VariableValue":"","TaskType":"","isDeleted":""},{"TaskId":"DeployTask","PropertyName":"OD Variables","VariableId":"targetPathPreview","VariableValue":{"type":"$IW_CV","value":{"id":"targetPathPreview","label":"Target Path Preview","defaultValue":"/wwwpreview/deere","description":"Path for file deployment in preview server.","isHidden":true,"isReadOnly":true}},"TaskType":"","isDeleted":""},{"TaskId":"URLTask","PropertyName":"Variables","VariableId":"DomainNameSiteMap","VariableValue":{"value":{"id":"DomainNameSiteMap","isHidden":true,"description":"Domain name for sitemap. Example: http://wwwdev.tal.deere.com","isReadOnly":true,"label":"Domain Name For SiteMap","defaultValue":"http://wwwdev.tal.deere.com"},"type":"$IW_CV"},"TaskType":"","isDeleted":""},{"TaskId":"Workflow Properties1","PropertyName":"Description","VariableId":"JobDescription","VariableValue":{"type":"$IW_CV","value":{"id":"JobDescription","label":"Job Description","defaultValue":"Deere Content Publish Workflow","description":"","isHidden":false,"isReadOnly":false}},"TaskType":"ModelProperties","isDeleted":""},{"TaskId":"DeployTask","PropertyName":"OD Variables","VariableId":"imageWorkarea","VariableValue":"","TaskType":"","isDeleted":""},{"TaskId":"URLTask","PropertyName":"Variables","VariableId":"UrlMappingFolderPath","VariableValue":"","TaskType":"","isDeleted":""},{"TaskId":"DeployTask","PropertyName":"OD Variables","VariableId":"targetPathProd","VariableValue":{"value":{"id":"targetPathProd","isHidden":true,"description":"Path for file deployment on production server.","isReadOnly":true,"label":"Target Path Prod","defaultValue":"/var/www/html/dev"},"type":"$IW_CV"},"TaskType":"","isDeleted":""},{"TaskId":"DeployTask","PropertyName":"OD Variables","VariableId":"sitesFolderPath","VariableValue":"","TaskType":"","isDeleted":""},{"TaskId":"URLTask","PropertyName":"Variables","VariableId":"RestURL","VariableValue":"","TaskType":"","isDeleted":""},{"TaskId":"URLTask","PropertyName":"Variables","VariableId":"RequestType","VariableValue":"","TaskType":"","isDeleted":""},{"TaskId":"DeployTask","PropertyName":"OD Variables","VariableId":"targetFragmentPathPreview","VariableValue":{"value":{"id":"targetFragmentPathPreview","isHidden":true,"description":"Path on preview web server for the deployment of files under sites folder in Teamsite.","isReadOnly":true,"label":"Target Fragment Path Preview","defaultValue":"/var/www/html/previewdev/html"},"type":"$IW_CV"},"TaskType":"","isDeleted":""},{"TaskId":"URLTask","PropertyName":"URI","VariableId":"ExternalURLTask","VariableValue":"","TaskType":"","isDeleted":""},{"TaskId":"URLTask","PropertyName":"Variables","VariableId":"DisableGlobalBlacklist","VariableValue":"","TaskType":"","isDeleted":""},{"TaskId":"DeployTask","PropertyName":"OD Variables","VariableId":"targetFragmentPathProd","VariableValue":{"value":{"id":"targetFragmentPathProd","isHidden":true,"description":"Path on production web server for the deployment of files under sites folder in Teamsite.","isReadOnly":true,"label":"Target Fragment Path Prod","defaultValue":"/var/www/html/dev/html"},"type":"$IW_CV"},"TaskType":"","isDeleted":""},{"TaskId":"Akamai Cache Invalidation task for Prod","PropertyName":"URI","VariableId":"ExternalURLTask","VariableValue":"","TaskType":"URLTask","isDeleted":""},{"TaskId":"Akamai Cache Invalidation task for Prod","PropertyName":"Variables","VariableId":"ProductionURL","VariableValue":{"type":"$IW_CV","value":{"id":"ProductionURL","label":"Production URL","defaultValue":"https://us-wwwqa.deere.com","description":"This represents the target production URL","isHidden":true,"isReadOnly":true}},"TaskType":"URLTask","isDeleted":""},{"TaskId":"AkmaiCacheInvalidationTask","PropertyName":"Variables","VariableId":"PreviewURL","VariableValue":{"type":"$IW_CV","value":{"id":"PreviewURL","label":"Preview URL","defaultValue":"https://us-previewqa.deere.com","description":"This represents the target preview URL","isHidden":true,"isReadOnly":true}},"TaskType":"URLTask","isDeleted":""},{"TaskId":"Akamai Cache Invalidation task for Prod","PropertyName":"Variables","VariableId":"RestURL","VariableValue":"","TaskType":"URLTask","isDeleted":""},{"TaskId":"Asynchronous Task for Prod","PropertyName":"URI","VariableId":"ExternalURLTask","VariableValue":"","TaskType":"URLTask","isDeleted":""},{"TaskId":"Asynchronous Task for Prod","PropertyName":"Variables","VariableId":"RequestType","VariableValue":"","TaskType":"URLTask","isDeleted":""},{"TaskId":"Workflow Properties1","PropertyName":"Global Variables","VariableId":"ReviewFlag","VariableValue":{"value":{"id":"ReviewFlag","isHidden":true,"description":"","isReadOnly":true,"label":"Review Required?","defaultValue":"true"},"type":"$IW_CV"},"TaskType":"ModelProperties","isDeleted":""},{"TaskId":"Workflow Properties1","PropertyName":"Global Variables","VariableId":"DisableGlobalBlacklist","VariableValue":{"value":{"id":"DisableGlobalBlacklist","isHidden":true,"description":"","isReadOnly":true,"label":"DisableGlobalBlacklist","defaultValue":""},"type":"$IW_CV"},"TaskType":"ModelProperties","isDeleted":""},{"TaskId":"Workflow Properties1","PropertyName":"Global Variables","VariableId":"sitesFolderPath","VariableValue":{"value":{"id":"sitesFolderPath","isHidden":true,"description":"This is the folder path which needs to be removed from the path of the json and html files deployed to web server.","isReadOnly":true,"label":"Sites Folder Path","defaultValue":"sites"},"type":"$IW_CV"},"TaskType":"ModelProperties","isDeleted":""},{"TaskId":"Workflow Properties1","PropertyName":"Global Variables","VariableId":"targetFragmentPathPreview","VariableValue":{"type":"$IW_CV","value":{"id":"targetFragmentPathPreview","label":"Target Fragment Path Preview","defaultValue":"/wwwpreview/deere/html","description":"Path on preview web server for the deployment of files under sites folder in Teamsite.","isHidden":true,"isReadOnly":true}},"TaskType":"ModelProperties","isDeleted":""},{"TaskId":"Workflow Properties1","PropertyName":"Global Variables","VariableId":"ReviewerGroup","VariableValue":{"value":{"id":"ReviewerGroup","isHidden":true,"description":"","isReadOnly":true,"label":"Reviewer Group","defaultValue":"dce-cms-us-reviewer"},"type":"$IW_CV"},"TaskType":"ModelProperties","isDeleted":""},{"TaskId":"Workflow Properties1","PropertyName":"Global Variables","VariableId":"targetPathProd","VariableValue":{"type":"$IW_CV","value":{"id":"targetPathProd","label":"Target Path Prod","defaultValue":"/wwwpub/deere","description":"Path for file deployment on production server.","isHidden":true,"isReadOnly":true}},"TaskType":"ModelProperties","isDeleted":""},{"TaskId":"Workflow Properties1","PropertyName":"Global Variables","VariableId":"ExternalURLTask","VariableValue":{"value":{"id":"ExternalURLTask","isHidden":true,"description":"","isReadOnly":true,"label":"External URL Task","defaultValue":"http://localhost:8080/iw-cc/urlexternaltask"},"type":"$IW_CV"},"TaskType":"ModelProperties","isDeleted":""},{"TaskId":"Workflow Properties1","PropertyName":"Global Variables","VariableId":"imageWorkarea","VariableValue":{"value":{"id":"imageWorkarea","isHidden":true,"description":"Path to the Image Workarea.","isReadOnly":true,"label":"Image WorkArea","defaultValue":"/iwmnt/default/main/deere/Assets/WORKAREA/shared"},"type":"$IW_CV"},"TaskType":"ModelProperties","isDeleted":""},{"TaskId":"Workflow Properties1","PropertyName":"Global Variables","VariableId":"ReviewFlagIsTrue","VariableValue":{"value":{"id":"ReviewFlagIsTrue","code":"\"$IW_CV(ReviewFlag)\" == \"true\" ? \"true\" : \"false\""},"type":"$IW_SCRIPT"},"TaskType":"ModelProperties","isDeleted":""},{"TaskId":"Workflow Properties1","PropertyName":"Global Variables","VariableId":"RestURL","VariableValue":{"value":{"id":"RestURL","isHidden":true,"description":"The Akmai service end point","isReadOnly":true,"label":"Rest URL","defaultValue":"http://dce-tsapi-d.tal.deere.com/tscapi/akamai/invalidatecache"},"type":"$IW_CV"},"TaskType":"ModelProperties","isDeleted":true},{"TaskId":"Workflow Properties1","PropertyName":"Global Variables","VariableId":"targetPathPreview","VariableValue":{"type":"$IW_CV","value":{"id":"targetPathPreview","label":"Target Path Preview","defaultValue":"/wwwpreview/deere","description":"Path for file deployment in preview server.","isHidden":true,"isReadOnly":true}},"TaskType":"ModelProperties","isDeleted":""},{"TaskId":"Workflow Properties1","PropertyName":"Global Variables","VariableId":"targetFragmentPathProd","VariableValue":{"type":"$IW_CV","value":{"id":"targetFragmentPathProd","label":"Target Fragment Path Prod","defaultValue":"/wwwpub/deere/html","description":"Path on production web server for the deployment of files under sites folder in Teamsite.","isHidden":true,"isReadOnly":true}},"TaskType":"ModelProperties","isDeleted":""},{"TaskId":"Workflow Properties1","PropertyName":"Global Variables","VariableId":"ReviewFlagIsFalse","VariableValue":{"value":{"id":"ReviewFlagIsFalse","code":"\"$IW_CV(ReviewFlag)\" == \"false\" ? \"true\" : \"false\""},"type":"$IW_SCRIPT"},"TaskType":"ModelProperties","isDeleted":""},{"TaskId":"Workflow Properties1","PropertyName":"Global Variables","VariableId":"UrlMappingFolderPath","VariableValue":{"value":{"id":"UrlMappingFolderPath","isHidden":true,"description":"This variable contains the path to the URL Mapping files for translating the URLs.","isReadOnly":true,"label":"Url Mapping Folder Path","defaultValue":"/iwadmin/main/deere/syndication/STAGING/templatedata/URLMapping/MappingList/data/"},"type":"$IW_CV"},"TaskType":"ModelProperties","isDeleted":""},{"TaskId":"Workflow Properties1","PropertyName":"Global Variables","VariableId":"DomainNameSiteMap","VariableValue":{"type":"$IW_CV","value":{"id":"DomainNameSiteMap","label":"Domain Name For SiteMap","defaultValue":"https://us-wwwdev.deere.com","description":"Domain name for sitemap. Example: https://us-wwwdev.deere.com","isHidden":true,"isReadOnly":true}},"TaskType":"ModelProperties","isDeleted":""},{"TaskId":"Workflow Properties1","PropertyName":"Global Variables","VariableId":"RequestType","VariableValue":{"value":{"id":"RequestType","isHidden":true,"description":"This is the request type either product or category and is used for taxonomy and cbyo tasks","isReadOnly":true,"label":"Request Type","defaultValue":""},"type":"$IW_CV"},"TaskType":"ModelProperties","isDeleted":""},{"TaskId":"Workflow Properties1","PropertyName":"Global Variables","VariableId":"PreviewURL","VariableValue":{"type":"$IW_CV","value":{"id":"PreviewURL","label":"Preview URL","defaultValue":"https://us-previewdev.deere.com","description":"This represents the target preview URL","isHidden":true,"isReadOnly":true}},"TaskType":"ModelProperties","isDeleted":""},{"TaskId":"Workflow Properties1","PropertyName":"Global Variables","VariableId":"ProductionURL","VariableValue":{"type":"$IW_CV","value":{"id":"ProductionURL","label":"Production URL","defaultValue":"https://us-wwwdev.deere.com","description":"This represents the target production URL","isHidden":true,"isReadOnly":true}},"TaskType":"ModelProperties","isDeleted":""},{"TaskId":"Workflow Properties1","PropertyName":"Global Variables","VariableId":"RestURL","VariableValue":{"type":"$IW_CV","value":{"id":"RestURL","label":"Rest URL","defaultValue":"http://dce-tsapi-devl.tal.deere.com/tscapi/akamai/invalidatecache","description":"The Akmai service end point","isHidden":true,"isReadOnly":true}},"TaskType":"ModelProperties","isDeleted":""}]}