{"resourceId":"oryx-canvas123","properties":{"Owner":"$IW_USER","Priority":"2","Brief Description":"","Description":"$IW_CV(JobDescription)","DueDate":"","Global Variables":"$IW_CV(ExternalUrlTask)|$IW_CV(targetPathPreview)|$IW_CV(targetFragmentPathPreview)|$IW_CV(targetPathProd)|$IW_CV(targetFragmentPathProd)|$IW_CV(sitesFolderPath)|$IW_CV(UserForDeleteTask)|$IW_CV(DomainNameSiteMap)|$IW_CV(PreviewURL)|$IW_CV(ProductionURL)|$IW_CV(RestURL)|$IW_CV(PreviewSitemapDomainName)|$IW_CV(PreviewSiteMapFileName)|$IW_CV(ProdSiteMapFileName)|$IW_CV(SitemapNameSpaceURI)|$IW_CV(ExcludePagePatterns)|$IW_CV(ReviewerGroups)|$IW_CV(BlackListBranchNames)|$IW_CV(imageWorkarea)|$IW_CV(ODDeploymentScriptPreview)|$IW_CV(ODDeploymentScriptProd)","VAVariables":"","Variables":"","PostProcessorCommand":"","PreProcessorCommand":"Inprocess:com.deere.livesite.workflow.DeleteFilesWorkflowPreProcessor:workarea=$IW_WORKAREA","Name":"Delete Workflow","id":"Workflow Properties1","ActivationCount":"","Version":"1.0.0.1","Status":"","Valid":"true","File Comments":"true"},"stencil":{"id":"ModelProperties"},"childShapes":[{"resourceId":"oryx_D42C7B77-23D9-4033-AB13-BB6599D9DD5A","properties":{"x":"-247.0","y":"-7.0","Name":"Start1","id":"Start1","CSSclass":"Event"},"stencil":{"id":"Start"},"childShapes":[],"outgoing":[{"resourceId":"oryx_75F9D1B0-750B-4EB3-82D5-E2CCDF871B0E"}],"bounds":{"lowerRight":{"x":347,"y":-13},"upperLeft":{"x":313,"y":-47}},"dockers":[]},{"resourceId":"oryx_C28E2B97-F4D0-4B97-9761-27CF250EB4DA","properties":{"x":"329.0","y":"208.0","AreaVPath":"$IW_WORKAREA","Brief Description":"","Description":"Resolve Error","Name":"Resolve Error","id":"Resolve Error","Eafinishop":"","Eastartop":"","Wfvarfinishop":"","Wfvarstartop":"","Lock":"false","Readonly":"false","Transferonly":"false","Owner":"$IW_USER","Variables":"","CSSclass":"Task","ActivationCount":"0","Status":"none","Valid":"true","BackgroundColor":"#c0c0c0","TaskType":"ItsUserTask"},"stencil":{"id":"UserTask"},"childShapes":[],"outgoing":[{"resourceId":"oryx_CDBA1FE0-B2BC-405C-B44D-3F865CEA331A"},{"resourceId":"oryx_7809DC3E-7F4E-4321-BB94-3C8D771256AA"}],"bounds":{"lowerRight":{"x":852,"y":328},"upperLeft":{"x":750,"y":246}},"dockers":[]},{"resourceId":"oryx_8E879319-EE72-4E3B-B7BA-B23D5C975CEA","properties":{"x":"119.0","y":"-45.0","AreaVPath":"$IW_WORKAREA","Brief Description":"Resolve Error","Description":"Resolve Error Task","Name":"Review Email Notification Success","id":"Review Email Notification Success","Eafinishop":"","Eastartop":"","Wfvarfinishop":"","Wfvarstartop":"","Lock":"false","Readonly":"false","Transferonly":"false","Owner":"$IW_USER","Variables":"","CSSclass":"Task","ActivationCount":"0","Status":"none","Valid":"true","BackgroundColor":"#c0c0c0","TaskType":"ItsUserTask"},"stencil":{"id":"UserTask"},"childShapes":[],"outgoing":[{"resourceId":"oryx_E86DDBF7-21E2-4BD7-A59D-C7B625E2D437"}],"bounds":{"lowerRight":{"x":719,"y":-45},"upperLeft":{"x":617,"y":-127}},"dockers":[]},{"resourceId":"oryx_D59B171F-4F78-46FC-8758-6067D1755882","properties":{"y":"211.0","x":"-85.0","AreaVPath":"$IW_WORKAREA","Brief Description":"","Description":"Send email to review the files attached to the workflow for deletion.","Name":"Review Email Notification Task","id":"Review Email Notification Task","CSSclass":"Task","Owner":"$IW_USER","EMailCommand":"http://$IW_SERVER/iw-cc/urlexternaltask","Retry":"true","Lock":"false","Readonly":"false","Transferonly":"false","Variables":"serverName=preview|mail_subject=Delete Workflow - Review Files for Deletion|ClassName=com.deere.livesite.authoring.workflow.acpw.task.AutomatedDeploymentSuccessNotification|mail_template=/iwadmin/main/config/STAGING/workflow/email/deere/AutomatedFilesDeletionReviewNotification.xsl|target_task_name=Review Email Notification Success","Eafinishop":"","Eastartop":"","Wfvarfinishop":"","Wfvarstartop":"","ActivationCount":"0","Status":"none","Valid":"true","BackgroundColor":"#c0c0c0","TaskType":"ItsEmailTask"},"stencil":{"id":"EmailTask"},"childShapes":[],"outgoing":[{"resourceId":"oryx_27C09251-C3A1-4BA7-9684-17D07C6BBE99"}],"bounds":{"lowerRight":{"x":508,"y":328},"upperLeft":{"x":406,"y":246}},"dockers":[]},{"resourceId":"oryx_AF1E1D9A-3091-49A6-8947-599BF12AE7F1","properties":{"x":"565.0","y":"-6.0","AreaVPath":"$IW_WORKAREA","Brief Description":"","Description":"Submit Files","Name":"Submit Files","id":"Submit Files","CSSclass":"Task","Owner":"$IW_USER","SubmitComment":"","SubmitInfo":"","Override":"true","Save Comments":"false","Skip Conflicts":"false","Skip Locked":"false","Unlock":"true","Variables":"","Eafinishop":"","Eastartop":"","Wfvarfinishop":"","Wfvarstartop":"","ActivationCount":"0","Status":"none","Valid":"true","BackgroundColor":"#c0c0c0","TaskType":"ItsSubmitTask"},"stencil":{"id":"SubmitTask"},"childShapes":[],"outgoing":[{"resourceId":"oryx_1F2F1ECF-7D13-4B5E-8B2E-7A089B3037E5"}],"bounds":{"lowerRight":{"x":1165,"y":-6},"upperLeft":{"x":1063,"y":-88}},"dockers":[]},{"resourceId":"oryx_22F290EC-C60B-4634-B306-C87A039C440F","properties":{"y":"609.0","x":"581.0","AreaVPath":"$IW_WORKAREA","Brief Description":"","Description":"Preview Deployment Task","Name":"Preview Deployment Task","id":"Preview Deployment Task","CSSclass":"Task","Owner":"$IW_USER","DeployCommand":"http://$IW_SERVER/iw-cc/urlexternaltask","OD Variables":"targetPath=$IW_CV(targetPathPreview)|targetFragmentPath=$IW_CV(targetFragmentPathPreview)|sitesFolderPath=$IW_CV(sitesFolderPath)|excludePattern=*./sitemap.xml|imageWorkarea=$IW_CV(imageWorkarea)","Retry":"false","Lock":"false","Readonly":"false","Transferonly":"false","Variables":"ClassName=com.deere.livesite.workflow.CustomDeploymentTask|ImmediateTransition=true|odDeploymentInst=_preview_$IW_USER|odDeploymentName=$IW_CV(ODDeploymentScriptPreview)","Eafinishop":"","Eastartop":"","Wfvarfinishop":"","Wfvarstartop":"set:ErrorTaskName=Retry Preview Deployment","ActivationCount":"0","Status":"none","Valid":"true","BackgroundColor":"#c0c0c0","TaskType":"ItsDeployTask"},"stencil":{"id":"DeployTask"},"childShapes":[],"outgoing":[{"resourceId":"oryx_49686FF6-2642-438D-8DBB-9C2B2034F404"},{"resourceId":"oryx_BCE094A4-B019-4A97-94C8-240D8481C24B"}],"bounds":{"lowerRight":{"x":1707,"y":697},"upperLeft":{"x":1605,"y":615}},"dockers":[]},{"resourceId":"oryx_6E8D605A-59F5-4167-B1E5-8F12566E0731","properties":{"y":"192.0","x":"568.0","AreaVPath":"$IW_WORKAREA","Brief Description":"","Description":"Production Deployment","Name":"Production Deployment Task","id":"Production Deployment Task","CSSclass":"Task","Owner":"$IW_USER","DeployCommand":"http://$IW_SERVER/iw-cc/urlexternaltask","OD Variables":"targetPath=$IW_CV(targetPathProd)|targetFragmentPath=$IW_CV(targetFragmentPathProd)|sitesFolderPath=$IW_CV(sitesFolderPath)|excludePattern=.*preview_sitemap.xml|imageWorkarea=$IW_CV(imageWorkarea)","Retry":"false","Lock":"false","Readonly":"false","Transferonly":"false","Variables":"ClassName=com.deere.livesite.workflow.CustomDeploymentTask|ImmediateTransition=true|odDeploymentInst=_prod_$IW_USER|odDeploymentName=$IW_CV(ODDeploymentScriptProd)","Eafinishop":"","Eastartop":"","Wfvarfinishop":"","Wfvarstartop":"set:ErrorTaskName=Retry Production Deployment","ActivationCount":"0","Status":"none","Valid":"true","BackgroundColor":"#c0c0c0","TaskType":"ItsDeployTask"},"stencil":{"id":"DeployTask"},"childShapes":[],"outgoing":[{"resourceId":"oryx_AEB1EDD0-78D2-4697-A5F4-5DDB4DD32B40"},{"resourceId":"oryx_FED09C86-2157-41A9-9AEE-806D4B19A149"}],"bounds":{"lowerRight":{"x":1392,"y":203},"upperLeft":{"x":1290,"y":121}},"dockers":[]},{"resourceId":"oryx_6CA65655-DFF7-479B-B15F-803D04900B56","properties":{"x":"-90.0","y":"86.0","AreaVPath":"$IW_WORKAREA","Brief Description":"","Description":"Attach Page Dependencies","Name":"Attach Page Dependencies","id":"Attach Page Dependencies","CSSclass":"Task","Owner":"$IW_USER","URI":"$IW_CV(ExternalUrlTask)","Retry":"true","Lock":"true","Readonly":"false","Transferonly":"false","Variables":"ClassName=com.deere.livesite.workflow.AttachPageDependenciesForDeletionTask|SuccessTransition=Attach Page Dependencies Success|FailureTransition=Attach Page Dependencies Failure|NoFilesAttachedTransition=No Files Attached","Eafinishop":"","Eastartop":"","Wfvarfinishop":"","Wfvarstartop":"","ActivationCount":"0","Status":"none","Valid":"true","BackgroundColor":"#c0c0c0","TaskType":"ItsURLTask"},"stencil":{"id":"URLTask"},"childShapes":[],"outgoing":[{"resourceId":"oryx_DE66BBFD-0A2C-4FF8-926F-3A35F637C447"},{"resourceId":"oryx_11392246-D933-4FB7-A507-9519513876C8"},{"resourceId":"oryx_00E0B2E4-14B5-4DB6-A238-1BD5EEBD17C2"}],"bounds":{"lowerRight":{"x":177,"y":157},"upperLeft":{"x":75,"y":75}},"dockers":[]},{"resourceId":"oryx_553B7F11-6FF3-4764-A6A1-B1EA11DA4180","properties":{"y":"433.0","x":"-78.0","AreaVPath":"$IW_WORKAREA","Brief Description":"","Description":"This task deletes the files.","Name":"Delete Files","id":"Delete Files","CSSclass":"Task","Owner":"$IW_CV(UserForDeleteTask)","URI":"$IW_CV(ExternalUrlTask)","Retry":"true","Lock":"false","Readonly":"false","Transferonly":"false","Variables":"ClassName=com.deere.livesite.workflow.DeleteFilesTask|SuccessTransition=Delete Files Success|FailureTransition=Delete Files Failure|FileListPath=/tmp","Eafinishop":"","Eastartop":"","Wfvarfinishop":"","Wfvarstartop":"set:ErrorTaskName=Retry Delete Files","ActivationCount":"0","Status":"none","Valid":"true","BackgroundColor":"#c0c0c0","TaskType":"ItsURLTask"},"stencil":{"id":"URLTask"},"childShapes":[],"outgoing":[{"resourceId":"oryx_1C137299-FD7F-4258-B1EB-F4F46AFDA677"},{"resourceId":"oryx_F371CFF1-9F70-43BC-8633-9D45CF770B32"}],"bounds":{"lowerRight":{"x":866.9999999999999,"y":652},"upperLeft":{"x":765,"y":570}},"dockers":[]},{"resourceId":"oryx_EF5126D6-DA9A-48C4-A174-D596B7942218","properties":{"y":"529.0","x":"-76.0","AreaVPath":"$IW_WORKAREA","Brief Description":"","Description":"This task deletes the entry of a page from the preview SItemap.","Name":"Preview Sitemap","id":"Preview Sitemap","CSSclass":"Task","Owner":"$IW_USER","URI":"$IW_CV(ExternalUrlTask)","Retry":"true","Lock":"false","Readonly":"false","Transferonly":"false","Variables":"Delete=true|ClassName=com.deere.livesite.authoring.workflow.SiteMapTask|DomainName=$IW_CV(PreviewSitemapDomainName)|SiteMapFileName=$IW_CV(PreviewSiteMapFileName)|SitemapWaitTransitionName=Wait Preview Sitemap Task|SuccessTransitionName=Preview Sitemap Success|SitemapNameSpaceURI=$IW_CV(SitemapNameSpaceURI)","Eafinishop":"","Eastartop":"","Wfvarfinishop":"","Wfvarstartop":"","ActivationCount":"0","Status":"none","Valid":"true","BackgroundColor":"#c0c0c0","TaskType":"ItsURLTask"},"stencil":{"id":"URLTask"},"childShapes":[],"outgoing":[{"resourceId":"oryx_D23A6994-9A5E-4666-BBD0-E414BBDCD20C"},{"resourceId":"oryx_68CAECBA-AF35-4A51-B728-7AB616708836"}],"bounds":{"lowerRight":{"x":357,"y":847},"upperLeft":{"x":255,"y":765}},"dockers":[]},{"resourceId":"oryx_DFD4BBAB-D551-47BE-8914-EC83D2A6D438","properties":{"y":"-45.0","x":"-92.0","AreaVPath":"$IW_WORKAREA","Brief Description":"","Description":"This task attaches the HTML Fragments generated for certain DCR Types in delete workflow.","Name":"Attach HTML Fragment Task","id":"Attach HTML Fragment Task","CSSclass":"Task","Owner":"$IW_USER","URI":"$IW_CV(ExternalUrlTask)","Retry":"true","Lock":"false","Readonly":"false","Transferonly":"false","Variables":"ClassName=com.interwoven.livesite.spring.workflow.task.DelegatingUrlExternalTaskProxy|TaskBeanId=workflow.task.HtmlFragmentTask|Delete=true","Eafinishop":"","Eastartop":"","Wfvarfinishop":"","Wfvarstartop":"","ActivationCount":"0","Status":"none","Valid":"true","BackgroundColor":"#c0c0c0","TaskType":"ItsURLTask"},"stencil":{"id":"URLTask"},"childShapes":[],"outgoing":[{"resourceId":"oryx_331A6D92-6B67-49B2-8A9E-FF49492CBD75"},{"resourceId":"oryx_A06A7253-103B-4256-A0D4-14E4A928E5DA"}],"bounds":{"lowerRight":{"x":508,"y":-45},"upperLeft":{"x":406,"y":-127}},"dockers":[]},{"resourceId":"oryx_D7A23BC0-6384-4902-AAF9-28CCFFF7BDB4","properties":{"y":"616.0","x":"119.0","AreaVPath":"$IW_WORKAREA","Brief Description":"","Description":"This task deletes the entries of deleted page from the articles.json/events.json.","Name":"Update ESI Task","id":"Update ESI Task","CSSclass":"Task","Owner":"$IW_USER","URI":"$IW_CV(ExternalUrlTask)","Retry":"true","Lock":"false","Readonly":"false","Transferonly":"false","Variables":"includeId=article,event|ClassName=com.interwoven.livesite.spring.workflow.task.DelegatingUrlExternalTaskProxy|TaskBeanId=workflow.task.UpdateESITask","Eafinishop":"","Eastartop":"","Wfvarfinishop":"","Wfvarstartop":"set:ErrorTaskName=Retry Update ESI Task","ActivationCount":"0","Status":"none","Valid":"true","BackgroundColor":"#c0c0c0","TaskType":"ItsURLTask"},"stencil":{"id":"URLTask"},"childShapes":[],"outgoing":[{"resourceId":"oryx_B7C2C294-F1D8-411E-84FA-93BCA19FA1C6"},{"resourceId":"oryx_3E98F28B-956E-482C-AE82-086634F7DABE"}],"bounds":{"lowerRight":{"x":777,"y":1012},"upperLeft":{"x":675,"y":930}},"dockers":[]},{"resourceId":"oryx_FB5DD26D-08ED-4B89-B85E-05BF64E4C59C","properties":{"y":"453.0","x":"582.0","AreaVPath":"$IW_WORKAREA","Brief Description":"","Description":"Akmai Cache Invalidation","Name":"AkmaiCacheInvalidationTask","id":"AkmaiCacheInvalidationTask","CSSclass":"Task","Owner":"$IW_USER","URI":"$IW_CV(ExternalUrlTask)","Retry":"true","Lock":"false","Readonly":"false","Transferonly":"false","Variables":"ClassName=com.deere.livesite.authoring.workflow.acpw.task.AkmaiCacheInvalidationTask|File=file|RestURL=$IW_CV(RestURL)|WebURL=$IW_CV(PreviewURL)|imageWorkArea=/default/main/deere/Assets/WORKAREA/shared|serverName=preview","Eafinishop":"","Eastartop":"","Wfvarfinishop":"","Wfvarstartop":"","ActivationCount":"0","Status":"none","Valid":"true","BackgroundColor":"#c0c0c0","TaskType":"ItsURLTask"},"stencil":{"id":"URLTask"},"childShapes":[],"outgoing":[{"resourceId":"oryx_D6C7BA96-1406-44A2-ACDB-BD726192FFE6"}],"bounds":{"lowerRight":{"x":1392,"y":472},"upperLeft":{"x":1290,"y":390}},"dockers":[]},{"resourceId":"oryx_AD2014E9-D69F-4428-8AB0-CFAD7C72149E","properties":{"y":"750.0","x":"-74.0","AreaVPath":"$IW_WORKAREA","Brief Description":"","Description":"This task deletes the entries for fragment pages from edition-data/*.json.","Name":"Export JSON For Fragments","id":"Export JSON For Fragments","CSSclass":"Task","Owner":"$IW_USER","URI":"$IW_CV(ExternalUrlTask)","Retry":"true","Lock":"false","Readonly":"false","Transferonly":"false","Variables":"TaskBeanId=workflow.task.ExportContentTask|ClassName=com.interwoven.livesite.spring.workflow.task.DelegatingUrlExternalTaskProxy|configId=articles,publications,contract-cards,events|includeFragmentPath=true","Eafinishop":"","Eastartop":"","Wfvarfinishop":"","Wfvarstartop":"","ActivationCount":"0","Status":"none","Valid":"true","BackgroundColor":"#c0c0c0","TaskType":"ItsURLTask"},"stencil":{"id":"URLTask"},"childShapes":[],"outgoing":[{"resourceId":"oryx_8433351D-CA89-43D6-87C0-DAA323FA3674"}],"bounds":{"lowerRight":{"x":897.0000000000001,"y":794.7561759794447},"upperLeft":{"x":795.0000000000001,"y":712.7561759794447}},"dockers":[]},{"resourceId":"oryx_D94E2E0B-9E33-49CD-B4A6-B43240A64F48","properties":{"y":"203.0","x":"120.0","AreaVPath":"$IW_WORKAREA","Brief Description":"","Description":"Retry after error","Name":"Retry After Error","id":"Retry After Error","CSSclass":"Task","Owner":"$IW_USER","URI":"$IW_CV(ExternalUrlTask)","Retry":"true","Lock":"false","Readonly":"false","Transferonly":"false","Variables":"ClassName=com.deere.livesite.workflow.RetryHandlerTask","Eafinishop":"","Eastartop":"","Wfvarfinishop":"","Wfvarstartop":"","ActivationCount":"0","Status":"none","Valid":"true","BackgroundColor":"#c0c0c0","TaskType":"ItsURLTask"},"stencil":{"id":"URLTask"},"childShapes":[],"outgoing":[{"resourceId":"oryx_93D66DB1-588E-4BAB-A0E0-66C900E8CC0C"},{"resourceId":"oryx_27282927-2074-4002-83A3-284D95723A8E"},{"resourceId":"oryx_0D252CF0-BDD6-4935-97D1-A9D6CAECB8CA"},{"resourceId":"oryx_1187C126-A839-4449-9A78-168A65BCC6A7"},{"resourceId":"oryx_8C283F2A-BC54-4C09-AB50-3E725B102812"}],"bounds":{"lowerRight":{"x":715.6127174309556,"y":110.51024703917778},"upperLeft":{"x":613.6127174309556,"y":28.510247039177784}},"dockers":[]},{"resourceId":"oryx_E825A7CC-B217-4CD5-BB52-189AEBF050D1","properties":{"y":"85.0","x":"561.0","AreaVPath":"$IW_WORKAREA","Brief Description":"","Description":"Invalidate akamai cache for production.","Name":"Akamai Cache Invalidation Task for Production","id":"Akamai Cache Invalidation Task for Production","CSSclass":"Task","Owner":"$IW_USER","URI":"$IW_CV(ExternalUrlTask)","Retry":"true","Lock":"false","Readonly":"false","Transferonly":"false","Variables":"ClassName=com.deere.livesite.authoring.workflow.acpw.task.AkmaiCacheInvalidationTask|RestURL=$IW_CV(RestURL)|WebURL=$IW_CV(ProductionURL)|File=file|serverName=prod|imageWorkArea=/default/main/deere/Assets/WORKAREA/shared","Eafinishop":"","Eastartop":"","Wfvarfinishop":"","Wfvarstartop":"","ActivationCount":"0","Status":"none","Valid":"true","BackgroundColor":"#c0c0c0","TaskType":"ItsURLTask"},"stencil":{"id":"URLTask"},"childShapes":[],"outgoing":[{"resourceId":"oryx_FE833A41-9502-41DF-84CE-68EE60F5EE77"}],"bounds":{"lowerRight":{"x":2037,"y":208},"upperLeft":{"x":1935,"y":126}},"dockers":[]},{"resourceId":"oryx_64D21740-B59A-4E76-8DC0-C5A2D2868F40","properties":{"y":"644.0","x":"-70.0","AreaVPath":"$IW_WORKAREA","Brief Description":"","Description":"This task deletes the entry of a page from the production SItemap.","Name":"Production Sitemap","id":"Production Sitemap","CSSclass":"Task","Owner":"$IW_USER","URI":"$IW_CV(ExternalUrlTask)","Retry":"true","Lock":"false","Readonly":"false","Transferonly":"false","Variables":"SuccessTransitionName=Production Sitemap Success|SitemapWaitTransitionName=Wait Production Sitemap Task|DomainName=$IW_CV(DomainNameSiteMap)|Delete=true|SitemapNameSpaceURI=$IW_CV(SitemapNameSpaceURI)|SiteMapFileName=$IW_CV(ProdSiteMapFileName)|ClassName=com.deere.livesite.authoring.workflow.SiteMapTask","Eafinishop":"","Eastartop":"","Wfvarfinishop":"","Wfvarstartop":"","ActivationCount":"0","Status":"none","Valid":"true","BackgroundColor":"#c0c0c0","TaskType":"ItsURLTask"},"stencil":{"id":"URLTask"},"childShapes":[],"outgoing":[{"resourceId":"oryx_534AA6BD-E6F4-4CFD-B01E-D943F6D781F6"},{"resourceId":"oryx_49B07AE0-8F27-4121-9D60-14EC6596A1AC"}],"bounds":{"lowerRight":{"x":177,"y":967},"upperLeft":{"x":75,"y":885}},"dockers":[]},{"resourceId":"oryx_0241AAA6-6AA8-438F-8F2D-2649F440330E","properties":{"x":"-299.0","y":"440.0","Brief Description":"This task waits for the lock on preview sitemap.xml.","Description":"This task waits to get the lock on preview sitemap.xml file as it is getting updated concurrently by users.","Name":"Preview SiteMap Wait For Lock Task","id":"Preview SiteMap Wait For Lock Task","Variables":"","Eafinishop":"","Eastartop":"","Wfvarfinishop":"","Wfvarstartop":"","ActivationCount":"0","Status":"none","Valid":"true","BackgroundColor":"#c0c0c0","TaskType":"ItsDummyTask","CSSclass":"Task"},"stencil":{"id":"DummyTask"},"childShapes":[],"outgoing":[{"resourceId":"oryx_4AC8BA53-130E-4857-9236-73886D702EBF"}],"bounds":{"lowerRight":{"x":146,"y":562},"upperLeft":{"x":44,"y":480}},"dockers":[]},{"resourceId":"oryx_E808FE79-FCC9-44D8-8A02-74D0C3113FBE","properties":{"x":"-286.0","y":"695.0","Brief Description":"","Description":"This task waits for lock on production sitemap.xml file as it is getting updated concurrently by users.","Name":"Production Sitemap Wait For Lock Task","id":"Production Sitemap Wait For Lock Task","Variables":"","Eafinishop":"","Eastartop":"","Wfvarfinishop":"","Wfvarstartop":"","ActivationCount":"0","Status":"none","Valid":"true","BackgroundColor":"#c0c0c0","TaskType":"ItsDummyTask","CSSclass":"Task"},"stencil":{"id":"DummyTask"},"childShapes":[],"outgoing":[{"resourceId":"oryx_5785F786-A2FC-447C-AED8-E5D9AFF14C36"}],"bounds":{"lowerRight":{"x":146,"y":682},"upperLeft":{"x":44,"y":600}},"dockers":[]},{"resourceId":"oryx_75F9D1B0-750B-4EB3-82D5-E2CCDF871B0E","properties":{"Name":"Start File Validation","id":"Flow3","Type":"Default"},"stencil":{"id":"Flow"},"childShapes":[],"outgoing":[{"resourceId":"oryx_DFD4BBAB-D551-47BE-8914-EC83D2A6D438"}],"bounds":{"lowerRight":{"x":405.0312830474727,"y":-47.74230856353841},"upperLeft":{"x":329.0274988311999,"y":-86.58562018737783}},"dockers":[{"x":14.45,"y":14.45},{"x":333,"y":-86},{"x":50,"y":40}],"target":{"resourceId":"oryx_DFD4BBAB-D551-47BE-8914-EC83D2A6D438"}},{"resourceId":"oryx_1C137299-FD7F-4258-B1EB-F4F46AFDA677","properties":{"Name":"Delete Files Success","id":"Flow28","Type":"Default"},"stencil":{"id":"Flow"},"childShapes":[],"outgoing":[{"resourceId":"oryx_EF5126D6-DA9A-48C4-A174-D596B7942218"}],"bounds":{"lowerRight":{"x":815,"y":805},"upperLeft":{"x":357.796875,"y":652.1328125}},"dockers":[{"x":49.99999999999994,"y":40},{"x":814.9999999999999,"y":805},{"x":50,"y":40}],"target":{"resourceId":"oryx_EF5126D6-DA9A-48C4-A174-D596B7942218"}},{"resourceId":"oryx_331A6D92-6B67-49B2-8A9E-FF49492CBD75","properties":{"Name":"Attach HTML Fragment Task Success","id":"Flow336","Type":"Default"},"stencil":{"id":"Flow"},"childShapes":[],"outgoing":[{"resourceId":"oryx_6CA65655-DFF7-479B-B15F-803D04900B56"}],"bounds":{"lowerRight":{"x":405.9135609161864,"y":74.74218870765358},"upperLeft":{"x":125.06256576212948,"y":-86.84853851190371}},"dockers":[{"x":50,"y":40},{"x":125.31237958011934,"y":-86},{"x":50,"y":40}],"target":{"resourceId":"oryx_6CA65655-DFF7-479B-B15F-803D04900B56"}},{"resourceId":"oryx_DE66BBFD-0A2C-4FF8-926F-3A35F637C447","properties":{"Name":"Attach Page Dependencies Success","id":"Flow258","Type":"Default"},"stencil":{"id":"Flow"},"childShapes":[],"outgoing":[{"resourceId":"oryx_D59B171F-4F78-46FC-8758-6067D1755882"}],"bounds":{"lowerRight":{"x":456.00008007544454,"y":245.04890734987032},"upperLeft":{"x":177.71876117112706,"y":115.08632570706861}},"dockers":[{"x":50,"y":40},{"x":456.00008007544454,"y":115.54200469277964},{"x":50,"y":40}],"target":{"resourceId":"oryx_D59B171F-4F78-46FC-8758-6067D1755882"}},{"resourceId":"oryx_B7C2C294-F1D8-411E-84FA-93BCA19FA1C6","properties":{"Name":"Update ESI Task Success","id":"Flow82","Type":"Default"},"stencil":{"id":"Flow"},"childShapes":[],"outgoing":[{"resourceId":"oryx_22F290EC-C60B-4634-B306-C87A039C440F"}],"bounds":{"lowerRight":{"x":1604.6356675611792,"y":1014.9647943103714},"upperLeft":{"x":777.9296875,"y":690.5617619436409}},"dockers":[{"x":50,"y":40},{"x":1014,"y":970},{"x":1122.5206288135041,"y":1014.9647943103714},{"x":51,"y":41}],"target":{"resourceId":"oryx_22F290EC-C60B-4634-B306-C87A039C440F"}},{"resourceId":"oryx_3E98F28B-956E-482C-AE82-086634F7DABE","properties":{"Name":"Update ESI Task Failure","id":"Flow81","Type":"Default"},"stencil":{"id":"Flow"},"childShapes":[],"outgoing":[{"resourceId":"oryx_C28E2B97-F4D0-4B97-9761-27CF250EB4DA"}],"bounds":{"lowerRight":{"x":749.7879659608271,"y":929.6059151972223},"upperLeft":{"x":725.0006039904529,"y":286.18677067253043}},"dockers":[{"x":50,"y":40},{"x":725.0102233036789,"y":286.2789349464623},{"x":50,"y":40}],"target":{"resourceId":"oryx_C28E2B97-F4D0-4B97-9761-27CF250EB4DA"}},{"resourceId":"oryx_A06A7253-103B-4256-A0D4-14E4A928E5DA","properties":{"Name":"Attach HTML Fragment Task Failure","id":"Flow337","Type":"Default"},"stencil":{"id":"Flow"},"childShapes":[],"outgoing":[{"resourceId":"oryx_8E879319-EE72-4E3B-B7BA-B23D5C975CEA"}],"bounds":{"lowerRight":{"x":668,"y":-86},"upperLeft":{"x":508.34373887523014,"y":-87}},"dockers":[{"x":50,"y":40},{"x":668,"y":-86},{"x":50,"y":40}],"target":{"resourceId":"oryx_8E879319-EE72-4E3B-B7BA-B23D5C975CEA"}},{"resourceId":"oryx_F371CFF1-9F70-43BC-8633-9D45CF770B32","properties":{"Name":"Delete Files Failure","id":"Flow29","Type":"Default"},"stencil":{"id":"Flow"},"childShapes":[],"outgoing":[{"resourceId":"oryx_C28E2B97-F4D0-4B97-9761-27CF250EB4DA"}],"bounds":{"lowerRight":{"x":815,"y":569.697525487315},"upperLeft":{"x":800,"y":328.9152819380215}},"dockers":[{"x":49.99999999999994,"y":40},{"x":814.9999999999999,"y":477.6127174309557},{"x":800,"y":477.6127174309557},{"x":50,"y":40}],"target":{"resourceId":"oryx_C28E2B97-F4D0-4B97-9761-27CF250EB4DA"}},{"resourceId":"oryx_BCE094A4-B019-4A97-94C8-240D8481C24B","properties":{"x":"624.0","y":"424.0","Name":"Preview Deployment Success","id":"Flow185","Type":"Success"},"stencil":{"id":"SuccessLink"},"childShapes":[],"outgoing":[{"resourceId":"oryx_AF31EA52-0D81-43D0-B378-F11615D45E5A"}],"bounds":{"lowerRight":{"x":1604.470759586745,"y":940},"upperLeft":{"x":965,"y":636.226448839058}},"dockers":[{"x":1,"y":20.5},{"x":965,"y":940},{"x":44.33332824707031,"y":29.502609252929688}],"target":{"resourceId":"oryx_AF31EA52-0D81-43D0-B378-F11615D45E5A"}},{"resourceId":"oryx_49686FF6-2642-438D-8DBB-9C2B2034F404","properties":{"x":"431.39061718869","y":"248.2070775382952","Name":"Preview Deployment Failure","id":"Flow187","Type":"Failure"},"stencil":{"id":"FailureLink"},"childShapes":[],"outgoing":[{"resourceId":"oryx_C28E2B97-F4D0-4B97-9761-27CF250EB4DA"}],"bounds":{"lowerRight":{"x":1655.0000000657888,"y":614.378441289429},"upperLeft":{"x":852.7675781116249,"y":286.0098319269161}},"dockers":[{"x":50,"y":40},{"x":1655.0000000657888,"y":286.1593080034121},{"x":50,"y":40}],"target":{"resourceId":"oryx_C28E2B97-F4D0-4B97-9761-27CF250EB4DA"}},{"resourceId":"oryx_1F2F1ECF-7D13-4B5E-8B2E-7A089B3037E5","properties":{"x":"615.4967197382816","y":"-50.08995474195076","Name":"Submit Files Success","id":"Flow287","Type":"Success"},"stencil":{"id":"SuccessLink"},"childShapes":[],"outgoing":[{"resourceId":"oryx_D23D5ACD-1EBF-4D77-B10D-190BCC5349D8"}],"bounds":{"lowerRight":{"x":1859.5859566331767,"y":55.60989577168268},"upperLeft":{"x":1113,"y":-5.237976371951216}},"dockers":[{"x":50,"y":40},{"x":1113,"y":50.99146341463415},{"x":17,"y":17}],"target":{"resourceId":"oryx_D23D5ACD-1EBF-4D77-B10D-190BCC5349D8"}},{"resourceId":"oryx_D6C7BA96-1406-44A2-ACDB-BD726192FFE6","properties":{"Name":"Success","id":"Flow490","Type":"Default"},"stencil":{"id":"Flow"},"childShapes":[],"outgoing":[{"resourceId":"oryx_6E8D605A-59F5-4167-B1E5-8F12566E0731"}],"bounds":{"lowerRight":{"x":1341,"y":389.0703125},"upperLeft":{"x":1339,"y":203.505859375}},"dockers":[{"x":50,"y":40},{"x":50,"y":40}],"target":{"resourceId":"oryx_6E8D605A-59F5-4167-B1E5-8F12566E0731"}},{"resourceId":"oryx_8433351D-CA89-43D6-87C0-DAA323FA3674","properties":{"Name":"Export JSON For Fragments Success","id":"Flow59","Type":"Default"},"stencil":{"id":"Flow"},"childShapes":[],"outgoing":[{"resourceId":"oryx_D7A23BC0-6384-4902-AAF9-28CCFFF7BDB4"}],"bounds":{"lowerRight":{"x":838.5821429240088,"y":940.4682756250738},"upperLeft":{"x":777.24968926143,"y":795.2264065206685}},"dockers":[{"x":50,"y":40},{"x":820.3119932561501,"y":916.1292965708939},{"x":50,"y":40}],"target":{"resourceId":"oryx_D7A23BC0-6384-4902-AAF9-28CCFFF7BDB4"}},{"resourceId":"oryx_11392246-D933-4FB7-A507-9519513876C8","properties":{"Name":"Attach Page Dependencies Failure","id":"Flow149","Type":"Default"},"stencil":{"id":"Flow"},"childShapes":[],"outgoing":[{"resourceId":"oryx_8E879319-EE72-4E3B-B7BA-B23D5C975CEA"}],"bounds":{"lowerRight":{"x":616.2747709232747,"y":74.74218870765358},"upperLeft":{"x":125.06256576212948,"y":-86.90635704571316}},"dockers":[{"x":50,"y":40},{"x":125.31237958011934,"y":-86},{"x":50,"y":40}],"target":{"resourceId":"oryx_8E879319-EE72-4E3B-B7BA-B23D5C975CEA"}},{"resourceId":"oryx_27C09251-C3A1-4BA7-9684-17D07C6BBE99","properties":{"Name":"Review Email Notification Success","id":"Flow153","Type":"Default"},"stencil":{"id":"Flow"},"childShapes":[],"outgoing":[{"resourceId":"oryx_17E9AA48-3003-44D1-81A1-54677122F8F6"}],"bounds":{"lowerRight":{"x":405.09375,"y":288},"upperLeft":{"x":145.4921875,"y":286}},"dockers":[{"x":51,"y":41},{"x":50,"y":40}],"target":{"resourceId":"oryx_17E9AA48-3003-44D1-81A1-54677122F8F6"}},{"resourceId":"oryx_62561CF7-C48F-48EB-AFF1-0019AE4F7485","properties":{"Name":"Approve","id":"Flow154","Type":"Default"},"stencil":{"id":"Flow"},"childShapes":[],"outgoing":[{"resourceId":"oryx_78A45C45-4D82-4874-916A-0F2A83240541"}],"bounds":{"lowerRight":{"x":224.78125,"y":400},"upperLeft":{"x":95,"y":327.578125}},"dockers":[{"x":50,"y":79},{"x":95,"y":400},{"x":50,"y":40}],"target":{"resourceId":"oryx_78A45C45-4D82-4874-916A-0F2A83240541"}},{"resourceId":"oryx_6DEB0E3D-016E-417A-BEFD-930511AB4DCE","properties":{"Name":"Reject","id":"Flow155","Type":"Default"},"stencil":{"id":"Flow"},"childShapes":[],"outgoing":[{"resourceId":"oryx_D23D5ACD-1EBF-4D77-B10D-190BCC5349D8"}],"bounds":{"lowerRight":{"x":1859.7622510255892,"y":246.56710834976417},"upperLeft":{"x":96.15487320637932,"y":-87}},"dockers":[{"x":50,"y":1},{"x":365.0012412476483,"y":-87},{"x":17,"y":17}],"target":{"resourceId":"oryx_D23D5ACD-1EBF-4D77-B10D-190BCC5349D8"}},{"resourceId":"oryx_AEB1EDD0-78D2-4697-A5F4-5DDB4DD32B40","properties":{"x":"611.0","y":"125.0","Name":"Production Deployment Success","id":"Flow551","Type":"Success"},"stencil":{"id":"SuccessLink"},"childShapes":[],"outgoing":[{"resourceId":"oryx_9F7A3B51-1126-4A9A-A772-A342F7F9432B"}],"bounds":{"lowerRight":{"x":1619.03125,"y":162},"upperLeft":{"x":1392.875,"y":161}},"dockers":[{"x":50,"y":40},{"x":1506,"y":161},{"x":1506,"y":162},{"x":50,"y":40}],"target":{"resourceId":"oryx_9F7A3B51-1126-4A9A-A772-A342F7F9432B"}},{"resourceId":"oryx_FED09C86-2157-41A9-9AEE-806D4B19A149","properties":{"x":"379.0","y":"232.21123289358428","Name":"Production Deployment Failure","id":"Flow552","Type":"Failure"},"stencil":{"id":"FailureLink"},"childShapes":[],"outgoing":[{"resourceId":"oryx_C28E2B97-F4D0-4B97-9761-27CF250EB4DA"}],"bounds":{"lowerRight":{"x":1289.482421875,"y":269.95076566558436},"upperLeft":{"x":852.1066544046048,"y":161}},"dockers":[{"x":50,"y":40},{"x":1027,"y":161},{"x":981.8700802623001,"y":229.98267227283935},{"x":50,"y":40}],"target":{"resourceId":"oryx_C28E2B97-F4D0-4B97-9761-27CF250EB4DA"}},{"resourceId":"oryx_CDBA1FE0-B2BC-405C-B44D-3F865CEA331A","properties":{"Name":"Retry","id":"Flow79","Type":"Default"},"stencil":{"id":"Flow"},"childShapes":[],"outgoing":[{"resourceId":"oryx_D94E2E0B-9E33-49CD-B4A6-B43240A64F48"}],"bounds":{"lowerRight":{"x":800,"y":245.99136167441782},"upperLeft":{"x":715.757944132252,"y":68.66249186032023}},"dockers":[{"x":50,"y":40},{"x":800,"y":68.90844757936858},{"x":50,"y":40}],"target":{"resourceId":"oryx_D94E2E0B-9E33-49CD-B4A6-B43240A64F48"}},{"resourceId":"oryx_93D66DB1-588E-4BAB-A0E0-66C900E8CC0C","properties":{"y":"243.25085560077298","x":"222.67967616232434","Name":"Task Timeout","id":"Flow83","Type":"Timeout","Timeout Duration":"+000002"},"stencil":{"id":"TimeoutLink"},"childShapes":[],"outgoing":[{"resourceId":"oryx_C28E2B97-F4D0-4B97-9761-27CF250EB4DA"}],"bounds":{"lowerRight":{"x":800,"y":245.99136167441782},"upperLeft":{"x":715.757944132252,"y":68.66249186032023}},"dockers":[{"x":50,"y":40},{"x":800,"y":68.90844757936858},{"x":50,"y":40}],"target":{"resourceId":"oryx_C28E2B97-F4D0-4B97-9761-27CF250EB4DA"}},{"resourceId":"oryx_E86DDBF7-21E2-4BD7-A59D-C7B625E2D437","properties":{"Name":"Retry Task","id":"Flow85","Type":"Default"},"stencil":{"id":"Flow"},"childShapes":[],"outgoing":[{"resourceId":"oryx_DFD4BBAB-D551-47BE-8914-EC83D2A6D438"}],"bounds":{"lowerRight":{"x":616.7812613376757,"y":-86},"upperLeft":{"x":456,"y":-87}},"dockers":[{"x":50,"y":40},{"x":457,"y":-86},{"x":50,"y":40}],"target":{"resourceId":"oryx_DFD4BBAB-D551-47BE-8914-EC83D2A6D438"}},{"resourceId":"oryx_27282927-2074-4002-83A3-284D95723A8E","properties":{"Name":"Retry Delete Files","id":"Flow86","Type":"Default"},"stencil":{"id":"Flow"},"childShapes":[],"outgoing":[{"resourceId":"oryx_553B7F11-6FF3-4764-A6A1-B1EA11DA4180"}],"bounds":{"lowerRight":{"x":845.0000022059953,"y":569.9049719965415},"upperLeft":{"x":715.6278878035941,"y":68.64728227740048}},"dockers":[{"x":50,"y":40},{"x":845.0000022059953,"y":68.98811627620313},{"x":49.99999999999994,"y":40}],"target":{"resourceId":"oryx_553B7F11-6FF3-4764-A6A1-B1EA11DA4180"}},{"resourceId":"oryx_0D252CF0-BDD6-4935-97D1-A9D6CAECB8CA","properties":{"Name":"Retry Update ESI Task","id":"Flow87","Type":"Default"},"stencil":{"id":"Flow"},"childShapes":[],"outgoing":[{"resourceId":"oryx_D7A23BC0-6384-4902-AAF9-28CCFFF7BDB4"}],"bounds":{"lowerRight":{"x":725,"y":929.54296875},"upperLeft":{"x":663.6127174309556,"y":111.16920246427414}},"dockers":[{"x":50,"y":40},{"x":663.6127174309556,"y":424},{"x":725,"y":424},{"x":50,"y":40}],"target":{"resourceId":"oryx_D7A23BC0-6384-4902-AAF9-28CCFFF7BDB4"}},{"resourceId":"oryx_1187C126-A839-4449-9A78-168A65BCC6A7","properties":{"Name":"Retry Production Deployment","id":"Flow88","Type":"Default"},"stencil":{"id":"Flow"},"childShapes":[],"outgoing":[{"resourceId":"oryx_6E8D605A-59F5-4167-B1E5-8F12566E0731"}],"bounds":{"lowerRight":{"x":1340,"y":120.98088546965312},"upperLeft":{"x":716.3252829456081,"y":11.404099427586054}},"dockers":[{"x":50,"y":40},{"x":900.1406976306839,"y":11.404099427586054},{"x":1340,"y":68.51024703917778},{"x":50,"y":40}],"target":{"resourceId":"oryx_6E8D605A-59F5-4167-B1E5-8F12566E0731"}},{"resourceId":"oryx_8C283F2A-BC54-4C09-AB50-3E725B102812","properties":{"Name":"Retry Preview Deployment","id":"Flow89","Type":"Default"},"stencil":{"id":"Flow"},"childShapes":[],"outgoing":[{"resourceId":"oryx_22F290EC-C60B-4634-B306-C87A039C440F"}],"bounds":{"lowerRight":{"x":1655.0000000114744,"y":614.4848970704127},"upperLeft":{"x":715.926816658731,"y":68.57296521887861}},"dockers":[{"x":50,"y":40},{"x":826.0140299991496,"y":133.04781768658944},{"x":1655.0000000114744,"y":68.57296521887861},{"x":50,"y":40}],"target":{"resourceId":"oryx_22F290EC-C60B-4634-B306-C87A039C440F"}},{"resourceId":"oryx_7809DC3E-7F4E-4321-BB94-3C8D771256AA","properties":{"Name":"Cancel","id":"Flow135","Type":"Default"},"stencil":{"id":"Flow"},"childShapes":[],"outgoing":[{"resourceId":"oryx_D23D5ACD-1EBF-4D77-B10D-190BCC5349D8"}],"bounds":{"lowerRight":{"x":1859.559635198624,"y":245.66015634223402},"upperLeft":{"x":800.0173258588429,"y":-87}},"dockers":[{"x":50,"y":40},{"x":800.1602025382953,"y":-87},{"x":26,"y":21.000000000000007}],"target":{"resourceId":"oryx_D23D5ACD-1EBF-4D77-B10D-190BCC5349D8"}},{"resourceId":"oryx_00E0B2E4-14B5-4DB6-A238-1BD5EEBD17C2","properties":{"Name":"No Files Attached","id":"Flow228","Type":"Default"},"stencil":{"id":"Flow"},"childShapes":[],"outgoing":[{"resourceId":"oryx_D23D5ACD-1EBF-4D77-B10D-190BCC5349D8"}],"bounds":{"lowerRight":{"x":1859.3125,"y":74.54687619527678},"upperLeft":{"x":125.0625463100704,"y":-87}},"dockers":[{"x":50,"y":40},{"x":125.31232086538506,"y":-87},{"x":1788,"y":55.717615378368144},{"x":17,"y":17}],"target":{"resourceId":"oryx_D23D5ACD-1EBF-4D77-B10D-190BCC5349D8"}},{"resourceId":"oryx_D23A6994-9A5E-4666-BBD0-E414BBDCD20C","properties":{"Name":"Wait Preview Sitemap Task","id":"Flow99","Type":"Default"},"stencil":{"id":"Flow"},"childShapes":[],"outgoing":[{"resourceId":"oryx_0241AAA6-6AA8-438F-8F2D-2649F440330E"}],"bounds":{"lowerRight":{"x":305.01564853340295,"y":764.4866956521402},"upperLeft":{"x":146.10535234011087,"y":520.014565786864}},"dockers":[{"x":50,"y":40},{"x":305.01564853340295,"y":520.0589883538535},{"x":50,"y":40}],"target":{"resourceId":"oryx_0241AAA6-6AA8-438F-8F2D-2649F440330E"}},{"resourceId":"oryx_4AC8BA53-130E-4857-9236-73886D702EBF","properties":{"y":"569.2630207626922","x":"-219.0","Name":"Preview SiteMap Wait For Lock TimeOut Task","id":"Flow100","Type":"Timeout","Timeout Duration":"+000000"},"stencil":{"id":"TimeoutLink"},"childShapes":[],"outgoing":[{"resourceId":"oryx_EF5126D6-DA9A-48C4-A174-D596B7942218"}],"bounds":{"lowerRight":{"x":305.01564853340295,"y":764.4866956521402},"upperLeft":{"x":146.10535234011087,"y":520.014565786864}},"dockers":[{"x":50,"y":40},{"x":305.01564853340295,"y":520.0589883538535},{"x":50,"y":40}],"target":{"resourceId":"oryx_EF5126D6-DA9A-48C4-A174-D596B7942218"}},{"resourceId":"oryx_FE833A41-9502-41DF-84CE-68EE60F5EE77","properties":{"Name":"Success","id":"Flow156","Type":"Default"},"stencil":{"id":"Flow"},"childShapes":[],"outgoing":[{"resourceId":"oryx_AF1E1D9A-3091-49A6-8947-599BF12AE7F1"}],"bounds":{"lowerRight":{"x":1985.001273870248,"y":125.06250000001788},"upperLeft":{"x":1165.0938239832751,"y":-47.94025946343855}},"dockers":[{"x":50,"y":40},{"x":1985.001273870248,"y":-47},{"x":50,"y":40}],"target":{"resourceId":"oryx_AF1E1D9A-3091-49A6-8947-599BF12AE7F1"}},{"resourceId":"oryx_68CAECBA-AF35-4A51-B728-7AB616708836","properties":{"Name":"Preview Sitemap Success","id":"Flow176","Type":"Default"},"stencil":{"id":"Flow"},"childShapes":[],"outgoing":[{"resourceId":"oryx_64D21740-B59A-4E76-8DC0-C5A2D2868F40"}],"bounds":{"lowerRight":{"x":254.7986235612283,"y":884.6329555783922},"upperLeft":{"x":125.02137784919017,"y":805.0067642746114}},"dockers":[{"x":50,"y":40},{"x":125.06353756215049,"y":805.0242451448721},{"x":50,"y":40}],"target":{"resourceId":"oryx_64D21740-B59A-4E76-8DC0-C5A2D2868F40"}},{"resourceId":"oryx_534AA6BD-E6F4-4CFD-B01E-D943F6D781F6","properties":{"Name":"Wait Production Sitemap Task","id":"Flow177","Type":"Default"},"stencil":{"id":"Flow"},"childShapes":[],"outgoing":[{"resourceId":"oryx_E808FE79-FCC9-44D8-8A02-74D0C3113FBE"}],"bounds":{"lowerRight":{"x":125,"y":884.84375},"upperLeft":{"x":94,"y":682.40625}},"dockers":[{"x":50,"y":40},{"x":125,"y":746},{"x":94,"y":746},{"x":50,"y":40}],"target":{"resourceId":"oryx_E808FE79-FCC9-44D8-8A02-74D0C3113FBE"}},{"resourceId":"oryx_49B07AE0-8F27-4121-9D60-14EC6596A1AC","properties":{"Name":"Production Sitemap Success","id":"Flow178","Type":"Default"},"stencil":{"id":"Flow"},"childShapes":[],"outgoing":[{"resourceId":"oryx_AD2014E9-D69F-4428-8AB0-CFAD7C72149E"}],"bounds":{"lowerRight":{"x":794.25390625,"y":925},"upperLeft":{"x":177.974609375,"y":752.7561759794447}},"dockers":[{"x":50,"y":40},{"x":703.5,"y":925},{"x":703.5,"y":752.7561759794447},{"x":50,"y":40}],"target":{"resourceId":"oryx_AD2014E9-D69F-4428-8AB0-CFAD7C72149E"}},{"resourceId":"oryx_5785F786-A2FC-447C-AED8-E5D9AFF14C36","properties":{"Name":"Production SiteMap Wait For Lock TimeOut Task","id":"Flow179","Type":"Timeout","Timeout Duration":"+000000"},"stencil":{"id":"TimeoutLink"},"childShapes":[],"outgoing":[{"resourceId":"oryx_64D21740-B59A-4E76-8DC0-C5A2D2868F40"}],"bounds":{"lowerRight":{"x":125,"y":884.84375},"upperLeft":{"x":94,"y":682.40625}},"dockers":[{"x":50,"y":40},{"x":94,"y":746},{"x":125,"y":746},{"x":50,"y":40}],"target":{"resourceId":"oryx_64D21740-B59A-4E76-8DC0-C5A2D2868F40"}},{"resourceId":"oryx_AF31EA52-0D81-43D0-B378-F11615D45E5A","properties":{"AreaVPath":"$IW_WORKAREA","Brief Description":"","Description":"Asynchronous Task for Preview","Name":"Asynchronous Task for Preview","id":"Asynchronous Task for Preview","CSSclass":"Task","Owner":"$IW_USER","URI":"$IW_CV(ExternalUrlTask)","Retry":"true","Lock":"false","Readonly":"false","Transferonly":"false","Variables":"ClassName=com.deere.livesite.authoring.workflow.acpw.task.AsynchronousTask|serverName=preview|WorkflowTemplate=/iwadmin/main/config/STAGING/workflow/asynchronous/workflow-delete.xml|WebURL=$IW_CV(PreviewURL)|ExcludePagePatterns=$IW_CV(ExcludePagePatterns)","Eafinishop":"","Eastartop":"","Wfvarfinishop":"","Wfvarstartop":"","ActivationCount":"0","Status":"none","Valid":"none","BackgroundColor":"#c0c0c0","TaskType":"ItsURLTask"},"stencil":{"id":"URLTask"},"childShapes":[],"outgoing":[{"resourceId":"oryx_E5C2B54C-C508-4038-AB54-19AF53638591"}],"bounds":{"lowerRight":{"x":1283.8176582145115,"y":681},"upperLeft":{"x":1183.8176582145115,"y":601}},"dockers":[]},{"resourceId":"oryx_E5C2B54C-C508-4038-AB54-19AF53638591","properties":{"Name":"Success","id":"Flow2","Type":"Default"},"stencil":{"id":"Flow"},"childShapes":[],"outgoing":[{"resourceId":"oryx_FB5DD26D-08ED-4B89-B85E-05BF64E4C59C"}],"bounds":{"lowerRight":{"x":1341,"y":641},"upperLeft":{"x":1284.22201888126,"y":472.1953125}},"dockers":[{"x":50,"y":40},{"x":1341,"y":641},{"x":51,"y":41}],"target":{"resourceId":"oryx_FB5DD26D-08ED-4B89-B85E-05BF64E4C59C"}},{"resourceId":"oryx_9F7A3B51-1126-4A9A-A772-A342F7F9432B","properties":{"AreaVPath":"$IW_WORKAREA","Brief Description":"","Description":"Asynchronous Task for Prod","Name":"Asynchronous Task for Prod","id":"Asynchronous Task for Prod","CSSclass":"Task","Owner":"$IW_USER","URI":"$IW_CV(ExternalUrlTask)","Retry":"true","Lock":"false","Readonly":"false","Transferonly":"false","Variables":"ClassName=com.deere.livesite.authoring.workflow.acpw.task.AsynchronousTask|serverName=prod|WorkflowTemplate=/iwadmin/main/config/STAGING/workflow/asynchronous/workflow-delete.xml|WebURL=$IW_CV(ProductionURL)|ExcludePagePatterns=$IW_CV(ExcludePagePatterns)","Eafinishop":"","Eastartop":"","Wfvarfinishop":"","Wfvarstartop":"","ActivationCount":"0","Status":"none","Valid":"none","BackgroundColor":"#c0c0c0","TaskType":"ItsURLTask"},"stencil":{"id":"URLTask"},"childShapes":[],"outgoing":[{"resourceId":"oryx_A51E3A37-F804-4241-B660-ECC2572B1F93"}],"bounds":{"lowerRight":{"x":1720,"y":202},"upperLeft":{"x":1620,"y":122}},"dockers":[]},{"resourceId":"oryx_A51E3A37-F804-4241-B660-ECC2572B1F93","properties":{"Name":"Success","id":"Flow6","Type":"Default"},"stencil":{"id":"Flow"},"childShapes":[],"outgoing":[{"resourceId":"oryx_E825A7CC-B217-4CD5-BB52-189AEBF050D1"}],"bounds":{"lowerRight":{"x":1934.2147960662842,"y":162},"upperLeft":{"x":1720.2498889689962,"y":159.3333282470703}},"dockers":[{"x":50,"y":40},{"x":1801.333251953125,"y":160.3333282470703},{"x":1827.5,"y":162},{"x":1827.5,"y":159.3333282470703},{"x":76.333251953125,"y":33.33332824707031}],"target":{"resourceId":"oryx_E825A7CC-B217-4CD5-BB52-189AEBF050D1"}},{"resourceId":"oryx_D23D5ACD-1EBF-4D77-B10D-190BCC5349D8","properties":{"Name":"End4","id":"End4","Brief Description":"","Eafinishop":"","Eastartop":"","Wfvarfinishop":"","Wfvarstartop":"","CSSclass":"Event"},"stencil":{"id":"End"},"childShapes":[],"outgoing":[],"bounds":{"lowerRight":{"x":1894,"y":72.71762024819851},"upperLeft":{"x":1860,"y":38.717620248198514}},"dockers":[]},{"resourceId":"oryx_89B86C2A-1728-4B4A-B911-4D89FEEC50FC","properties":{"Name":"DWS Taxonomy update complete","id":"Flow4","Type":"Default"},"stencil":{"id":"Flow"},"childShapes":[],"outgoing":[{"resourceId":"oryx_553B7F11-6FF3-4764-A6A1-B1EA11DA4180"}],"bounds":{"lowerRight":{"x":764.6796875,"y":611},"upperLeft":{"x":590,"y":440.5625}},"dockers":[{"x":50,"y":40},{"x":590,"y":611},{"x":51,"y":41}],"target":{"resourceId":"oryx_553B7F11-6FF3-4764-A6A1-B1EA11DA4180"}},{"resourceId":"oryx_E8168CFF-37D0-4359-AE44-A722B134E6BC","properties":{"AreaVPath":"$IW_WORKAREA","Brief Description":"","Description":"Update Taxonomy for DWS","Name":"DWS Taxonomy update task","id":"DWS Taxonomy update task","CSSclass":"Task","Owner":"$IW_USER","URI":"http://localhost:8080/iw-cc/urlexternaltask","Retry":"true","Lock":"false","Readonly":"false","Transferonly":"false","Variables":"ClassName=com.deere.livesite.authoring.workflow.acpw.task.DWSTaxonomyUpdateTask|ImmediateTransition=true|UrlMappingFolderPath=templatedata/URLMapping/MappingList/data/|IsDeleteWorkflow=true|TargetEnvironment=production|FinalTransition=DWS Taxonomy update complete","Eafinishop":"","Eastartop":"","Wfvarfinishop":"","Wfvarstartop":"","ActivationCount":"0","Status":"none","Valid":"none","BackgroundColor":"#c0c0c0","TaskType":"ItsURLTask"},"stencil":{"id":"URLTask"},"childShapes":[],"outgoing":[{"resourceId":"oryx_89B86C2A-1728-4B4A-B911-4D89FEEC50FC"}],"bounds":{"lowerRight":{"x":640,"y":440},"upperLeft":{"x":540,"y":360}},"dockers":[]},{"resourceId":"oryx_17E9AA48-3003-44D1-81A1-54677122F8F6","properties":{"AreaVPath":"$IW_WORKAREA","Brief Description":"Approval task for Delete workflow","Description":"Delete workflow approval task. Members of the reviewer group for the current branch can approve this task","Name":"Approval Task","id":"Approval Task","CSSclass":"Task","Shared by":"Groups=$IW_CV(ReviewerGroups)","Retain Owner":"false","Lock":"false","Readonly":"true","Transferonly":"false","Variables":"","Eafinishop":"","Eastartop":"","Wfvarfinishop":"","Wfvarstartop":"","ActivationCount":"0","Status":"none","Valid":"none","BackgroundColor":"#c0c0c0","TaskType":"ItsGroupTask"},"stencil":{"id":"GroupTask"},"childShapes":[],"outgoing":[{"resourceId":"oryx_62561CF7-C48F-48EB-AFF1-0019AE4F7485"},{"resourceId":"oryx_6DEB0E3D-016E-417A-BEFD-930511AB4DCE"}],"bounds":{"lowerRight":{"x":145,"y":327},"upperLeft":{"x":45,"y":247}},"dockers":[]},{"resourceId":"oryx_78A45C45-4D82-4874-916A-0F2A83240541","properties":{"AreaVPath":"$IW_WORKAREA","Brief Description":"","Description":"Scheduled Deployment","Name":"Scheduled Deployment","id":"Scheduled Deployment","CSSclass":"Task","Owner":"$IW_USER","URI":"$IW_CV(ExternalUrlTask)","Retry":"true","Lock":"false","Readonly":"false","Transferonly":"false","Variables":"DeployDate=$IW_CV(DeployDate)|TimeZones=$IW_CV(TimeZones)|DeleteTime=$IW_CV(DeleteTime)|ClassName=com.deere.livesite.workflow.delete.WaitTaskHandler|nextTransition=Wait Completed Successfully|ImmediateTransition=true","Eafinishop":"","Eastartop":"","Wfvarfinishop":"","Wfvarstartop":"","ActivationCount":"0","Status":"none","Valid":"none","BackgroundColor":"#c0c0c0","TaskType":"ItsURLTask"},"stencil":{"id":"URLTask"},"childShapes":[],"outgoing":[{"resourceId":"oryx_E28F1818-1302-4AA5-A7CF-B3D4AF53B81D"}],"bounds":{"lowerRight":{"x":325,"y":440},"upperLeft":{"x":225,"y":360}},"dockers":[]},{"resourceId":"oryx_E28F1818-1302-4AA5-A7CF-B3D4AF53B81D","properties":{"Name":"Wait Completed Successfully","id":"Flow5","Type":"Default"},"stencil":{"id":"Flow"},"childShapes":[],"outgoing":[{"resourceId":"oryx_E8168CFF-37D0-4359-AE44-A722B134E6BC"}],"bounds":{"lowerRight":{"x":539.78125,"y":401},"upperLeft":{"x":325.21875,"y":399}},"dockers":[{"x":50,"y":40},{"x":50,"y":40}],"target":{"resourceId":"oryx_E8168CFF-37D0-4359-AE44-A722B134E6BC"}}],"bounds":{"lowerRight":{"x":2137,"y":1112},"upperLeft":{"x":0,"y":0}},"stencilset":{"url":"/iw-wfm/editor/stencilsets/iwov_process_model/iwovprocessmodels.json","namespace":"http://autonomy.com/stencilset/iwovwfm#"},"ssextensions":[],"modelVariables":[{"TaskId":"Workflow Properties1","PropertyName":"Global Variables","VariableId":"DomainNameSiteMap","VariableValue":{"type":"$IW_CV","value":{"isReadOnly":true,"defaultValue":"https://us-wwwdev.deere.com","description":"Specify the domain name used for this branch in Sitemap.xml file.","id":"DomainNameSiteMap","label":"Domain Name For SiteMap","isHidden":true}},"TaskType":"ModelProperties","isDeleted":""},{"TaskId":"URLTask","PropertyName":"Variables","VariableId":"PreviewSiteMapFileName","VariableValue":"","TaskType":"","isDeleted":""},{"TaskId":"Workflow Properties1","PropertyName":"Global Variables","VariableId":"PreviewSiteMapFileName","VariableValue":{"type":"$IW_CV","value":{"isReadOnly":true,"defaultValue":"preview/preview_sitemap.xml","description":"Preview sitemap file name","id":"PreviewSiteMapFileName","label":"Preview SiteMap FileName","isHidden":true}},"TaskType":"ModelProperties","isDeleted":""},{"TaskId":"Workflow Properties1","PropertyName":"Global Variables","VariableId":"ProductionURL","VariableValue":{"type":"$IW_CV","value":{"isReadOnly":true,"defaultValue":"https://us-wwwdev.deere.com","description":"This represents the target Production URL","id":"ProductionURL","label":"Production URL","isHidden":true}},"TaskType":"ModelProperties","isDeleted":""},{"TaskId":"URLTask","PropertyName":"Variables","VariableId":"RestURL","VariableValue":"","TaskType":"","isDeleted":""},{"TaskId":"Workflow Properties1","PropertyName":"Global Variables","VariableId":"targetFragmentPathPreview","VariableValue":{"type":"$IW_CV","value":{"isReadOnly":true,"defaultValue":"/wwwpreview/deere/html","description":"The path where certain files from sites folder are deployed to html folder on preview web server.","id":"targetFragmentPathPreview","label":"Target Fragment Path Preview","isHidden":true}},"TaskType":"ModelProperties","isDeleted":""},{"TaskId":"URLTask","PropertyName":"Variables","VariableId":"RestURL","VariableValue":"","TaskType":"","isDeleted":""},{"TaskId":"DeployTask","PropertyName":"OD Variables","VariableId":"targetFragmentPathPreview","VariableValue":"","TaskType":"","isDeleted":""},{"TaskId":"Workflow Properties1","PropertyName":"Global Variables","VariableId":"ProdSiteMapFileName","VariableValue":{"type":"$IW_CV","value":{"isReadOnly":true,"defaultValue":"sitemap.xml","description":"Production sitemap file name.","id":"ProdSiteMapFileName","label":"ProdSiteMapFileName","isHidden":true}},"TaskType":"ModelProperties","isDeleted":""},{"TaskId":"Workflow Properties1","PropertyName":"Description","VariableId":"JobDescription","VariableValue":{"type":"$IW_CV","value":{"id":"JobDescription","label":"Job Description","defaultValue":"Delete Workflow","description":"This workflow deletes the files from Teamsite, preview and production web servers.","isHidden":false,"isReadOnly":false}},"TaskType":"ModelProperties","isDeleted":""},{"TaskId":"DeployTask","PropertyName":"OD Variables","VariableId":"targetFragmentPathProd","VariableValue":"","TaskType":"","isDeleted":""},{"TaskId":"URLTask","PropertyName":"Variables","VariableId":"PreviewSitemapDomainName","VariableValue":"","TaskType":"","isDeleted":""},{"TaskId":"DeployTask","PropertyName":"OD Variables","VariableId":"sitesFolderPath","VariableValue":"","TaskType":"","isDeleted":""},{"TaskId":"Workflow Properties1","PropertyName":"Global Variables","VariableId":"PreviewSitemapDomainName","VariableValue":{"type":"$IW_CV","value":{"isReadOnly":true,"defaultValue":"https://us-previewdev.deere.com","description":"Domain name for preview Sitemap.","id":"PreviewSitemapDomainName","label":"Preview Sitemap Domain Name","isHidden":true}},"TaskType":"ModelProperties","isDeleted":""},{"TaskId":"Workflow Properties1","PropertyName":"Global Variables","VariableId":"targetFragmentPathProd","VariableValue":{"type":"$IW_CV","value":{"isReadOnly":true,"defaultValue":"/wwwpub/deere/html","description":"The path where certain files from sites folder are deployed to html folder on production server.","id":"targetFragmentPathProd","label":"Target Fragment Path Prod","isHidden":true}},"TaskType":"ModelProperties","isDeleted":""},{"TaskId":"URLTask","PropertyName":"Owner","VariableId":"UserForDeleteTask","VariableValue":"","TaskType":"","isDeleted":""},{"TaskId":"Workflow Properties1","PropertyName":"Global Variables","VariableId":"ExternalUrlTask","VariableValue":{"type":"$IW_CV","value":{"isReadOnly":true,"defaultValue":"http://localhost:8080/iw-cc/urlexternaltask","description":"","id":"ExternalUrlTask","label":"External URL Task","isHidden":true}},"TaskType":"ModelProperties","isDeleted":""},{"TaskId":"DeployTask","PropertyName":"Variables","VariableId":"ODDeploymentScriptName","VariableValue":{"type":"$IW_CV","value":{"id":"ODDeploymentScriptName","label":"OD Deployment Script Name","defaultValue":"webserver_custom_deletion_asset","description":"","isHidden":true,"isReadOnly":true}},"TaskType":"","isDeleted":""},{"TaskId":"DeployTask","PropertyName":"OD Variables","VariableId":"targetPathPreview","VariableValue":"","TaskType":"","isDeleted":""},{"TaskId":"URLTask","PropertyName":"Variables","VariableId":"PreviewURL","VariableValue":"","TaskType":"","isDeleted":""},{"TaskId":"Workflow Properties1","PropertyName":"Global Variables","VariableId":"targetPathProd","VariableValue":{"type":"$IW_CV","value":{"isReadOnly":true,"defaultValue":"/wwwpub/deere","description":"The path where files are deployed on production web server.","id":"targetPathProd","label":"Target Path Prod","isHidden":true}},"TaskType":"ModelProperties","isDeleted":""},{"TaskId":"URLTask","PropertyName":"Variables","VariableId":"DomainNameSiteMap","VariableValue":"","TaskType":"","isDeleted":""},{"TaskId":"URLTask","PropertyName":"Variables","VariableId":"SitemapNameSpaceURI","VariableValue":"","TaskType":"","isDeleted":""},{"TaskId":"DeployTask","PropertyName":"OD Variables","VariableId":"targetPathProd","VariableValue":"","TaskType":"","isDeleted":""},{"TaskId":"Workflow Properties1","PropertyName":"Global Variables","VariableId":"sitesFolderPath","VariableValue":{"type":"$IW_CV","value":{"isReadOnly":true,"defaultValue":"sites","description":"This is the folder path which needs to be removed from the path of the json and html files deployed to web server.","id":"sitesFolderPath","label":"Sites Folder Path","isHidden":true}},"TaskType":"ModelProperties","isDeleted":""},{"TaskId":"Workflow Properties1","PropertyName":"Global Variables","VariableId":"PreviewURL","VariableValue":{"type":"$IW_CV","value":{"isReadOnly":true,"defaultValue":"https://us-previewdev.deere.com","description":"This represents the target preview URL.","id":"PreviewURL","label":"Preview URL","isHidden":true}},"TaskType":"ModelProperties","isDeleted":""},{"TaskId":"URLTask","PropertyName":"Variables","VariableId":"ProdSiteMapFileName","VariableValue":"","TaskType":"","isDeleted":""},{"TaskId":"URLTask","PropertyName":"URI","VariableId":"ExternalUrlTask","VariableValue":"","TaskType":"","isDeleted":""},{"TaskId":"Workflow Properties1","PropertyName":"Global Variables","VariableId":"SitemapNameSpaceURI","VariableValue":{"type":"$IW_CV","value":{"isReadOnly":true,"defaultValue":"https://www.sitemaps.org/schemas/sitemap/0.9","description":"Sitemap Name Space URI","id":"SitemapNameSpaceURI","label":"Sitemap Name Space URI","isHidden":true}},"TaskType":"ModelProperties","isDeleted":""},{"TaskId":"Workflow Properties1","PropertyName":"Global Variables","VariableId":"RestURL","VariableValue":{"type":"$IW_CV","value":{"isReadOnly":true,"defaultValue":"http://dce-tsapi-devl.tal.deere.com/tscapi/akamai/invalidatecache","description":"Akamai service end point","id":"RestURL","label":"Rest URL","isHidden":true}},"TaskType":"ModelProperties","isDeleted":""},{"TaskId":"Workflow Properties1","PropertyName":"Global Variables","VariableId":"targetPathPreview","VariableValue":{"type":"$IW_CV","value":{"isReadOnly":true,"defaultValue":"/wwwpreview/deere","description":"This is path where the files are deployed on preview web server.","id":"targetPathPreview","label":"Target Path Preview","isHidden":true}},"TaskType":"ModelProperties","isDeleted":""},{"TaskId":"URLTask","PropertyName":"Variables","VariableId":"SitemapNameSpaceURI","VariableValue":"","TaskType":"","isDeleted":""},{"TaskId":"Workflow Properties1","PropertyName":"Global Variables","VariableId":"UserForDeleteTask","VariableValue":{"type":"$IW_CV","value":{"isReadOnly":true,"defaultValue":"$IW_AREAOWNER","description":"","id":"UserForDeleteTask","label":"User For Delete Task","isHidden":true}},"TaskType":"ModelProperties","isDeleted":""},{"TaskId":"URLTask","PropertyName":"Variables","VariableId":"ProductionURL","VariableValue":"","TaskType":"","isDeleted":""},{"TaskId":"Asynchronous Task for Preview","PropertyName":"URI","VariableId":"ExternalUrlTask","VariableValue":"","TaskType":"URLTask","isDeleted":""},{"TaskId":"Asynchronous Task for Prod","PropertyName":"URI","VariableId":"ExternalUrlTask","VariableValue":"","TaskType":"URLTask","isDeleted":""},{"TaskId":"Workflow Properties1","PropertyName":"Global Variables","VariableId":"ExcludePagePatterns","VariableValue":{"type":"$IW_CV","value":{"id":"ExcludePagePatterns","label":"ExcludePagePatterns","defaultValue":"fragment[^/]*.html,offers-json.html,subcategories-json.html,product-json.html,products-json.html,compare.html","description":"This is the list of pages to exclude from velocity search update","isHidden":true,"isReadOnly":true}},"TaskType":"ModelProperties","isDeleted":""},{"TaskId":"Workflow Properties1","PropertyName":"Global Variables","VariableId":"ReviewerGroups","VariableValue":{"type":"$IW_CV","value":{"id":"ReviewerGroups","label":"ReviewerGroups","defaultValue":"","description":"ReviewerGroups","isHidden":true,"isReadOnly":true}},"TaskType":"ModelProperties","isDeleted":""},{"TaskId":"Approval Task","PropertyName":"Shared by","VariableId":"ReviewerGroups","VariableValue":"","TaskType":"GroupTask","isDeleted":""},{"TaskId":"Asynchronous Task for Prod","PropertyName":"Variables","VariableId":"ProductionURL","VariableValue":"","TaskType":"URLTask","isDeleted":""},{"TaskId":"Asynchronous Task for Prod","PropertyName":"Variables","VariableId":"ExcludePagePatterns","VariableValue":"","TaskType":"URLTask","isDeleted":""},{"TaskId":"Asynchronous Task for Preview","PropertyName":"Variables","VariableId":"PreviewURL","VariableValue":"","TaskType":"URLTask","isDeleted":""},{"TaskId":"Asynchronous Task for Preview","PropertyName":"Variables","VariableId":"ExcludePagePatterns","VariableValue":"","TaskType":"URLTask","isDeleted":""},{"TaskId":"Scheduled Deployment","PropertyName":"URI","VariableId":"ExternalUrlTask","VariableValue":"","TaskType":"URLTask","isDeleted":""},{"TaskId":"Scheduled Deployment","PropertyName":"Variables","VariableId":"DeployDate","VariableValue":{"type":"$IW_CV","value":{"id":"DeployDate","label":"Deploy Date","defaultValue":"","description":"","isHidden":false,"isReadOnly":false}},"TaskType":"URLTask","isDeleted":""},{"TaskId":"Scheduled Deployment","PropertyName":"Variables","VariableId":"TimeZones","VariableValue":{"type":"$IW_CV","value":{"id":"TimeZones","label":"Time Zones","defaultValue":"","description":"","isHidden":false,"isReadOnly":false}},"TaskType":"URLTask","isDeleted":""},{"TaskId":"Scheduled Deployment","PropertyName":"Variables","VariableId":"DeleteTime","VariableValue":{"type":"$IW_CV","value":{"id":"DeleteTime","label":"Delete Time","defaultValue":"deleteNow","description":"","isHidden":false,"isReadOnly":false}},"TaskType":"URLTask","isDeleted":""},{"TaskId":"Workflow Properties1","PropertyName":"Global Variables","VariableId":"BlackListBranchNames","VariableValue":{"type":"$IW_CV","value":{"id":"BlackListBranchNames","label":"Black List Branch Names","defaultValue":"WORKAREA/private","description":"Comma separated list of branch names that do not require URL translation.","isHidden":true,"isReadOnly":true}},"TaskType":"ModelProperties","isDeleted":""},{"TaskId":"Workflow Properties1","PropertyName":"Global Variables","VariableId":"imageWorkarea","VariableValue":{"type":"$IW_CV","value":{"id":"imageWorkarea","label":"Image WorkArea","defaultValue":"/iwmnt/default/main/deere/Assets/WORKAREA/shared","description":"Path to the Image Workarea.","isHidden":true,"isReadOnly":true}},"TaskType":"ModelProperties","isDeleted":""},{"TaskId":"Workflow Properties1","PropertyName":"Global Variables","VariableId":"ODDeploymentScriptPreview","VariableValue":{"type":"$IW_CV","value":{"id":"ODDeploymentScriptPreview","label":"OD Deployment Script Name Preview","defaultValue":"preview_webserver_custom_deletion_asset","description":"","isHidden":true,"isReadOnly":true}},"TaskType":"ModelProperties","isDeleted":""},{"TaskId":"Workflow Properties1","PropertyName":"Global Variables","VariableId":"ODDeploymentScriptProd","VariableValue":{"type":"$IW_CV","value":{"id":"ODDeploymentScriptProd","label":"OD Deployment Script Name Production","defaultValue":"prod_webserver_custom_deletion_asset","description":"","isHidden":true,"isReadOnly":true}},"TaskType":"ModelProperties","isDeleted":""},{"TaskId":"Preview Deployment Task","PropertyName":"Variables","VariableId":"ODDeploymentScriptPreview","VariableValue":"","TaskType":"DeployTask","isDeleted":""},{"TaskId":"Preview Deployment Task","PropertyName":"OD Variables","VariableId":"imageWorkarea","VariableValue":"","TaskType":"DeployTask"},{"TaskId":"Production Deployment Task","PropertyName":"Variables","VariableId":"ODDeploymentScriptProd","VariableValue":"","TaskType":"DeployTask"},{"TaskId":"Production Deployment Task","PropertyName":"OD Variables","VariableId":"imageWorkarea","VariableValue":"","TaskType":"DeployTask"}]}