{"resourceId":"oryx-canvas123","properties":{"Owner":"$IW_USER","Priority":"2","Brief Description":"","Description":"$IW_CV(JobDescription)","DueDate":"","Global Variables":"$IW_CV(ExternalUrlTask)|$IW_CV(targetPathPreview)|$IW_CV(targetFragmentPathPreview)|$IW_CV(targetPathProd)|$IW_CV(targetFragmentPathProd)|$IW_CV(sitesFolderPath)|$IW_CV(ODDeploymentScriptName)|$IW_CV(UserForDeleteTask)|$IW_CV(DomainNameSiteMap)|$IW_CV(PreviewURL)|$IW_CV(ProductionURL)|$IW_CV(RestURL)|$IW_CV(PreviewSitemapDomainName)|$IW_CV(PreviewSiteMapFileName)|$IW_CV(ProdSiteMapFileName)|$IW_CV(SitemapNameSpaceURI)|$IW_CV(ExcludePagePatterns)|$IW_CV(ReviewerGroups)|$IW_CV(BlackListBranchNames)|$IW_CV(InvalidRelativePathDelete)","VAVariables":"","Variables":"","PostProcessorCommand":"","PreProcessorCommand":"Inprocess:com.deere.livesite.workflow.DeleteFilesWorkflowPreProcessor:workarea=$IW_WORKAREA","Name":"Delete Workflow","id":"Workflow Properties1","ActivationCount":"","Version":"1.0.0.1","Status":"","Valid":"true","File Comments":"true"},"stencil":{"id":"ModelProperties"},"childShapes":[{"resourceId":"oryx_280D04A8-435A-438A-8A4D-AA2820967A9A","properties":{"x":"-247.0","y":"-7.0","Name":"Start1","id":"Start1","CSSclass":"Event"},"stencil":{"id":"Start"},"childShapes":[],"outgoing":[{"resourceId":"oryx_177CBF35-7CA7-4D64-BEAB-49195AD4C706"}],"bounds":{"lowerRight":{"x":347,"y":-13},"upperLeft":{"x":313,"y":-47}},"dockers":[]},{"resourceId":"oryx_E7F8316C-6636-4ABA-B632-DFE2EC3790EC","properties":{"x":"329.0","y":"208.0","AreaVPath":"$IW_WORKAREA","Brief Description":"","Description":"Resolve Error","Name":"Resolve Error","id":"Resolve Error","Eafinishop":"","Eastartop":"","Wfvarfinishop":"","Wfvarstartop":"","Lock":"false","Readonly":"false","Transferonly":"false","Owner":"$IW_USER","Variables":"","CSSclass":"Task","ActivationCount":"0","Status":"none","Valid":"true","BackgroundColor":"#c0c0c0","TaskType":"ItsUserTask"},"stencil":{"id":"UserTask"},"childShapes":[],"outgoing":[{"resourceId":"oryx_FE1E7145-B2B8-4F49-91CF-55642C0484D7"},{"resourceId":"oryx_1F4B81C1-FEC7-4027-8687-A9896D5F140F"}],"bounds":{"lowerRight":{"x":852,"y":328},"upperLeft":{"x":750,"y":246}},"dockers":[]},{"resourceId":"oryx_3E8A172C-2634-491B-8CBD-C1C3F11BAE69","properties":{"x":"119.0","y":"-45.0","AreaVPath":"$IW_WORKAREA","Brief Description":"Resolve Error","Description":"Resolve Error Task","Name":"Review Email Notification Success","id":"Review Email Notification Success","Eafinishop":"","Eastartop":"","Wfvarfinishop":"","Wfvarstartop":"","Lock":"false","Readonly":"false","Transferonly":"false","Owner":"$IW_USER","Variables":"","CSSclass":"Task","ActivationCount":"0","Status":"none","Valid":"true","BackgroundColor":"#c0c0c0","TaskType":"ItsUserTask"},"stencil":{"id":"UserTask"},"childShapes":[],"outgoing":[{"resourceId":"oryx_D90CDB19-FBFC-4D49-B5DE-D4B762034135"}],"bounds":{"lowerRight":{"x":719,"y":-45},"upperLeft":{"x":617,"y":-127}},"dockers":[]},{"resourceId":"oryx_D2F2F7A6-7447-44C0-B262-D53B3409D497","properties":{"y":"211.0","x":"-85.0","AreaVPath":"$IW_WORKAREA","Brief Description":"","Description":"Send email to review the files attached to the workflow for deletion.","Name":"Review Email Notification Task","id":"Review Email Notification Task","CSSclass":"Task","Owner":"$IW_USER","EMailCommand":"http://$IW_SERVER/iw-cc/urlexternaltask","Retry":"true","Lock":"false","Readonly":"false","Transferonly":"false","Variables":"serverName=preview|mail_subject=Delete Workflow - Review Files for Deletion|ClassName=com.deere.livesite.authoring.workflow.acpw.task.AutomatedDeploymentSuccessNotification|mail_template=/iwadmin/main/config/STAGING/workflow/email/deere/AutomatedFilesDeletionReviewNotification.xsl|target_task_name=Review Email Notification Success|InvalidRelativePath=$IW_CV(InvalidRelativePathDelete)","Eafinishop":"","Eastartop":"","Wfvarfinishop":"","Wfvarstartop":"","ActivationCount":"0","Status":"none","Valid":"true","BackgroundColor":"#c0c0c0","TaskType":"ItsEmailTask"},"stencil":{"id":"EmailTask"},"childShapes":[],"outgoing":[{"resourceId":"oryx_7C8783A3-79C8-4D5B-A8A2-5411FBB5A709"}],"bounds":{"lowerRight":{"x":508,"y":328},"upperLeft":{"x":406,"y":246}},"dockers":[]},{"resourceId":"oryx_5919E059-8824-4D1C-8A58-A85553ACA5D9","properties":{"x":"565.0","y":"-6.0","AreaVPath":"$IW_WORKAREA","Brief Description":"","Description":"Submit Files","Name":"Submit Files","id":"Submit Files","CSSclass":"Task","Owner":"$IW_USER","SubmitComment":"","SubmitInfo":"","Override":"true","Save Comments":"false","Skip Conflicts":"false","Skip Locked":"false","Unlock":"true","Variables":"","Eafinishop":"","Eastartop":"","Wfvarfinishop":"","Wfvarstartop":"","ActivationCount":"0","Status":"none","Valid":"true","BackgroundColor":"#c0c0c0","TaskType":"ItsSubmitTask"},"stencil":{"id":"SubmitTask"},"childShapes":[],"outgoing":[{"resourceId":"oryx_5DCEA1D3-8501-4755-9925-FF316693E906"}],"bounds":{"lowerRight":{"x":1165,"y":-6},"upperLeft":{"x":1063,"y":-88}},"dockers":[]},{"resourceId":"oryx_EE105E5E-AEBD-495F-B4FB-EA7330195B56","properties":{"y":"609.0","x":"581.0","AreaVPath":"$IW_WORKAREA","Brief Description":"","Description":"Preview Deployment Task","Name":"Preview Deployment Task","id":"Preview Deployment Task","CSSclass":"Task","Owner":"$IW_USER","DeployCommand":"http://$IW_SERVER/iw-cc/urlexternaltask","OD Variables":"targetPath=$IW_CV(targetPathPreview)|targetFragmentPath=$IW_CV(targetFragmentPathPreview)|sitesFolderPath=$IW_CV(sitesFolderPath)|excludePattern=*./sitemap.xml","Retry":"false","Lock":"false","Readonly":"false","Transferonly":"false","Variables":"ClassName=com.deere.livesite.workflow.CustomDeploymentTask|ImmediateTransition=true|odDeploymentInst=_preview_$IW_USER|odDeploymentName=$IW_CV(ODDeploymentScriptName)","Eafinishop":"","Eastartop":"","Wfvarfinishop":"","Wfvarstartop":"set:ErrorTaskName=Retry Preview Deployment","ActivationCount":"0","Status":"none","Valid":"true","BackgroundColor":"#c0c0c0","TaskType":"ItsDeployTask"},"stencil":{"id":"DeployTask"},"childShapes":[],"outgoing":[{"resourceId":"oryx_2DA7632E-52AB-44CC-9B76-D4E35DBDF33A"},{"resourceId":"oryx_AA501418-5091-4DB0-A82D-862746A217E5"}],"bounds":{"lowerRight":{"x":1713.4713638021783,"y":709.2254348619114},"upperLeft":{"x":1611.4713638021783,"y":627.2254348619114}},"dockers":[]},{"resourceId":"oryx_EF3EB45A-857E-4124-85B7-36472D76A16B","properties":{"y":"192.0","x":"568.0","AreaVPath":"$IW_WORKAREA","Brief Description":"","Description":"Production Deployment","Name":"Production Deployment Task","id":"Production Deployment Task","CSSclass":"Task","Owner":"$IW_USER","DeployCommand":"http://$IW_SERVER/iw-cc/urlexternaltask","OD Variables":"targetPath=$IW_CV(targetPathProd)|targetFragmentPath=$IW_CV(targetFragmentPathProd)|sitesFolderPath=$IW_CV(sitesFolderPath)|excludePattern=.*preview_sitemap.xml","Retry":"false","Lock":"false","Readonly":"false","Transferonly":"false","Variables":"ClassName=com.deere.livesite.workflow.CustomDeploymentTask|ImmediateTransition=true|odDeploymentInst=_prod_$IW_USER|odDeploymentName=$IW_CV(ODDeploymentScriptName)","Eafinishop":"","Eastartop":"","Wfvarfinishop":"","Wfvarstartop":"set:ErrorTaskName=Retry Production Deployment","ActivationCount":"0","Status":"none","Valid":"true","BackgroundColor":"#c0c0c0","TaskType":"ItsDeployTask"},"stencil":{"id":"DeployTask"},"childShapes":[],"outgoing":[{"resourceId":"oryx_EE0CCF15-C768-4F01-BBB2-5E3586C7D52D"},{"resourceId":"oryx_19FBCE3F-5E54-45D2-B8FE-D378B13B9C69"}],"bounds":{"lowerRight":{"x":1392,"y":203},"upperLeft":{"x":1290,"y":121}},"dockers":[]},{"resourceId":"oryx_F69F32D4-0518-479B-9836-CE5894809150","properties":{"x":"-90.0","y":"86.0","AreaVPath":"$IW_WORKAREA","Brief Description":"","Description":"Attach Page Dependencies","Name":"Attach Page Dependencies","id":"Attach Page Dependencies","CSSclass":"Task","Owner":"$IW_USER","URI":"$IW_CV(ExternalUrlTask)","Retry":"true","Lock":"true","Readonly":"false","Transferonly":"false","Variables":"ClassName=com.deere.livesite.workflow.AttachPageDependenciesForDeletionTask|SuccessTransition=Attach Page Dependencies Success|FailureTransition=Attach Page Dependencies Failure|NoFilesAttachedTransition=No Files Attached|InvalidRelativePath=$IW_CV(InvalidRelativePathDelete)","Eafinishop":"","Eastartop":"","Wfvarfinishop":"","Wfvarstartop":"","ActivationCount":"0","Status":"none","Valid":"true","BackgroundColor":"#c0c0c0","TaskType":"ItsURLTask"},"stencil":{"id":"URLTask"},"childShapes":[],"outgoing":[{"resourceId":"oryx_36EAC330-81A2-4F52-826C-D4C4DAC6172E"},{"resourceId":"oryx_141A8CF0-4C2F-447D-8543-65E4C54E0F8A"},{"resourceId":"oryx_1C288D6B-FBB8-4F16-9A10-296EB6950AC1"}],"bounds":{"lowerRight":{"x":177,"y":157},"upperLeft":{"x":75,"y":75}},"dockers":[]},{"resourceId":"oryx_2DA1E256-EB1C-43A4-B560-16CDA9E992E1","properties":{"y":"433.0","x":"-78.0","AreaVPath":"$IW_WORKAREA","Brief Description":"","Description":"This task deletes the files.","Name":"Delete Files","id":"Delete Files","CSSclass":"Task","Owner":"$IW_CV(UserForDeleteTask)","URI":"$IW_CV(ExternalUrlTask)","Retry":"true","Lock":"false","Readonly":"false","Transferonly":"false","Variables":"ClassName=com.deere.livesite.workflow.DeleteFilesTask|SuccessTransition=Delete Files Success|FailureTransition=Delete Files Failure|FileListPath=/tmp","Eafinishop":"","Eastartop":"","Wfvarfinishop":"","Wfvarstartop":"set:ErrorTaskName=Retry Delete Files","ActivationCount":"0","Status":"none","Valid":"true","BackgroundColor":"#c0c0c0","TaskType":"ItsURLTask"},"stencil":{"id":"URLTask"},"childShapes":[],"outgoing":[{"resourceId":"oryx_036A7888-71E4-40C4-BE2E-6E96100B0848"},{"resourceId":"oryx_50E8B3EB-BDD8-4398-A5C2-A5326140A1C9"}],"bounds":{"lowerRight":{"x":866.9999999999999,"y":652},"upperLeft":{"x":765,"y":570}},"dockers":[]},{"resourceId":"oryx_865CAA4F-DC56-4FCC-85C6-826FE4064CE3","properties":{"y":"529.0","x":"-76.0","AreaVPath":"$IW_WORKAREA","Brief Description":"","Description":"This task deletes the entry of a page from the preview SItemap.","Name":"Preview Sitemap","id":"Preview Sitemap","CSSclass":"Task","Owner":"$IW_USER","URI":"$IW_CV(ExternalUrlTask)","Retry":"true","Lock":"false","Readonly":"false","Transferonly":"false","Variables":"Delete=true|ClassName=com.deere.livesite.authoring.workflow.SiteMapTask|DomainName=$IW_CV(PreviewSitemapDomainName)|SiteMapFileName=$IW_CV(PreviewSiteMapFileName)|SitemapWaitTransitionName=Wait Preview Sitemap Task|SuccessTransitionName=Preview Sitemap Success|SitemapNameSpaceURI=$IW_CV(SitemapNameSpaceURI)","Eafinishop":"","Eastartop":"","Wfvarfinishop":"","Wfvarstartop":"","ActivationCount":"0","Status":"none","Valid":"true","BackgroundColor":"#c0c0c0","TaskType":"ItsURLTask"},"stencil":{"id":"URLTask"},"childShapes":[],"outgoing":[{"resourceId":"oryx_3E9FC168-8E3E-4434-8617-C00C08A4FA98"},{"resourceId":"oryx_AA8F310D-3415-4EAB-BC92-C9D0554116D4"}],"bounds":{"lowerRight":{"x":357,"y":847},"upperLeft":{"x":255,"y":765}},"dockers":[]},{"resourceId":"oryx_3617C151-B2B4-4400-910F-176208B9F231","properties":{"y":"-45.0","x":"-92.0","AreaVPath":"$IW_WORKAREA","Brief Description":"","Description":"This task attaches the HTML Fragments generated for certain DCR Types in delete workflow.","Name":"Attach HTML Fragment Task","id":"Attach HTML Fragment Task","CSSclass":"Task","Owner":"$IW_USER","URI":"$IW_CV(ExternalUrlTask)","Retry":"true","Lock":"false","Readonly":"false","Transferonly":"false","Variables":"ClassName=com.interwoven.livesite.spring.workflow.task.DelegatingUrlExternalTaskProxy|TaskBeanId=workflow.task.HtmlFragmentTask|Delete=true","Eafinishop":"","Eastartop":"","Wfvarfinishop":"","Wfvarstartop":"","ActivationCount":"0","Status":"none","Valid":"true","BackgroundColor":"#c0c0c0","TaskType":"ItsURLTask"},"stencil":{"id":"URLTask"},"childShapes":[],"outgoing":[{"resourceId":"oryx_2E14DD17-37C9-4D88-89E0-797B1568FF93"},{"resourceId":"oryx_D62D78E8-CD31-4098-B24A-AD6DCBA6CAF8"}],"bounds":{"lowerRight":{"x":508,"y":-45},"upperLeft":{"x":406,"y":-127}},"dockers":[]},{"resourceId":"oryx_ED52AB6A-1C44-49E3-B366-E82C74D58980","properties":{"y":"616.0","x":"119.0","AreaVPath":"$IW_WORKAREA","Brief Description":"","Description":"This task deletes the entries of deleted page from the articles.json/events.json.","Name":"Update ESI Task","id":"Update ESI Task","CSSclass":"Task","Owner":"$IW_USER","URI":"$IW_CV(ExternalUrlTask)","Retry":"true","Lock":"false","Readonly":"false","Transferonly":"false","Variables":"includeId=article,event|ClassName=com.interwoven.livesite.spring.workflow.task.DelegatingUrlExternalTaskProxy|TaskBeanId=workflow.task.UpdateESITask","Eafinishop":"","Eastartop":"","Wfvarfinishop":"","Wfvarstartop":"set:ErrorTaskName=Retry Update ESI Task","ActivationCount":"0","Status":"none","Valid":"true","BackgroundColor":"#c0c0c0","TaskType":"ItsURLTask"},"stencil":{"id":"URLTask"},"childShapes":[],"outgoing":[{"resourceId":"oryx_81CCDB7D-D7EC-44E2-9CF6-0E92572B4C24"},{"resourceId":"oryx_5053DF5D-7FD3-4F4A-B6DC-CD61E96C2E80"}],"bounds":{"lowerRight":{"x":777,"y":1012},"upperLeft":{"x":675,"y":930}},"dockers":[]},{"resourceId":"oryx_33BC12C4-1FFA-449B-805C-71FDBF46CB7F","properties":{"y":"453.0","x":"582.0","AreaVPath":"$IW_WORKAREA","Brief Description":"","Description":"Akmai Cache Invalidation","Name":"AkmaiCacheInvalidationTask","id":"AkmaiCacheInvalidationTask","CSSclass":"Task","Owner":"$IW_USER","URI":"$IW_CV(ExternalUrlTask)","Retry":"true","Lock":"false","Readonly":"false","Transferonly":"false","Variables":"ClassName=com.deere.livesite.authoring.workflow.acpw.task.AkmaiCacheInvalidationTask|File=file|RestURL=$IW_CV(RestURL)|WebURL=$IW_CV(PreviewURL)|imageWorkArea=/default/main/deere/Assets/WORKAREA/shared|serverName=preview","Eafinishop":"","Eastartop":"","Wfvarfinishop":"","Wfvarstartop":"","ActivationCount":"0","Status":"none","Valid":"true","BackgroundColor":"#c0c0c0","TaskType":"ItsURLTask"},"stencil":{"id":"URLTask"},"childShapes":[],"outgoing":[{"resourceId":"oryx_AADEE35F-9D56-415C-B1A4-EEB7C852B198"}],"bounds":{"lowerRight":{"x":1392,"y":472},"upperLeft":{"x":1290,"y":390}},"dockers":[]},{"resourceId":"oryx_5A08755A-AD7B-4DC6-8A8F-FCE79E843589","properties":{"y":"750.0","x":"-74.0","AreaVPath":"$IW_WORKAREA","Brief Description":"","Description":"This task deletes the entries for fragment pages from edition-data/*.json.","Name":"Export JSON For Fragments","id":"Export JSON For Fragments","CSSclass":"Task","Owner":"$IW_USER","URI":"$IW_CV(ExternalUrlTask)","Retry":"true","Lock":"false","Readonly":"false","Transferonly":"false","Variables":"TaskBeanId=workflow.task.ExportContentTask|ClassName=com.interwoven.livesite.spring.workflow.task.DelegatingUrlExternalTaskProxy|configId=articles,publications,contract-cards,events|includeFragmentPath=true","Eafinishop":"","Eastartop":"","Wfvarfinishop":"","Wfvarstartop":"","ActivationCount":"0","Status":"none","Valid":"true","BackgroundColor":"#c0c0c0","TaskType":"ItsURLTask"},"stencil":{"id":"URLTask"},"childShapes":[],"outgoing":[{"resourceId":"oryx_28C9077B-AD1B-4C02-9BF0-D8BC02A73CFC"}],"bounds":{"lowerRight":{"x":897.0000000000001,"y":794.7561759794447},"upperLeft":{"x":795.0000000000001,"y":712.7561759794447}},"dockers":[]},{"resourceId":"oryx_CD757CB4-6942-438C-B6FD-4A55876EE46D","properties":{"y":"203.0","x":"120.0","AreaVPath":"$IW_WORKAREA","Brief Description":"","Description":"Retry after error","Name":"Retry After Error","id":"Retry After Error","CSSclass":"Task","Owner":"$IW_USER","URI":"$IW_CV(ExternalUrlTask)","Retry":"true","Lock":"false","Readonly":"false","Transferonly":"false","Variables":"ClassName=com.deere.livesite.workflow.RetryHandlerTask","Eafinishop":"","Eastartop":"","Wfvarfinishop":"","Wfvarstartop":"","ActivationCount":"0","Status":"none","Valid":"true","BackgroundColor":"#c0c0c0","TaskType":"ItsURLTask"},"stencil":{"id":"URLTask"},"childShapes":[],"outgoing":[{"resourceId":"oryx_71865D27-8D6F-4107-84B2-E606B2500A23"},{"resourceId":"oryx_F18C2FE9-3ABC-42E3-88FE-8A0360E8DCB3"},{"resourceId":"oryx_0171ED08-D7C0-431C-B90D-55EF174F259A"},{"resourceId":"oryx_5EC9F5F7-5CCB-4325-9C35-E3F9A6BAD653"},{"resourceId":"oryx_603DBA4E-1B8A-43C6-B124-E90520C9AE0D"}],"bounds":{"lowerRight":{"x":715.6127174309556,"y":110.51024703917778},"upperLeft":{"x":613.6127174309556,"y":28.510247039177784}},"dockers":[]},{"resourceId":"oryx_6316DBF2-6581-4D00-A11A-8AB1EEEF60BA","properties":{"y":"85.0","x":"561.0","AreaVPath":"$IW_WORKAREA","Brief Description":"","Description":"Invalidate akamai cache for production.","Name":"Akamai Cache Invalidation Task for Production","id":"Akamai Cache Invalidation Task for Production","CSSclass":"Task","Owner":"$IW_USER","URI":"$IW_CV(ExternalUrlTask)","Retry":"true","Lock":"false","Readonly":"false","Transferonly":"false","Variables":"ClassName=com.deere.livesite.authoring.workflow.acpw.task.AkmaiCacheInvalidationTask|RestURL=$IW_CV(RestURL)|WebURL=$IW_CV(ProductionURL)|File=file|serverName=prod|imageWorkArea=/default/main/deere/Assets/WORKAREA/shared","Eafinishop":"","Eastartop":"","Wfvarfinishop":"","Wfvarstartop":"","ActivationCount":"0","Status":"none","Valid":"true","BackgroundColor":"#c0c0c0","TaskType":"ItsURLTask"},"stencil":{"id":"URLTask"},"childShapes":[],"outgoing":[{"resourceId":"oryx_4948ED3A-6A61-4273-930E-5F2DBDFBE846"}],"bounds":{"lowerRight":{"x":2037,"y":208},"upperLeft":{"x":1935,"y":126}},"dockers":[]},{"resourceId":"oryx_96FDEC1F-EC68-4D31-889A-BCAB2AC76142","properties":{"y":"644.0","x":"-70.0","AreaVPath":"$IW_WORKAREA","Brief Description":"","Description":"This task deletes the entry of a page from the production SItemap.","Name":"Production Sitemap","id":"Production Sitemap","CSSclass":"Task","Owner":"$IW_USER","URI":"$IW_CV(ExternalUrlTask)","Retry":"true","Lock":"false","Readonly":"false","Transferonly":"false","Variables":"SuccessTransitionName=Production Sitemap Success|SitemapWaitTransitionName=Wait Production Sitemap Task|DomainName=$IW_CV(DomainNameSiteMap)|Delete=true|SitemapNameSpaceURI=$IW_CV(SitemapNameSpaceURI)|SiteMapFileName=$IW_CV(ProdSiteMapFileName)|ClassName=com.deere.livesite.authoring.workflow.SiteMapTask","Eafinishop":"","Eastartop":"","Wfvarfinishop":"","Wfvarstartop":"","ActivationCount":"0","Status":"none","Valid":"true","BackgroundColor":"#c0c0c0","TaskType":"ItsURLTask"},"stencil":{"id":"URLTask"},"childShapes":[],"outgoing":[{"resourceId":"oryx_5A5A5E9A-DAD8-4AAC-B358-0C2608EC648D"},{"resourceId":"oryx_9B4419AF-2E5D-4981-AAEA-4035D47A8611"}],"bounds":{"lowerRight":{"x":177,"y":967},"upperLeft":{"x":75,"y":885}},"dockers":[]},{"resourceId":"oryx_AB468B9F-D794-4F05-94F4-8D7C0B8755DD","properties":{"x":"-299.0","y":"440.0","Brief Description":"This task waits for the lock on preview sitemap.xml.","Description":"This task waits to get the lock on preview sitemap.xml file as it is getting updated concurrently by users.","Name":"Preview SiteMap Wait For Lock Task","id":"Preview SiteMap Wait For Lock Task","Variables":"","Eafinishop":"","Eastartop":"","Wfvarfinishop":"","Wfvarstartop":"","ActivationCount":"0","Status":"none","Valid":"true","BackgroundColor":"#c0c0c0","TaskType":"ItsDummyTask","CSSclass":"Task"},"stencil":{"id":"DummyTask"},"childShapes":[],"outgoing":[{"resourceId":"oryx_A827B9C8-6BCA-41DC-8D09-4CACBFDD19EA"}],"bounds":{"lowerRight":{"x":146,"y":562},"upperLeft":{"x":44,"y":480}},"dockers":[]},{"resourceId":"oryx_72672CDA-23BD-44CA-A341-3382EA2FD641","properties":{"x":"-286.0","y":"695.0","Brief Description":"","Description":"This task waits for lock on production sitemap.xml file as it is getting updated concurrently by users.","Name":"Production Sitemap Wait For Lock Task","id":"Production Sitemap Wait For Lock Task","Variables":"","Eafinishop":"","Eastartop":"","Wfvarfinishop":"","Wfvarstartop":"","ActivationCount":"0","Status":"none","Valid":"true","BackgroundColor":"#c0c0c0","TaskType":"ItsDummyTask","CSSclass":"Task"},"stencil":{"id":"DummyTask"},"childShapes":[],"outgoing":[{"resourceId":"oryx_24CAB5BE-F0D4-47D9-AC93-17943BB3D4A6"}],"bounds":{"lowerRight":{"x":146,"y":682},"upperLeft":{"x":44,"y":600}},"dockers":[]},{"resourceId":"oryx_177CBF35-7CA7-4D64-BEAB-49195AD4C706","properties":{"Name":"Start File Validation","id":"Flow3","Type":"Default"},"stencil":{"id":"Flow"},"childShapes":[],"outgoing":[{"resourceId":"oryx_3617C151-B2B4-4400-910F-176208B9F231"}],"bounds":{"lowerRight":{"x":405.0312830474727,"y":-47.74230856353841},"upperLeft":{"x":329.0274988311999,"y":-86.58562018737783}},"dockers":[{"x":14.45,"y":14.45},{"x":333,"y":-86},{"x":50,"y":40}],"target":{"resourceId":"oryx_3617C151-B2B4-4400-910F-176208B9F231"}},{"resourceId":"oryx_036A7888-71E4-40C4-BE2E-6E96100B0848","properties":{"Name":"Delete Files Success","id":"Flow28","Type":"Default"},"stencil":{"id":"Flow"},"childShapes":[],"outgoing":[{"resourceId":"oryx_865CAA4F-DC56-4FCC-85C6-826FE4064CE3"}],"bounds":{"lowerRight":{"x":815,"y":805},"upperLeft":{"x":357.796875,"y":652.1328125}},"dockers":[{"x":49.99999999999994,"y":40},{"x":814.9999999999999,"y":805},{"x":50,"y":40}],"target":{"resourceId":"oryx_865CAA4F-DC56-4FCC-85C6-826FE4064CE3"}},{"resourceId":"oryx_2E14DD17-37C9-4D88-89E0-797B1568FF93","properties":{"Name":"Attach HTML Fragment Task Success","id":"Flow336","Type":"Default"},"stencil":{"id":"Flow"},"childShapes":[],"outgoing":[{"resourceId":"oryx_F69F32D4-0518-479B-9836-CE5894809150"}],"bounds":{"lowerRight":{"x":405.8690521562409,"y":74.74218750194339},"upperLeft":{"x":125.00250983383334,"y":-86.84854125137241}},"dockers":[{"x":50,"y":40},{"x":125.01253114784924,"y":-86},{"x":50,"y":40}],"target":{"resourceId":"oryx_F69F32D4-0518-479B-9836-CE5894809150"}},{"resourceId":"oryx_36EAC330-81A2-4F52-826C-D4C4DAC6172E","properties":{"Name":"Attach Page Dependencies Success","id":"Flow258","Type":"Default"},"stencil":{"id":"Flow"},"childShapes":[],"outgoing":[{"resourceId":"oryx_D2F2F7A6-7447-44C0-B262-D53B3409D497"}],"bounds":{"lowerRight":{"x":456.00008007544454,"y":245.5930125096465},"upperLeft":{"x":177.7187625109255,"y":115.00218984996624}},"dockers":[{"x":50,"y":40},{"x":456.00008007544454,"y":115.0137491943979},{"x":50,"y":40}],"target":{"resourceId":"oryx_D2F2F7A6-7447-44C0-B262-D53B3409D497"}},{"resourceId":"oryx_81CCDB7D-D7EC-44E2-9CF6-0E92572B4C24","properties":{"Name":"Update ESI Task Success","id":"Flow82","Type":"Default"},"stencil":{"id":"Flow"},"childShapes":[],"outgoing":[{"resourceId":"oryx_EE105E5E-AEBD-495F-B4FB-EA7330195B56"}],"bounds":{"lowerRight":{"x":1611.009540447814,"y":1014.9647943103714},"upperLeft":{"x":777.9296875,"y":701.2725973337177}},"dockers":[{"x":50,"y":40},{"x":1014,"y":970},{"x":1122.5206288135041,"y":1014.9647943103714},{"x":51,"y":41}],"target":{"resourceId":"oryx_EE105E5E-AEBD-495F-B4FB-EA7330195B56"}},{"resourceId":"oryx_5053DF5D-7FD3-4F4A-B6DC-CD61E96C2E80","properties":{"Name":"Update ESI Task Failure","id":"Flow81","Type":"Default"},"stencil":{"id":"Flow"},"childShapes":[],"outgoing":[{"resourceId":"oryx_E7F8316C-6636-4ABA-B632-DFE2EC3790EC"}],"bounds":{"lowerRight":{"x":749.7879659608271,"y":929.6059151972223},"upperLeft":{"x":725.0006039904529,"y":286.18677067253043}},"dockers":[{"x":50,"y":40},{"x":725.0102233036789,"y":286.2789349464623},{"x":50,"y":40}],"target":{"resourceId":"oryx_E7F8316C-6636-4ABA-B632-DFE2EC3790EC"}},{"resourceId":"oryx_D62D78E8-CD31-4098-B24A-AD6DCBA6CAF8","properties":{"Name":"Attach HTML Fragment Task Failure","id":"Flow337","Type":"Default"},"stencil":{"id":"Flow"},"childShapes":[],"outgoing":[{"resourceId":"oryx_3E8A172C-2634-491B-8CBD-C1C3F11BAE69"}],"bounds":{"lowerRight":{"x":668,"y":-86},"upperLeft":{"x":508.34373887523014,"y":-87}},"dockers":[{"x":50,"y":40},{"x":668,"y":-86},{"x":50,"y":40}],"target":{"resourceId":"oryx_3E8A172C-2634-491B-8CBD-C1C3F11BAE69"}},{"resourceId":"oryx_50E8B3EB-BDD8-4398-A5C2-A5326140A1C9","properties":{"Name":"Delete Files Failure","id":"Flow29","Type":"Default"},"stencil":{"id":"Flow"},"childShapes":[],"outgoing":[{"resourceId":"oryx_E7F8316C-6636-4ABA-B632-DFE2EC3790EC"}],"bounds":{"lowerRight":{"x":815,"y":569.697525487315},"upperLeft":{"x":800,"y":328.9152819380215}},"dockers":[{"x":49.99999999999994,"y":40},{"x":814.9999999999999,"y":477.6127174309557},{"x":800,"y":477.6127174309557},{"x":50,"y":40}],"target":{"resourceId":"oryx_E7F8316C-6636-4ABA-B632-DFE2EC3790EC"}},{"resourceId":"oryx_AA501418-5091-4DB0-A82D-862746A217E5","properties":{"x":"624.0","y":"424.0","Name":"Preview Deployment Success","id":"Flow185","Type":"Success"},"stencil":{"id":"SuccessLink"},"childShapes":[],"outgoing":[{"resourceId":"oryx_AE6CEAFC-B663-428D-8310-1A67E0514A7F"}],"bounds":{"lowerRight":{"x":1610.927627336412,"y":940},"upperLeft":{"x":965,"y":648.4222917878612}},"dockers":[{"x":1,"y":20.5},{"x":965,"y":940},{"x":44.33332824707031,"y":29.502609252929688}],"target":{"resourceId":"oryx_AE6CEAFC-B663-428D-8310-1A67E0514A7F"}},{"resourceId":"oryx_2DA7632E-52AB-44CC-9B76-D4E35DBDF33A","properties":{"x":"431.39061718869","y":"248.2070775382952","Name":"Preview Deployment Failure","id":"Flow187","Type":"Failure"},"stencil":{"id":"FailureLink"},"childShapes":[],"outgoing":[{"resourceId":"oryx_E7F8316C-6636-4ABA-B632-DFE2EC3790EC"}],"bounds":{"lowerRight":{"x":1661.4713696419396,"y":626.7791365738244},"upperLeft":{"x":852.3181186822745,"y":286.0096749530203}},"dockers":[{"x":50,"y":40},{"x":1661.4713696419396,"y":286.1593080034121},{"x":50,"y":40}],"target":{"resourceId":"oryx_E7F8316C-6636-4ABA-B632-DFE2EC3790EC"}},{"resourceId":"oryx_5DCEA1D3-8501-4755-9925-FF316693E906","properties":{"x":"615.4967197382816","y":"-50.08995474195076","Name":"Submit Files Success","id":"Flow287","Type":"Success"},"stencil":{"id":"SuccessLink"},"childShapes":[],"outgoing":[{"resourceId":"oryx_D720BF3B-1BAC-4174-90F2-7E6DFD46B56E"}],"bounds":{"lowerRight":{"x":1859.5859566331767,"y":55.60989577168268},"upperLeft":{"x":1113,"y":-5.237976371951216}},"dockers":[{"x":50,"y":40},{"x":1113,"y":50.99146341463415},{"x":17,"y":17}],"target":{"resourceId":"oryx_D720BF3B-1BAC-4174-90F2-7E6DFD46B56E"}},{"resourceId":"oryx_AADEE35F-9D56-415C-B1A4-EEB7C852B198","properties":{"Name":"Success","id":"Flow490","Type":"Default"},"stencil":{"id":"Flow"},"childShapes":[],"outgoing":[{"resourceId":"oryx_EF3EB45A-857E-4124-85B7-36472D76A16B"}],"bounds":{"lowerRight":{"x":1341,"y":389.0703125},"upperLeft":{"x":1339,"y":203.505859375}},"dockers":[{"x":50,"y":40},{"x":50,"y":40}],"target":{"resourceId":"oryx_EF3EB45A-857E-4124-85B7-36472D76A16B"}},{"resourceId":"oryx_28C9077B-AD1B-4C02-9BF0-D8BC02A73CFC","properties":{"Name":"Export JSON For Fragments Success","id":"Flow59","Type":"Default"},"stencil":{"id":"Flow"},"childShapes":[],"outgoing":[{"resourceId":"oryx_ED52AB6A-1C44-49E3-B366-E82C74D58980"}],"bounds":{"lowerRight":{"x":838.5821429240088,"y":940.4682756250738},"upperLeft":{"x":777.24968926143,"y":795.2264065206685}},"dockers":[{"x":50,"y":40},{"x":820.3119932561501,"y":916.1292965708939},{"x":50,"y":40}],"target":{"resourceId":"oryx_ED52AB6A-1C44-49E3-B366-E82C74D58980"}},{"resourceId":"oryx_141A8CF0-4C2F-447D-8543-65E4C54E0F8A","properties":{"Name":"Attach Page Dependencies Failure","id":"Flow149","Type":"Default"},"stencil":{"id":"Flow"},"childShapes":[],"outgoing":[{"resourceId":"oryx_3E8A172C-2634-491B-8CBD-C1C3F11BAE69"}],"bounds":{"lowerRight":{"x":616.2472457723337,"y":74.74218750194339},"upperLeft":{"x":125.00250983383334,"y":-86.90635806703216}},"dockers":[{"x":50,"y":40},{"x":125.01253114784924,"y":-86},{"x":50,"y":40}],"target":{"resourceId":"oryx_3E8A172C-2634-491B-8CBD-C1C3F11BAE69"}},{"resourceId":"oryx_7C8783A3-79C8-4D5B-A8A2-5411FBB5A709","properties":{"Name":"Review Email Notification Success","id":"Flow153","Type":"Default"},"stencil":{"id":"Flow"},"childShapes":[],"outgoing":[{"resourceId":"oryx_A66480AC-5A05-480D-A525-511D2E564DA0"}],"bounds":{"lowerRight":{"x":405.09375,"y":288},"upperLeft":{"x":145.4921875,"y":286}},"dockers":[{"x":51,"y":41},{"x":50,"y":40}],"target":{"resourceId":"oryx_A66480AC-5A05-480D-A525-511D2E564DA0"}},{"resourceId":"oryx_2BFE4483-48D3-4A73-92E4-0C1FEC02393C","properties":{"Name":"Approve","id":"Flow154","Type":"Default"},"stencil":{"id":"Flow"},"childShapes":[],"outgoing":[{"resourceId":"oryx_38DAAB0E-B8B8-4B6C-92CD-25F2AD26AB3A"}],"bounds":{"lowerRight":{"x":224.78125,"y":400},"upperLeft":{"x":95,"y":327.578125}},"dockers":[{"x":50,"y":79},{"x":95,"y":400},{"x":50,"y":40}],"target":{"resourceId":"oryx_38DAAB0E-B8B8-4B6C-92CD-25F2AD26AB3A"}},{"resourceId":"oryx_2F1DE2AE-B23F-4E00-A452-96C3E3D57846","properties":{"Name":"Reject","id":"Flow155","Type":"Default"},"stencil":{"id":"Flow"},"childShapes":[],"outgoing":[{"resourceId":"oryx_D720BF3B-1BAC-4174-90F2-7E6DFD46B56E"}],"bounds":{"lowerRight":{"x":1859.7622510255892,"y":246.56710834976417},"upperLeft":{"x":96.15487320637932,"y":-87}},"dockers":[{"x":50,"y":1},{"x":365.0012412476483,"y":-87},{"x":17,"y":17}],"target":{"resourceId":"oryx_D720BF3B-1BAC-4174-90F2-7E6DFD46B56E"}},{"resourceId":"oryx_EE0CCF15-C768-4F01-BBB2-5E3586C7D52D","properties":{"x":"611.0","y":"125.0","Name":"Production Deployment Success","id":"Flow551","Type":"Success"},"stencil":{"id":"SuccessLink"},"childShapes":[],"outgoing":[{"resourceId":"oryx_B6D5A897-6F7C-4A59-BA23-8C70277F4A6D"}],"bounds":{"lowerRight":{"x":1619.3710983413366,"y":161.84657908588284},"upperLeft":{"x":1392.5624954086634,"y":161.15928028911716}},"dockers":[{"x":50,"y":40},{"x":50,"y":40}],"target":{"resourceId":"oryx_B6D5A897-6F7C-4A59-BA23-8C70277F4A6D"}},{"resourceId":"oryx_19FBCE3F-5E54-45D2-B8FE-D378B13B9C69","properties":{"x":"379.0","y":"232.21123289358428","Name":"Production Deployment Failure","id":"Flow552","Type":"Failure"},"stencil":{"id":"FailureLink"},"childShapes":[],"outgoing":[{"resourceId":"oryx_E7F8316C-6636-4ABA-B632-DFE2EC3790EC"}],"bounds":{"lowerRight":{"x":1289.482421875,"y":269.95076566558436},"upperLeft":{"x":852.1066544046048,"y":161}},"dockers":[{"x":50,"y":40},{"x":1027,"y":161},{"x":981.8700802623001,"y":229.98267227283935},{"x":50,"y":40}],"target":{"resourceId":"oryx_E7F8316C-6636-4ABA-B632-DFE2EC3790EC"}},{"resourceId":"oryx_FE1E7145-B2B8-4F49-91CF-55642C0484D7","properties":{"Name":"Retry","id":"Flow79","Type":"Default"},"stencil":{"id":"Flow"},"childShapes":[],"outgoing":[{"resourceId":"oryx_CD757CB4-6942-438C-B6FD-4A55876EE46D"}],"bounds":{"lowerRight":{"x":800,"y":245.99136167441782},"upperLeft":{"x":715.757944132252,"y":68.66249186032023}},"dockers":[{"x":50,"y":40},{"x":800,"y":68.90844757936858},{"x":50,"y":40}],"target":{"resourceId":"oryx_CD757CB4-6942-438C-B6FD-4A55876EE46D"}},{"resourceId":"oryx_71865D27-8D6F-4107-84B2-E606B2500A23","properties":{"y":"243.25085560077298","x":"222.67967616232434","Name":"Task Timeout","id":"Flow83","Type":"Timeout","Timeout Duration":"+000002"},"stencil":{"id":"TimeoutLink"},"childShapes":[],"outgoing":[{"resourceId":"oryx_E7F8316C-6636-4ABA-B632-DFE2EC3790EC"}],"bounds":{"lowerRight":{"x":800,"y":245.99136167441782},"upperLeft":{"x":715.757944132252,"y":68.66249186032023}},"dockers":[{"x":50,"y":40},{"x":800,"y":68.90844757936858},{"x":50,"y":40}],"target":{"resourceId":"oryx_E7F8316C-6636-4ABA-B632-DFE2EC3790EC"}},{"resourceId":"oryx_D90CDB19-FBFC-4D49-B5DE-D4B762034135","properties":{"Name":"Retry Task","id":"Flow85","Type":"Default"},"stencil":{"id":"Flow"},"childShapes":[],"outgoing":[{"resourceId":"oryx_3617C151-B2B4-4400-910F-176208B9F231"}],"bounds":{"lowerRight":{"x":616.7812613376757,"y":-86},"upperLeft":{"x":456,"y":-87}},"dockers":[{"x":50,"y":40},{"x":457,"y":-86},{"x":50,"y":40}],"target":{"resourceId":"oryx_3617C151-B2B4-4400-910F-176208B9F231"}},{"resourceId":"oryx_F18C2FE9-3ABC-42E3-88FE-8A0360E8DCB3","properties":{"Name":"Retry Delete Files","id":"Flow86","Type":"Default"},"stencil":{"id":"Flow"},"childShapes":[],"outgoing":[{"resourceId":"oryx_2DA1E256-EB1C-43A4-B560-16CDA9E992E1"}],"bounds":{"lowerRight":{"x":845.0000022059953,"y":569.9049719965415},"upperLeft":{"x":715.6278878035941,"y":68.64728227740048}},"dockers":[{"x":50,"y":40},{"x":845.0000022059953,"y":68.98811627620313},{"x":49.99999999999994,"y":40}],"target":{"resourceId":"oryx_2DA1E256-EB1C-43A4-B560-16CDA9E992E1"}},{"resourceId":"oryx_0171ED08-D7C0-431C-B90D-55EF174F259A","properties":{"Name":"Retry Update ESI Task","id":"Flow87","Type":"Default"},"stencil":{"id":"Flow"},"childShapes":[],"outgoing":[{"resourceId":"oryx_ED52AB6A-1C44-49E3-B366-E82C74D58980"}],"bounds":{"lowerRight":{"x":725,"y":929.54296875},"upperLeft":{"x":663.6127174309556,"y":111.16920246427414}},"dockers":[{"x":50,"y":40},{"x":663.6127174309556,"y":424},{"x":725,"y":424},{"x":50,"y":40}],"target":{"resourceId":"oryx_ED52AB6A-1C44-49E3-B366-E82C74D58980"}},{"resourceId":"oryx_5EC9F5F7-5CCB-4325-9C35-E3F9A6BAD653","properties":{"Name":"Retry Production Deployment","id":"Flow88","Type":"Default"},"stencil":{"id":"Flow"},"childShapes":[],"outgoing":[{"resourceId":"oryx_EF3EB45A-857E-4124-85B7-36472D76A16B"}],"bounds":{"lowerRight":{"x":1340,"y":120.98088546965312},"upperLeft":{"x":716.3252829456081,"y":11.404099427586054}},"dockers":[{"x":50,"y":40},{"x":900.1406976306839,"y":11.404099427586054},{"x":1340,"y":68.51024703917778},{"x":50,"y":40}],"target":{"resourceId":"oryx_EF3EB45A-857E-4124-85B7-36472D76A16B"}},{"resourceId":"oryx_603DBA4E-1B8A-43C6-B124-E90520C9AE0D","properties":{"Name":"Retry Preview Deployment","id":"Flow89","Type":"Default"},"stencil":{"id":"Flow"},"childShapes":[],"outgoing":[{"resourceId":"oryx_EE105E5E-AEBD-495F-B4FB-EA7330195B56"}],"bounds":{"lowerRight":{"x":1661.4713662780332,"y":626.4711692996786},"upperLeft":{"x":715.926816658731,"y":68.57296521887861}},"dockers":[{"x":50,"y":40},{"x":826.0140299991496,"y":133.04781768658944},{"x":1661.4713662780332,"y":68.57296521887861},{"x":50,"y":40}],"target":{"resourceId":"oryx_EE105E5E-AEBD-495F-B4FB-EA7330195B56"}},{"resourceId":"oryx_1F4B81C1-FEC7-4027-8687-A9896D5F140F","properties":{"Name":"Cancel","id":"Flow135","Type":"Default"},"stencil":{"id":"Flow"},"childShapes":[],"outgoing":[{"resourceId":"oryx_D720BF3B-1BAC-4174-90F2-7E6DFD46B56E"}],"bounds":{"lowerRight":{"x":1859.559635198624,"y":245.66015634223402},"upperLeft":{"x":800.0173258588429,"y":-87}},"dockers":[{"x":50,"y":40},{"x":800.1602025382953,"y":-87},{"x":26,"y":21.000000000000007}],"target":{"resourceId":"oryx_D720BF3B-1BAC-4174-90F2-7E6DFD46B56E"}},{"resourceId":"oryx_1C288D6B-FBB8-4F16-9A10-296EB6950AC1","properties":{"Name":"No Files Attached","id":"Flow228","Type":"Default"},"stencil":{"id":"Flow"},"childShapes":[],"outgoing":[{"resourceId":"oryx_D720BF3B-1BAC-4174-90F2-7E6DFD46B56E"}],"bounds":{"lowerRight":{"x":1859.3125,"y":74.54687500192253},"upperLeft":{"x":125.00250843647378,"y":-87}},"dockers":[{"x":50,"y":40},{"x":125.01252571136914,"y":-87},{"x":1788,"y":55.717615378368144},{"x":17,"y":17}],"target":{"resourceId":"oryx_D720BF3B-1BAC-4174-90F2-7E6DFD46B56E"}},{"resourceId":"oryx_3E9FC168-8E3E-4434-8617-C00C08A4FA98","properties":{"Name":"Wait Preview Sitemap Task","id":"Flow99","Type":"Default"},"stencil":{"id":"Flow"},"childShapes":[],"outgoing":[{"resourceId":"oryx_AB468B9F-D794-4F05-94F4-8D7C0B8755DD"}],"bounds":{"lowerRight":{"x":305.01564853340295,"y":764.4866956521402},"upperLeft":{"x":146.10535234011087,"y":520.014565786864}},"dockers":[{"x":50,"y":40},{"x":305.01564853340295,"y":520.0589883538535},{"x":50,"y":40}],"target":{"resourceId":"oryx_AB468B9F-D794-4F05-94F4-8D7C0B8755DD"}},{"resourceId":"oryx_A827B9C8-6BCA-41DC-8D09-4CACBFDD19EA","properties":{"y":"569.2630207626922","x":"-219.0","Name":"Preview SiteMap Wait For Lock TimeOut Task","id":"Flow100","Type":"Timeout","Timeout Duration":"+000000"},"stencil":{"id":"TimeoutLink"},"childShapes":[],"outgoing":[{"resourceId":"oryx_865CAA4F-DC56-4FCC-85C6-826FE4064CE3"}],"bounds":{"lowerRight":{"x":305.01564853340295,"y":764.4866956521402},"upperLeft":{"x":146.10535234011087,"y":520.014565786864}},"dockers":[{"x":50,"y":40},{"x":305.01564853340295,"y":520.0589883538535},{"x":50,"y":40}],"target":{"resourceId":"oryx_865CAA4F-DC56-4FCC-85C6-826FE4064CE3"}},{"resourceId":"oryx_4948ED3A-6A61-4273-930E-5F2DBDFBE846","properties":{"Name":"Success","id":"Flow156","Type":"Default"},"stencil":{"id":"Flow"},"childShapes":[],"outgoing":[{"resourceId":"oryx_5919E059-8824-4D1C-8A58-A85553ACA5D9"}],"bounds":{"lowerRight":{"x":1985.001273870248,"y":125.06250000001788},"upperLeft":{"x":1165.0938239832751,"y":-47.94025946343855}},"dockers":[{"x":50,"y":40},{"x":1985.001273870248,"y":-47},{"x":50,"y":40}],"target":{"resourceId":"oryx_5919E059-8824-4D1C-8A58-A85553ACA5D9"}},{"resourceId":"oryx_AA8F310D-3415-4EAB-BC92-C9D0554116D4","properties":{"Name":"Preview Sitemap Success","id":"Flow176","Type":"Default"},"stencil":{"id":"Flow"},"childShapes":[],"outgoing":[{"resourceId":"oryx_96FDEC1F-EC68-4D31-889A-BCAB2AC76142"}],"bounds":{"lowerRight":{"x":254.7986235612283,"y":884.6329555783922},"upperLeft":{"x":125.02137784919017,"y":805.0067642746114}},"dockers":[{"x":50,"y":40},{"x":125.06353756215049,"y":805.0242451448721},{"x":50,"y":40}],"target":{"resourceId":"oryx_96FDEC1F-EC68-4D31-889A-BCAB2AC76142"}},{"resourceId":"oryx_5A5A5E9A-DAD8-4AAC-B358-0C2608EC648D","properties":{"Name":"Wait Production Sitemap Task","id":"Flow177","Type":"Default"},"stencil":{"id":"Flow"},"childShapes":[],"outgoing":[{"resourceId":"oryx_72672CDA-23BD-44CA-A341-3382EA2FD641"}],"bounds":{"lowerRight":{"x":125,"y":884.84375},"upperLeft":{"x":94,"y":682.40625}},"dockers":[{"x":50,"y":40},{"x":125,"y":746},{"x":94,"y":746},{"x":50,"y":40}],"target":{"resourceId":"oryx_72672CDA-23BD-44CA-A341-3382EA2FD641"}},{"resourceId":"oryx_9B4419AF-2E5D-4981-AAEA-4035D47A8611","properties":{"Name":"Production Sitemap Success","id":"Flow178","Type":"Default"},"stencil":{"id":"Flow"},"childShapes":[],"outgoing":[{"resourceId":"oryx_5A08755A-AD7B-4DC6-8A8F-FCE79E843589"}],"bounds":{"lowerRight":{"x":794.25390625,"y":925},"upperLeft":{"x":177.974609375,"y":752.7561759794447}},"dockers":[{"x":50,"y":40},{"x":703.5,"y":925},{"x":703.5,"y":752.7561759794447},{"x":50,"y":40}],"target":{"resourceId":"oryx_5A08755A-AD7B-4DC6-8A8F-FCE79E843589"}},{"resourceId":"oryx_24CAB5BE-F0D4-47D9-AC93-17943BB3D4A6","properties":{"Name":"Production SiteMap Wait For Lock TimeOut Task","id":"Flow179","Type":"Timeout","Timeout Duration":"+000000"},"stencil":{"id":"TimeoutLink"},"childShapes":[],"outgoing":[{"resourceId":"oryx_96FDEC1F-EC68-4D31-889A-BCAB2AC76142"}],"bounds":{"lowerRight":{"x":125,"y":884.84375},"upperLeft":{"x":94,"y":682.40625}},"dockers":[{"x":50,"y":40},{"x":94,"y":746},{"x":125,"y":746},{"x":50,"y":40}],"target":{"resourceId":"oryx_96FDEC1F-EC68-4D31-889A-BCAB2AC76142"}},{"resourceId":"oryx_AE6CEAFC-B663-428D-8310-1A67E0514A7F","properties":{"AreaVPath":"$IW_WORKAREA","Brief Description":"","Description":"Asynchronous Task for Preview","Name":"Asynchronous Task for Preview","id":"Asynchronous Task for Preview","CSSclass":"Task","Owner":"$IW_USER","URI":"$IW_CV(ExternalUrlTask)","Retry":"true","Lock":"false","Readonly":"false","Transferonly":"false","Variables":"ClassName=com.deere.livesite.authoring.workflow.acpw.task.AsynchronousTask|serverName=preview|WorkflowTemplate=/iwadmin/main/config/STAGING/workflow/asynchronous/workflow-delete.xml|WebURL=$IW_CV(PreviewURL)|ExcludePagePatterns=$IW_CV(ExcludePagePatterns)","Eafinishop":"","Eastartop":"","Wfvarfinishop":"","Wfvarstartop":"","ActivationCount":"0","Status":"none","Valid":"none","BackgroundColor":"#c0c0c0","TaskType":"ItsURLTask"},"stencil":{"id":"URLTask"},"childShapes":[],"outgoing":[{"resourceId":"oryx_856C4451-1B35-44B6-93B1-F3BF7D496CAE"}],"bounds":{"lowerRight":{"x":1283.8176582145115,"y":681},"upperLeft":{"x":1183.8176582145115,"y":601}},"dockers":[]},{"resourceId":"oryx_856C4451-1B35-44B6-93B1-F3BF7D496CAE","properties":{"Name":"Success","id":"Flow2","Type":"Default"},"stencil":{"id":"Flow"},"childShapes":[],"outgoing":[{"resourceId":"oryx_33BC12C4-1FFA-449B-805C-71FDBF46CB7F"}],"bounds":{"lowerRight":{"x":1341,"y":641},"upperLeft":{"x":1284.22201888126,"y":472.1953125}},"dockers":[{"x":50,"y":40},{"x":1341,"y":641},{"x":51,"y":41}],"target":{"resourceId":"oryx_33BC12C4-1FFA-449B-805C-71FDBF46CB7F"}},{"resourceId":"oryx_B6D5A897-6F7C-4A59-BA23-8C70277F4A6D","properties":{"AreaVPath":"$IW_WORKAREA","Brief Description":"","Description":"Asynchronous Task for Prod","Name":"Asynchronous Task for Prod","id":"Asynchronous Task for Prod","CSSclass":"Task","Owner":"$IW_USER","URI":"$IW_CV(ExternalUrlTask)","Retry":"true","Lock":"false","Readonly":"false","Transferonly":"false","Variables":"ClassName=com.deere.livesite.authoring.workflow.acpw.task.AsynchronousTask|serverName=prod|WorkflowTemplate=/iwadmin/main/config/STAGING/workflow/asynchronous/workflow-delete.xml|WebURL=$IW_CV(ProductionURL)|ExcludePagePatterns=$IW_CV(ExcludePagePatterns)","Eafinishop":"","Eastartop":"","Wfvarfinishop":"","Wfvarstartop":"","ActivationCount":"0","Status":"none","Valid":"none","BackgroundColor":"#c0c0c0","TaskType":"ItsURLTask"},"stencil":{"id":"URLTask"},"childShapes":[],"outgoing":[{"resourceId":"oryx_EA329167-52A8-4C55-8DD0-EDF5C9A9F828"}],"bounds":{"lowerRight":{"x":1720,"y":202},"upperLeft":{"x":1620,"y":122}},"dockers":[]},{"resourceId":"oryx_EA329167-52A8-4C55-8DD0-EDF5C9A9F828","properties":{"Name":"Success","id":"Flow6","Type":"Default"},"stencil":{"id":"Flow"},"childShapes":[],"outgoing":[{"resourceId":"oryx_6316DBF2-6581-4D00-A11A-8AB1EEEF60BA"}],"bounds":{"lowerRight":{"x":1934.2147960662842,"y":162},"upperLeft":{"x":1720.2498889689962,"y":159.3333282470703}},"dockers":[{"x":50,"y":40},{"x":1801.333251953125,"y":160.3333282470703},{"x":1827.5,"y":162},{"x":1827.5,"y":159.3333282470703},{"x":76.333251953125,"y":33.33332824707031}],"target":{"resourceId":"oryx_6316DBF2-6581-4D00-A11A-8AB1EEEF60BA"}},{"resourceId":"oryx_D720BF3B-1BAC-4174-90F2-7E6DFD46B56E","properties":{"Name":"End4","id":"End4","Brief Description":"","Eafinishop":"","Eastartop":"","Wfvarfinishop":"","Wfvarstartop":"","CSSclass":"Event"},"stencil":{"id":"End"},"childShapes":[],"outgoing":[],"bounds":{"lowerRight":{"x":1894,"y":72.71762024819851},"upperLeft":{"x":1860,"y":38.717620248198514}},"dockers":[]},{"resourceId":"oryx_B090AB67-C749-43ED-9262-84873EC1F1D1","properties":{"Name":"DWS Taxonomy update complete","id":"Flow4","Type":"Default"},"stencil":{"id":"Flow"},"childShapes":[],"outgoing":[{"resourceId":"oryx_2DA1E256-EB1C-43A4-B560-16CDA9E992E1"}],"bounds":{"lowerRight":{"x":764.6796875,"y":611},"upperLeft":{"x":590,"y":440.5625}},"dockers":[{"x":50,"y":40},{"x":590,"y":611},{"x":51,"y":41}],"target":{"resourceId":"oryx_2DA1E256-EB1C-43A4-B560-16CDA9E992E1"}},{"resourceId":"oryx_83D6D1E8-95AF-4712-8A97-808514BB12DF","properties":{"AreaVPath":"$IW_WORKAREA","Brief Description":"","Description":"Update Taxonomy for DWS","Name":"DWS Taxonomy update task","id":"DWS Taxonomy update task","CSSclass":"Task","Owner":"$IW_USER","URI":"http://localhost:8080/iw-cc/urlexternaltask","Retry":"true","Lock":"false","Readonly":"false","Transferonly":"false","Variables":"ClassName=com.deere.livesite.authoring.workflow.acpw.task.DWSTaxonomyUpdateTask|ImmediateTransition=true|UrlMappingFolderPath=templatedata/URLMapping/MappingList/data/|IsDeleteWorkflow=true|TargetEnvironment=production|FinalTransition=DWS Taxonomy update complete","Eafinishop":"","Eastartop":"","Wfvarfinishop":"","Wfvarstartop":"","ActivationCount":"0","Status":"none","Valid":"none","BackgroundColor":"#c0c0c0","TaskType":"ItsURLTask"},"stencil":{"id":"URLTask"},"childShapes":[],"outgoing":[{"resourceId":"oryx_B090AB67-C749-43ED-9262-84873EC1F1D1"}],"bounds":{"lowerRight":{"x":640,"y":440},"upperLeft":{"x":540,"y":360}},"dockers":[]},{"resourceId":"oryx_A66480AC-5A05-480D-A525-511D2E564DA0","properties":{"AreaVPath":"$IW_WORKAREA","Brief Description":"Approval task for Delete workflow","Description":"Delete workflow approval task. Members of the reviewer group for the current branch can approve this task","Name":"Approval Task","id":"Approval Task","CSSclass":"Task","Shared by":"Groups=$IW_CV(ReviewerGroups)","Retain Owner":"false","Lock":"false","Readonly":"true","Transferonly":"false","Variables":"","Eafinishop":"","Eastartop":"","Wfvarfinishop":"","Wfvarstartop":"","ActivationCount":"0","Status":"none","Valid":"none","BackgroundColor":"#c0c0c0","TaskType":"ItsGroupTask"},"stencil":{"id":"GroupTask"},"childShapes":[],"outgoing":[{"resourceId":"oryx_2BFE4483-48D3-4A73-92E4-0C1FEC02393C"},{"resourceId":"oryx_2F1DE2AE-B23F-4E00-A452-96C3E3D57846"}],"bounds":{"lowerRight":{"x":145,"y":327},"upperLeft":{"x":45,"y":247}},"dockers":[]},{"resourceId":"oryx_38DAAB0E-B8B8-4B6C-92CD-25F2AD26AB3A","properties":{"AreaVPath":"$IW_WORKAREA","Brief Description":"","Description":"Scheduled Deployment","Name":"Scheduled Deployment","id":"Scheduled Deployment","CSSclass":"Task","Owner":"$IW_USER","URI":"$IW_CV(ExternalUrlTask)","Retry":"true","Lock":"false","Readonly":"false","Transferonly":"false","Variables":"DeployDate=$IW_CV(DeployDate)|TimeZones=$IW_CV(TimeZones)|DeleteTime=$IW_CV(DeleteTime)|ClassName=com.deere.livesite.workflow.delete.WaitTaskHandler|nextTransition=Wait Completed Successfully|ImmediateTransition=true","Eafinishop":"","Eastartop":"","Wfvarfinishop":"","Wfvarstartop":"","ActivationCount":"0","Status":"none","Valid":"none","BackgroundColor":"#c0c0c0","TaskType":"ItsURLTask"},"stencil":{"id":"URLTask"},"childShapes":[],"outgoing":[{"resourceId":"oryx_42348E80-FEBF-4D21-85A9-730526DE9319"}],"bounds":{"lowerRight":{"x":325,"y":440},"upperLeft":{"x":225,"y":360}},"dockers":[]},{"resourceId":"oryx_42348E80-FEBF-4D21-85A9-730526DE9319","properties":{"Name":"Wait Completed Successfully","id":"Flow5","Type":"Default"},"stencil":{"id":"Flow"},"childShapes":[],"outgoing":[{"resourceId":"oryx_83D6D1E8-95AF-4712-8A97-808514BB12DF"}],"bounds":{"lowerRight":{"x":539.78125,"y":401},"upperLeft":{"x":325.21875,"y":399}},"dockers":[{"x":50,"y":40},{"x":50,"y":40}],"target":{"resourceId":"oryx_83D6D1E8-95AF-4712-8A97-808514BB12DF"}}],"bounds":{"lowerRight":{"x":2137,"y":1112},"upperLeft":{"x":0,"y":0}},"stencilset":{"url":"/iw-wfm/editor/stencilsets/iwov_process_model/iwovprocessmodels.json","namespace":"http://autonomy.com/stencilset/iwovwfm#"},"ssextensions":[],"modelVariables":[{"TaskId":"Workflow Properties1","PropertyName":"Global Variables","VariableId":"DomainNameSiteMap","VariableValue":{"type":"$IW_CV","value":{"isReadOnly":true,"defaultValue":"https://us-wwwdev.deere.com","description":"Specify the domain name used for this branch in Sitemap.xml file.","id":"DomainNameSiteMap","label":"Domain Name For SiteMap","isHidden":true}},"TaskType":"ModelProperties","isDeleted":""},{"TaskId":"URLTask","PropertyName":"Variables","VariableId":"PreviewSiteMapFileName","VariableValue":"","TaskType":"","isDeleted":""},{"TaskId":"Workflow Properties1","PropertyName":"Global Variables","VariableId":"PreviewSiteMapFileName","VariableValue":{"type":"$IW_CV","value":{"isReadOnly":true,"defaultValue":"preview/preview_sitemap.xml","description":"Preview sitemap file name","id":"PreviewSiteMapFileName","label":"Preview SiteMap FileName","isHidden":true}},"TaskType":"ModelProperties","isDeleted":""},{"TaskId":"Workflow Properties1","PropertyName":"Global Variables","VariableId":"ProductionURL","VariableValue":{"type":"$IW_CV","value":{"isReadOnly":true,"defaultValue":"https://us-wwwdev.deere.com","description":"This represents the target Production URL","id":"ProductionURL","label":"Production URL","isHidden":true}},"TaskType":"ModelProperties","isDeleted":""},{"TaskId":"URLTask","PropertyName":"Variables","VariableId":"RestURL","VariableValue":"","TaskType":"","isDeleted":""},{"TaskId":"Workflow Properties1","PropertyName":"Global Variables","VariableId":"targetFragmentPathPreview","VariableValue":{"type":"$IW_CV","value":{"isReadOnly":true,"defaultValue":"/wwwpreview/deere/html","description":"The path where certain files from sites folder are deployed to html folder on preview web server.","id":"targetFragmentPathPreview","label":"Target Fragment Path Preview","isHidden":true}},"TaskType":"ModelProperties","isDeleted":""},{"TaskId":"URLTask","PropertyName":"Variables","VariableId":"RestURL","VariableValue":"","TaskType":"","isDeleted":""},{"TaskId":"DeployTask","PropertyName":"OD Variables","VariableId":"targetFragmentPathPreview","VariableValue":"","TaskType":"","isDeleted":""},{"TaskId":"Workflow Properties1","PropertyName":"Global Variables","VariableId":"ProdSiteMapFileName","VariableValue":{"type":"$IW_CV","value":{"isReadOnly":true,"defaultValue":"sitemap.xml","description":"Production sitemap file name.","id":"ProdSiteMapFileName","label":"ProdSiteMapFileName","isHidden":true}},"TaskType":"ModelProperties","isDeleted":""},{"TaskId":"Workflow Properties1","PropertyName":"Description","VariableId":"JobDescription","VariableValue":{"type":"$IW_CV","value":{"id":"JobDescription","label":"Job Description","defaultValue":"Delete Workflow","description":"This workflow deletes the files from Teamsite, preview and production web servers.","isHidden":false,"isReadOnly":false}},"TaskType":"ModelProperties","isDeleted":""},{"TaskId":"Workflow Properties1","PropertyName":"Global Variables","VariableId":"ODDeploymentScriptName","VariableValue":{"type":"$IW_CV","value":{"isReadOnly":true,"defaultValue":"webserver_custom_deletion","description":"","id":"ODDeploymentScriptName","label":"OD Deployment Script Name","isHidden":true}},"TaskType":"ModelProperties","isDeleted":""},{"TaskId":"DeployTask","PropertyName":"OD Variables","VariableId":"targetFragmentPathProd","VariableValue":"","TaskType":"","isDeleted":""},{"TaskId":"URLTask","PropertyName":"Variables","VariableId":"PreviewSitemapDomainName","VariableValue":"","TaskType":"","isDeleted":""},{"TaskId":"DeployTask","PropertyName":"OD Variables","VariableId":"sitesFolderPath","VariableValue":"","TaskType":"","isDeleted":""},{"TaskId":"Workflow Properties1","PropertyName":"Global Variables","VariableId":"PreviewSitemapDomainName","VariableValue":{"type":"$IW_CV","value":{"isReadOnly":true,"defaultValue":"https://us-previewdev.deere.com","description":"Domain name for preview Sitemap.","id":"PreviewSitemapDomainName","label":"Preview Sitemap Domain Name","isHidden":true}},"TaskType":"ModelProperties","isDeleted":""},{"TaskId":"Workflow Properties1","PropertyName":"Global Variables","VariableId":"targetFragmentPathProd","VariableValue":{"type":"$IW_CV","value":{"isReadOnly":true,"defaultValue":"/wwwpub/deere/html","description":"The path where certain files from sites folder are deployed to html folder on production server.","id":"targetFragmentPathProd","label":"Target Fragment Path Prod","isHidden":true}},"TaskType":"ModelProperties","isDeleted":""},{"TaskId":"URLTask","PropertyName":"Owner","VariableId":"UserForDeleteTask","VariableValue":"","TaskType":"","isDeleted":""},{"TaskId":"Workflow Properties1","PropertyName":"Global Variables","VariableId":"ExternalUrlTask","VariableValue":{"type":"$IW_CV","value":{"isReadOnly":true,"defaultValue":"http://localhost:8080/iw-cc/urlexternaltask","description":"","id":"ExternalUrlTask","label":"External URL Task","isHidden":true}},"TaskType":"ModelProperties","isDeleted":""},{"TaskId":"DeployTask","PropertyName":"Variables","VariableId":"ODDeploymentScriptName","VariableValue":"","TaskType":"","isDeleted":""},{"TaskId":"DeployTask","PropertyName":"OD Variables","VariableId":"targetPathPreview","VariableValue":"","TaskType":"","isDeleted":""},{"TaskId":"URLTask","PropertyName":"Variables","VariableId":"PreviewURL","VariableValue":"","TaskType":"","isDeleted":""},{"TaskId":"Workflow Properties1","PropertyName":"Global Variables","VariableId":"targetPathProd","VariableValue":{"type":"$IW_CV","value":{"isReadOnly":true,"defaultValue":"/wwwpub/deere","description":"The path where files are deployed on production web server.","id":"targetPathProd","label":"Target Path Prod","isHidden":true}},"TaskType":"ModelProperties","isDeleted":""},{"TaskId":"URLTask","PropertyName":"Variables","VariableId":"DomainNameSiteMap","VariableValue":"","TaskType":"","isDeleted":""},{"TaskId":"URLTask","PropertyName":"Variables","VariableId":"SitemapNameSpaceURI","VariableValue":"","TaskType":"","isDeleted":""},{"TaskId":"DeployTask","PropertyName":"OD Variables","VariableId":"targetPathProd","VariableValue":"","TaskType":"","isDeleted":""},{"TaskId":"Workflow Properties1","PropertyName":"Global Variables","VariableId":"sitesFolderPath","VariableValue":{"type":"$IW_CV","value":{"isReadOnly":true,"defaultValue":"sites","description":"This is the folder path which needs to be removed from the path of the json and html files deployed to web server.","id":"sitesFolderPath","label":"Sites Folder Path","isHidden":true}},"TaskType":"ModelProperties","isDeleted":""},{"TaskId":"Workflow Properties1","PropertyName":"Global Variables","VariableId":"PreviewURL","VariableValue":{"type":"$IW_CV","value":{"isReadOnly":true,"defaultValue":"https://us-previewdev.deere.com","description":"This represents the target preview URL.","id":"PreviewURL","label":"Preview URL","isHidden":true}},"TaskType":"ModelProperties","isDeleted":""},{"TaskId":"URLTask","PropertyName":"Variables","VariableId":"ProdSiteMapFileName","VariableValue":"","TaskType":"","isDeleted":""},{"TaskId":"URLTask","PropertyName":"URI","VariableId":"ExternalUrlTask","VariableValue":"","TaskType":"","isDeleted":""},{"TaskId":"Workflow Properties1","PropertyName":"Global Variables","VariableId":"SitemapNameSpaceURI","VariableValue":{"type":"$IW_CV","value":{"isReadOnly":true,"defaultValue":"https://www.sitemaps.org/schemas/sitemap/0.9","description":"Sitemap Name Space URI","id":"SitemapNameSpaceURI","label":"Sitemap Name Space URI","isHidden":true}},"TaskType":"ModelProperties","isDeleted":""},{"TaskId":"Workflow Properties1","PropertyName":"Global Variables","VariableId":"RestURL","VariableValue":{"type":"$IW_CV","value":{"isReadOnly":true,"defaultValue":"http://dce-tsapi-devl.tal.deere.com/tscapi/akamai/invalidatecache","description":"Akamai service end point","id":"RestURL","label":"Rest URL","isHidden":true}},"TaskType":"ModelProperties","isDeleted":""},{"TaskId":"Workflow Properties1","PropertyName":"Global Variables","VariableId":"targetPathPreview","VariableValue":{"type":"$IW_CV","value":{"isReadOnly":true,"defaultValue":"/wwwpreview/deere","description":"This is path where the files are deployed on preview web server.","id":"targetPathPreview","label":"Target Path Preview","isHidden":true}},"TaskType":"ModelProperties","isDeleted":""},{"TaskId":"URLTask","PropertyName":"Variables","VariableId":"SitemapNameSpaceURI","VariableValue":"","TaskType":"","isDeleted":""},{"TaskId":"Workflow Properties1","PropertyName":"Global Variables","VariableId":"UserForDeleteTask","VariableValue":{"type":"$IW_CV","value":{"isReadOnly":true,"defaultValue":"$IW_AREAOWNER","description":"","id":"UserForDeleteTask","label":"User For Delete Task","isHidden":true}},"TaskType":"ModelProperties","isDeleted":""},{"TaskId":"URLTask","PropertyName":"Variables","VariableId":"ProductionURL","VariableValue":"","TaskType":"","isDeleted":""},{"TaskId":"Asynchronous Task for Preview","PropertyName":"URI","VariableId":"ExternalUrlTask","VariableValue":"","TaskType":"URLTask","isDeleted":""},{"TaskId":"Asynchronous Task for Prod","PropertyName":"URI","VariableId":"ExternalUrlTask","VariableValue":"","TaskType":"URLTask","isDeleted":""},{"TaskId":"Workflow Properties1","PropertyName":"Global Variables","VariableId":"ExcludePagePatterns","VariableValue":{"type":"$IW_CV","value":{"id":"ExcludePagePatterns","label":"ExcludePagePatterns","defaultValue":"fragment[^/]*.html,offers-json.html,subcategories-json.html,product-json.html,products-json.html,compare.html","description":"This is the list of pages to exclude from velocity search update","isHidden":true,"isReadOnly":true}},"TaskType":"ModelProperties","isDeleted":""},{"TaskId":"Workflow Properties1","PropertyName":"Global Variables","VariableId":"ReviewerGroups","VariableValue":{"type":"$IW_CV","value":{"id":"ReviewerGroups","label":"ReviewerGroups","defaultValue":"","description":"ReviewerGroups","isHidden":true,"isReadOnly":true}},"TaskType":"ModelProperties","isDeleted":""},{"TaskId":"Approval Task","PropertyName":"Shared by","VariableId":"ReviewerGroups","VariableValue":"","TaskType":"GroupTask","isDeleted":""},{"TaskId":"Asynchronous Task for Prod","PropertyName":"Variables","VariableId":"ProductionURL","VariableValue":"","TaskType":"URLTask","isDeleted":""},{"TaskId":"Asynchronous Task for Prod","PropertyName":"Variables","VariableId":"ExcludePagePatterns","VariableValue":"","TaskType":"URLTask","isDeleted":""},{"TaskId":"Asynchronous Task for Preview","PropertyName":"Variables","VariableId":"PreviewURL","VariableValue":"","TaskType":"URLTask","isDeleted":""},{"TaskId":"Asynchronous Task for Preview","PropertyName":"Variables","VariableId":"ExcludePagePatterns","VariableValue":"","TaskType":"URLTask","isDeleted":""},{"TaskId":"Scheduled Deployment","PropertyName":"URI","VariableId":"ExternalUrlTask","VariableValue":"","TaskType":"URLTask","isDeleted":""},{"TaskId":"Scheduled Deployment","PropertyName":"Variables","VariableId":"DeployDate","VariableValue":{"type":"$IW_CV","value":{"id":"DeployDate","label":"Deploy Date","defaultValue":"","description":"","isHidden":false,"isReadOnly":false}},"TaskType":"URLTask","isDeleted":""},{"TaskId":"Scheduled Deployment","PropertyName":"Variables","VariableId":"TimeZones","VariableValue":{"type":"$IW_CV","value":{"id":"TimeZones","label":"Time Zones","defaultValue":"","description":"","isHidden":false,"isReadOnly":false}},"TaskType":"URLTask","isDeleted":""},{"TaskId":"Scheduled Deployment","PropertyName":"Variables","VariableId":"DeleteTime","VariableValue":{"type":"$IW_CV","value":{"id":"DeleteTime","label":"Delete Time","defaultValue":"deleteNow","description":"","isHidden":false,"isReadOnly":false}},"TaskType":"URLTask","isDeleted":""},{"TaskId":"Workflow Properties1","PropertyName":"Global Variables","VariableId":"BlackListBranchNames","VariableValue":{"type":"$IW_CV","value":{"id":"BlackListBranchNames","label":"Black List Branch Names","defaultValue":"WORKAREA/private","description":"Comma separated list of branch names that do not require URL translation.","isHidden":true,"isReadOnly":true}},"TaskType":"ModelProperties","isDeleted":""},{"TaskId":"Workflow Properties1","PropertyName":"Global Variables","VariableId":"InvalidRelativePathDelete","VariableValue":{"type":"$IW_CV","value":{"id":"InvalidRelativePathDelete","label":"InvalidRelativePathDelete","defaultValue":"","description":"","isHidden":false,"isReadOnly":false}},"TaskType":"ModelProperties"},{"TaskId":"Attach Page Dependencies","PropertyName":"Variables","VariableId":"InvalidRelativePathDelete","VariableValue":"","TaskType":"URLTask"},{"TaskId":"Review Email Notification Task","PropertyName":"Variables","VariableId":"InvalidRelativePathDelete","VariableValue":"","TaskType":"EmailTask"}]}