{"resourceId":"oryx-canvas123","properties":{"Owner":"$IW_USER","Priority":"2","Brief Description":"","Description":"$IW_CV(JobDescription)","DueDate":"","Global Variables":"$IW_CV(ExternalURLTask)|$IW_CV(DisableGlobalBlacklist)|$IW_CV(sitesFolderPath)|$IW_CV(RequestType)|$IW_CV(RestURL)|$IW_CV(PreviewURL)|$IW_CV(ProductionURL)|$IW_CV(targetPathPreview)|$IW_CV(targetPathProd)|$IW_CV(targetFragmentPathPreview)|$IW_CV(targetFragmentPathProd)|$IW_CV(WhiteListLanguages)|$IW_CV(WhiteListPageLinks)|$IW_CV(WhiteListBranchNames)|$IW_CV(WhiteListFileFolderNames)","VAVariables":"","Variables":"","PostProcessorCommand":"","PreProcessorCommand":"","Name":"DWS Mass Publish Workflow","id":"Workflow Properties1","ActivationCount":"","Version":"1.0.0.1","Status":"","Valid":"true","File Comments":"true"},"stencil":{"id":"ModelProperties"},"childShapes":[{"resourceId":"oryx_C434A892-5361-4A0A-AA98-296C74AFE455","properties":{"y":"786.0","x":"133.0","Name":"Start","id":"Start","CSSclass":"Event"},"stencil":{"id":"Start"},"childShapes":[],"outgoing":[{"resourceId":"oryx_D6D9C9E9-E499-4C5E-AEE8-0759B4F4DA4C"}],"bounds":{"lowerRight":{"x":727,"y":780},"upperLeft":{"x":693,"y":746}},"dockers":[]},{"resourceId":"oryx_4034D713-3BA6-43F0-B3B7-8484A6B88AC9","properties":{"y":"312.0","x":"-166.0","AreaVPath":"$IW_WORKAREA","Brief Description":"","Description":"Resolve Error","Name":"Resolve Error","id":"Resolve Error","Eafinishop":"","Eastartop":"","Wfvarfinishop":"","Wfvarstartop":"","Lock":"false","Readonly":"false","Transferonly":"false","Owner":"$IW_USER","Variables":"","CSSclass":"Task","ActivationCount":"0","Status":"none","Valid":"true","BackgroundColor":"#c0c0c0","TaskType":"ItsUserTask"},"stencil":{"id":"UserTask"},"childShapes":[],"outgoing":[{"resourceId":"oryx_FBAD8AF9-4DFA-44A1-AA59-F71C9543D5ED"},{"resourceId":"oryx_C0AC9269-8A85-4DAF-ABA0-80F259229D0A"}],"bounds":{"lowerRight":{"x":282,"y":367},"upperLeft":{"x":180,"y":285}},"dockers":[]},{"resourceId":"oryx_2F753ECB-48F8-4463-8C8C-E69715D2C52A","properties":{"y":"128.0","x":"618.0","AreaVPath":"$IW_WORKAREA","Brief Description":"Fix Issue For DWS JSON Generation","Description":"Fix Issue For DWS JSON Generation","Name":"Fix Issue For DWS JSON Generation","id":"Fix Issue For DWS JSON Generation","Eafinishop":"","Eastartop":"","Wfvarfinishop":"","Wfvarstartop":"","Lock":"false","Readonly":"false","Transferonly":"false","Owner":"$IW_USER","Variables":"","CSSclass":"Task","ActivationCount":"0","Status":"none","Valid":"true","BackgroundColor":"#c0c0c0","TaskType":"ItsUserTask"},"stencil":{"id":"UserTask"},"childShapes":[],"outgoing":[{"resourceId":"oryx_C1A26DA0-C6A7-4B24-93F2-CB97F41A684C"}],"bounds":{"lowerRight":{"x":1079,"y":112},"upperLeft":{"x":977,"y":30}},"dockers":[]},{"resourceId":"oryx_520ECD83-B48D-4391-92D6-80D7894F8D55","properties":{"y":"358.0","x":"174.0","AreaVPath":"$IW_WORKAREA","Brief Description":"","Description":"Submit Files","Name":"Submit Files","id":"Submit Files","CSSclass":"Task","Owner":"$IW_USER","SubmitComment":"Files Submitted","SubmitInfo":"Files Submitted","Override":"true","Save Comments":"false","Skip Conflicts":"false","Skip Locked":"false","Unlock":"true","Variables":"","Eafinishop":"","Eastartop":"","Wfvarfinishop":"","Wfvarstartop":"","ActivationCount":"0","Status":"none","Valid":"true","BackgroundColor":"#c0c0c0","TaskType":"ItsSubmitTask"},"stencil":{"id":"SubmitTask"},"childShapes":[],"outgoing":[{"resourceId":"oryx_E3F5FE87-8040-4F80-9DF6-CC85B9244809"}],"bounds":{"lowerRight":{"x":774,"y":367},"upperLeft":{"x":672,"y":285}},"dockers":[]},{"resourceId":"oryx_0EA45D10-003C-40FC-8426-A7A9C9307F00","properties":{"x":"327.0","y":"347.0","AreaVPath":"$IW_WORKAREA","Brief Description":"Deploy Files to Preview Webserver","Description":"","Name":"Preview Deployment","id":"Preview Deployment","CSSclass":"Task","Owner":"$IW_USER","DeployCommand":"http://$IW_SERVER/iw-cc/urlexternaltask","OD Variables":"imageWorkarea=$IW_CV(imageWorkarea)|targetPath=$IW_CV(targetPathPreview)|targetFragmentPath=$IW_CV(targetFragmentPathPreview)|sitesFolderPath=$IW_CV(sitesFolderPath)","Retry":"false","Lock":"false","Readonly":"false","Transferonly":"false","Variables":"ImmediateTransition=true|ClassName=com.deere.livesite.workflow.CustomDeploymentTask|odDeploymentName=dws_webserver_custom_deployment|odDeploymentInst=_preview_$IW_USER","Eafinishop":"","Eastartop":"","Wfvarfinishop":"","Wfvarstartop":"","ActivationCount":"0","Status":"none","Valid":"true","BackgroundColor":"#c0c0c0","TaskType":"ItsDeployTask"},"stencil":{"id":"DeployTask"},"childShapes":[],"outgoing":[{"resourceId":"oryx_68AFD0F1-C525-4412-9BC3-593126A63B36"},{"resourceId":"oryx_FFC5EC24-D55E-4307-9B07-3FDC2ECA33BE"}],"bounds":{"lowerRight":{"x":927,"y":396},"upperLeft":{"x":825,"y":314}},"dockers":[]},{"resourceId":"oryx_A218D0E8-0016-4A01-8D85-F5E3C03D2843","properties":{"x":"833.0","y":"55.0","AreaVPath":"$IW_WORKAREA","Brief Description":"Deploy Files to Prod Webserver","Description":"","Name":"Prod Deployment","id":"Prod Deployment","CSSclass":"Task","Owner":"$IW_USER","DeployCommand":"http://$IW_SERVER/iw-cc/urlexternaltask","OD Variables":"imageWorkarea=$IW_CV(imageWorkarea)|targetPath=$IW_CV(targetPathProd)|targetFragmentPath=$IW_CV(targetFragmentPathProd)|sitesFolderPath=$IW_CV(sitesFolderPath)","Retry":"false","Lock":"false","Readonly":"false","Transferonly":"false","Variables":"ImmediateTransition=true|ClassName=com.deere.livesite.workflow.CustomDeploymentTask|odDeploymentInst=_prod_$IW_USER|odDeploymentName=dws_webserver_custom_deployment","Eafinishop":"","Eastartop":"","Wfvarfinishop":"","Wfvarstartop":"","ActivationCount":"0","Status":"none","Valid":"true","BackgroundColor":"#c0c0c0","TaskType":"ItsDeployTask"},"stencil":{"id":"DeployTask"},"childShapes":[],"outgoing":[{"resourceId":"oryx_FDE5312C-FD34-4D23-88EE-4851C80A0693"},{"resourceId":"oryx_FDFA5DF2-EA9D-490B-9A7C-3605481413F7"}],"bounds":{"lowerRight":{"x":1433,"y":97},"upperLeft":{"x":1331,"y":15}},"dockers":[]},{"resourceId":"oryx_CD86F999-5824-4ECF-B5F4-45A000958EFD","properties":{"x":"18.0","y":"396.0","AreaVPath":"$IW_WORKAREA","Brief Description":"","Description":"Attach Asset Dependencies","Name":"Attach Page Dependencies","id":"Attach Page Dependencies","CSSclass":"Task","Owner":"$IW_USER","URI":"$IW_CV(ExternalURLTask)","Retry":"true","Lock":"false","Readonly":"false","Transferonly":"false","Variables":"ImmediateTransition=true|ClassName=com.deere.livesite.workflow.AttachDependenciesTask|SuccessTransition=Attach Dependencies Success|FailureTransition=Attach Dependencies Failure|DisableGlobalBlacklist=$IW_CV(DisableGlobalBlacklist)","Eafinishop":"","Eastartop":"","Wfvarfinishop":"","Wfvarstartop":"set:ErrorTaskName=Retry Attach Dependencies","ActivationCount":"0","Status":"none","Valid":"true","BackgroundColor":"#c0c0c0","TaskType":"ItsURLTask"},"stencil":{"id":"URLTask"},"childShapes":[],"outgoing":[{"resourceId":"oryx_589DE901-DE4B-4F89-9F3D-C4A7D8C2154C"},{"resourceId":"oryx_1D14AC63-A0B2-4369-8885-D883D6D4CBD5"}],"bounds":{"lowerRight":{"x":618,"y":396},"upperLeft":{"x":516,"y":314}},"dockers":[]},{"resourceId":"oryx_AE663B34-2238-47E9-B7C0-AD2C1CFF286D","properties":{"x":"618.0","y":"347.0","AreaVPath":"$IW_WORKAREA","Brief Description":"","Description":"Akmai Cache Invalidation request","Name":"AkmaiCacheInvalidationTask","id":"AkmaiCacheInvalidationTask","CSSclass":"Task","Owner":"$IW_USER","URI":"$IW_CV(ExternalURLTask)","Retry":"true","Lock":"false","Readonly":"false","Transferonly":"false","Variables":"ClassName=com.deere.livesite.authoring.workflow.acpw.task.AkmaiCacheInvalidationTask|File=file|RestURL=$IW_CV(RestURL)|WebURL=$IW_CV(PreviewURL)","Eafinishop":"","Eastartop":"","Wfvarfinishop":"","Wfvarstartop":"","ActivationCount":"0","Status":"none","Valid":"true","BackgroundColor":"#c0c0c0","TaskType":"ItsURLTask"},"stencil":{"id":"URLTask"},"childShapes":[],"outgoing":[{"resourceId":"oryx_2A82C77A-01CA-49F3-A5BB-9748DB1ACBC8"}],"bounds":{"lowerRight":{"x":1227,"y":396},"upperLeft":{"x":1125,"y":314}},"dockers":[]},{"resourceId":"oryx_CDA556FF-1E69-4237-8955-1BB71BCE2966","properties":{"x":"11.0","y":"97.0","AreaVPath":"$IW_WORKAREA","Brief Description":"","Description":"Check if DWS JSON Generation is required","Name":"Check if DWS JSON Generation is required","id":"Check if DWS JSON Generation is required","CSSclass":"Task","Owner":"$IW_USER","URI":"$IW_CV(ExternalURLTask)","Retry":"true","Lock":"false","Readonly":"false","Transferonly":"false","Variables":"ImmediateTransition=true|ClassName=com.deere.livesite.authoring.workflow.acpw.task.DWSGenerationCheckTask","Eafinishop":"","Eastartop":"","Wfvarfinishop":"","Wfvarstartop":"","ActivationCount":"0","Status":"none","Valid":"true","BackgroundColor":"#c0c0c0","TaskType":"ItsURLTask"},"stencil":{"id":"URLTask"},"childShapes":[],"outgoing":[{"resourceId":"oryx_47C94B53-4AE9-46FB-8494-DB333A4870F8"},{"resourceId":"oryx_6353450A-7749-479D-BF9E-3225B8FD98D8"}],"bounds":{"lowerRight":{"x":507,"y":82},"upperLeft":{"x":405,"y":0}},"dockers":[]},{"resourceId":"oryx_4B89D185-BB27-4B8D-A348-73609DFD5B8B","properties":{"x":"1048.0","y":"282.0","AreaVPath":"$IW_WORKAREA","Brief Description":"Submit DCR Image Dependencies","Description":"This task submits the images associated with the DCR.","Name":"Submit DCR Image Dependencies","id":"Submit DCR Image Dependencies","CSSclass":"Task","Owner":"$IW_USER","URI":"$IW_CV(ExternalURLTask)","Retry":"true","Lock":"false","Readonly":"false","Transferonly":"false","Variables":"ClassName=com.deere.livesite.workflow.SubmitDcrImageDependenciesTask|SuccessTransition=Submit DCR Image Dependencies Success|FailureTransition=Submit DCR Image Dependencies Failure|imageWorkArea=/default/main/deere/Assets/WORKAREA/shared","Eafinishop":"","Eastartop":"","Wfvarfinishop":"","Wfvarstartop":"","ActivationCount":"0","Status":"none","Valid":"true","BackgroundColor":"#c0c0c0","TaskType":"ItsURLTask"},"stencil":{"id":"URLTask"},"childShapes":[],"outgoing":[{"resourceId":"oryx_38AE6271-1072-4F1F-9B7E-223843E83E8F"},{"resourceId":"oryx_85EAC0A3-C614-4E32-9A29-8BB0640A74DA"}],"bounds":{"lowerRight":{"x":1706,"y":312},"upperLeft":{"x":1604,"y":230}},"dockers":[]},{"resourceId":"oryx_374DED4A-B408-4452-85C5-BF2D449E85F5","properties":{"y":"176.0","x":"-169.0","AreaVPath":"$IW_WORKAREA","Brief Description":"","Description":"Retry Error Task","Name":"Retry Error task","id":"Retry Error task","CSSclass":"Task","Owner":"$IW_USER","URI":"$IW_CV(ExternalURLTask)","Retry":"true","Lock":"false","Readonly":"false","Transferonly":"false","Variables":"ClassName=com.deere.livesite.workflow.RetryHandlerTask","Eafinishop":"","Eastartop":"","Wfvarfinishop":"","Wfvarstartop":"","ActivationCount":"0","Status":"none","Valid":"true","BackgroundColor":"#c0c0c0","TaskType":"ItsURLTask"},"stencil":{"id":"URLTask"},"childShapes":[],"outgoing":[{"resourceId":"oryx_1854AB8F-2FA4-4A66-8011-2AB9A8AE07C4"},{"resourceId":"oryx_0C40E538-E85D-476C-8B56-8102CC63AC69"},{"resourceId":"oryx_873C7E06-8F58-4579-951B-EBA28707709C"}],"bounds":{"lowerRight":{"x":312,"y":157},"upperLeft":{"x":210,"y":75}},"dockers":[]},{"resourceId":"oryx_959A2DA3-D033-49C4-9770-9BDC1A2D9BC1","properties":{"x":"428.0","y":"128.0","AreaVPath":"$IW_WORKAREA","Brief Description":"","Description":"Generate JSON files for DWS","Name":"Generate DWS JSON","id":"Generate DWS JSON","CSSclass":"Task","Owner":"$IW_USER","URI":"$IW_CV(ExternalURLTask)","Retry":"true","Lock":"false","Readonly":"false","Transferonly":"false","Variables":"ImmediateTransition=true|ClassName=com.deere.livesite.authoring.workflow.acpw.task.GenerateJsonTask|RequestType=$IW_CV(RequestType)|WhiteListFileFolderNames=$IW_CV(WhiteListFileFolderNames)|WhiteListPageLinks=$IW_CV(WhiteListPageLinks)|WhiteListLanguages=$IW_CV(WhiteListLanguages)|UrlMappingFolderPath=templatedata/URLMapping/MappingList/data/|domainName=$IW_CV(ProductionURL)|OffersJsonFileName=$IW_CV(OffersJsonFileName)|FinalTransition=Generate JSON Success","Eafinishop":"","Eastartop":"","Wfvarfinishop":"","Wfvarstartop":"","ActivationCount":"0","Status":"none","Valid":"true","BackgroundColor":"#c0c0c0","TaskType":"ItsURLTask"},"stencil":{"id":"URLTask"},"childShapes":[],"outgoing":[{"resourceId":"oryx_B716D2A8-134E-4DD5-BE4D-74B4F0AD9E93"},{"resourceId":"oryx_E57EE06C-7518-4A63-8F0F-9C30A19290C5"}],"bounds":{"lowerRight":{"x":837,"y":97},"upperLeft":{"x":735,"y":15}},"dockers":[]},{"resourceId":"oryx_5912851A-D978-48E4-8F47-3C41E7A70A40","properties":{"x":"336.0","y":"0.0","AreaVPath":"$IW_WORKAREA","Brief Description":"","Description":"Update Taxonomy for DWS","Name":"DWS Taxonomy Update Task","id":"DWS Taxonomy Update Task","CSSclass":"Task","Owner":"$IW_USER","URI":"$IW_CV(ExternalURLTask)","Retry":"true","Lock":"false","Readonly":"false","Transferonly":"false","Variables":"ImmediateTransition=true|ClassName=com.deere.livesite.authoring.workflow.acpw.task.DWSTaxonomyUpdateTask|WhiteListLanguages=$IW_CV(WhiteListLanguages)|UrlMappingFolderPath=templatedata/URLMapping/MappingList/data/|WhiteListPageLinks=$IW_CV(WhiteListPageLinks)|WhiteListBranchNames=$IW_CV(WhiteListBranchNames)|WhiteListFileFolderNames=$IW_CV(WhiteListFileFolderNames)|TargetEnvironment=production|FinalTransition=Update DWS Taxonomy Success","Eafinishop":"","Eastartop":"","Wfvarfinishop":"","Wfvarstartop":"","ActivationCount":"0","Status":"none","Valid":"true","BackgroundColor":"#c0c0c0","TaskType":"ItsURLTask"},"stencil":{"id":"URLTask"},"childShapes":[],"outgoing":[{"resourceId":"oryx_CC7FEC5B-BD43-413F-9882-D1CA8D137113"},{"resourceId":"oryx_480E4EB4-302C-4D7D-88DB-8E7FC60144A2"}],"bounds":{"lowerRight":{"x":1317,"y":232},"upperLeft":{"x":1215,"y":150}},"dockers":[]},{"resourceId":"oryx_B041602D-E99D-4FC9-9F6F-EB1E96B4BF6A","properties":{"x":"1411.0","y":"256.0","Name":"End","id":"End","Brief Description":"","Eafinishop":"","Eastartop":"","Wfvarfinishop":"","Wfvarstartop":"","CSSclass":"Event"},"stencil":{"id":"End"},"childShapes":[],"outgoing":[],"bounds":{"lowerRight":{"x":2005,"y":250},"upperLeft":{"x":1971,"y":216}},"dockers":[]},{"resourceId":"oryx_D6D9C9E9-E499-4C5E-AEE8-0759B4F4DA4C","properties":{"Name":"Start Lock Files","id":"Flow3","Type":"Default"},"stencil":{"id":"Flow"},"childShapes":[],"outgoing":[{"resourceId":"oryx_CD86F999-5824-4ECF-B5F4-45A000958EFD"}],"bounds":{"lowerRight":{"x":713,"y":745.1959921117738},"upperLeft":{"x":618.679664362296,"y":354.35836506368906}},"dockers":[{"x":14.45,"y":14.45},{"x":713,"y":355},{"x":50,"y":40}],"target":{"resourceId":"oryx_CD86F999-5824-4ECF-B5F4-45A000958EFD"}},{"resourceId":"oryx_589DE901-DE4B-4F89-9F3D-C4A7D8C2154C","properties":{"Name":"Attach Dependencies Success","id":"Flow5","Type":"Default"},"stencil":{"id":"Flow"},"childShapes":[],"outgoing":[{"resourceId":"oryx_CDA556FF-1E69-4237-8955-1BB71BCE2966"}],"bounds":{"lowerRight":{"x":515.78125,"y":354},"upperLeft":{"x":461,"y":82.125}},"dockers":[{"x":50,"y":40},{"x":461,"y":354},{"x":56,"y":58}],"target":{"resourceId":"oryx_CDA556FF-1E69-4237-8955-1BB71BCE2966"}},{"resourceId":"oryx_68AFD0F1-C525-4412-9BC3-593126A63B36","properties":{"y":"390.76749215864174","x":"429.0598916466857","Name":"Preview Deployment Success","id":"Flow12","Type":"Success"},"stencil":{"id":"SuccessLink"},"childShapes":[],"outgoing":[{"resourceId":"oryx_AE663B34-2238-47E9-B7C0-AD2C1CFF286D"}],"bounds":{"lowerRight":{"x":1124.3439782780868,"y":354.6848609179145},"upperLeft":{"x":927.7343354480814,"y":348.7395203608219}},"dockers":[{"x":50,"y":40},{"x":952,"y":354.6848609179145},{"x":20.78125,"y":34}],"target":{"resourceId":"oryx_AE663B34-2238-47E9-B7C0-AD2C1CFF286D"}},{"resourceId":"oryx_E3F5FE87-8040-4F80-9DF6-CC85B9244809","properties":{"Name":"Submit Files Success","id":"Flow15","Type":"Default"},"stencil":{"id":"Flow"},"childShapes":[],"outgoing":[{"resourceId":"oryx_0EA45D10-003C-40FC-8426-A7A9C9307F00"}],"bounds":{"lowerRight":{"x":824.453125,"y":354},"upperLeft":{"x":774.46484375,"y":325}},"dockers":[{"x":50,"y":40},{"x":799.5,"y":325},{"x":799.5,"y":354},{"x":50,"y":40}],"target":{"resourceId":"oryx_0EA45D10-003C-40FC-8426-A7A9C9307F00"}},{"resourceId":"oryx_1D14AC63-A0B2-4369-8885-D883D6D4CBD5","properties":{"Name":"Attach Dependencies Failure","id":"Flow19","Type":"Default"},"stencil":{"id":"Flow"},"childShapes":[],"outgoing":[{"resourceId":"oryx_4034D713-3BA6-43F0-B3B7-8484A6B88AC9"}],"bounds":{"lowerRight":{"x":515.421875,"y":354},"upperLeft":{"x":282.4921875,"y":325}},"dockers":[{"x":50,"y":40},{"x":399,"y":354},{"x":399,"y":325},{"x":50,"y":40}],"target":{"resourceId":"oryx_4034D713-3BA6-43F0-B3B7-8484A6B88AC9"}},{"resourceId":"oryx_2A82C77A-01CA-49F3-A5BB-9748DB1ACBC8","properties":{"Name":"Success","id":"Flow11","Type":"Default"},"stencil":{"id":"Flow"},"childShapes":[],"outgoing":[{"resourceId":"oryx_A218D0E8-0016-4A01-8D85-F5E3C03D2843"}],"bounds":{"lowerRight":{"x":1372,"y":354},"upperLeft":{"x":1227.55859375,"y":97.1484375}},"dockers":[{"x":50,"y":40},{"x":1372,"y":354},{"x":41,"y":52}],"target":{"resourceId":"oryx_A218D0E8-0016-4A01-8D85-F5E3C03D2843"}},{"resourceId":"oryx_FDE5312C-FD34-4D23-88EE-4851C80A0693","properties":{"y":"88.24306588422762","x":"883.0","Name":"Prod Deployment Success","id":"Flow4","Type":"Success"},"stencil":{"id":"SuccessLink"},"childShapes":[],"outgoing":[{"resourceId":"oryx_BBC628AA-E879-4C0A-9BF5-F40AF893FD32"}],"bounds":{"lowerRight":{"x":1605,"y":56},"upperLeft":{"x":1433.75,"y":55}},"dockers":[{"x":50,"y":40},{"x":1519,"y":55},{"x":1519,"y":56},{"x":1,"y":40}],"target":{"resourceId":"oryx_BBC628AA-E879-4C0A-9BF5-F40AF893FD32"}},{"resourceId":"oryx_FDFA5DF2-EA9D-490B-9A7C-3605481413F7","properties":{"y":"95.0","x":"883.0","Name":"Prod Deployment Failure","id":"Flow6","Type":"Failure"},"stencil":{"id":"FailureLink"},"childShapes":[],"outgoing":[{"resourceId":"oryx_4034D713-3BA6-43F0-B3B7-8484A6B88AC9"}],"bounds":{"lowerRight":{"x":1381,"y":338},"upperLeft":{"x":282.640625,"y":97.455078125}},"dockers":[{"x":50,"y":40},{"x":1381,"y":338},{"x":73,"y":53}],"target":{"resourceId":"oryx_4034D713-3BA6-43F0-B3B7-8484A6B88AC9"}},{"resourceId":"oryx_38AE6271-1072-4F1F-9B7E-223843E83E8F","properties":{"Name":"Submit DCR Image Dependencies Success","id":"Flow624","Type":"Default"},"stencil":{"id":"Flow"},"childShapes":[],"outgoing":[{"resourceId":"oryx_B041602D-E99D-4FC9-9F6F-EB1E96B4BF6A"}],"bounds":{"lowerRight":{"x":1985.45,"y":270},"upperLeft":{"x":1706.7890625,"y":249.9890625}},"dockers":[{"x":50,"y":40},{"x":1985.45,"y":270},{"x":14.45,"y":14.45}],"target":{"resourceId":"oryx_B041602D-E99D-4FC9-9F6F-EB1E96B4BF6A"}},{"resourceId":"oryx_85EAC0A3-C614-4E32-9A29-8BB0640A74DA","properties":{"Name":"Submit DCR Image Dependencies Failure","id":"Flow625","Type":"Default"},"stencil":{"id":"Flow"},"childShapes":[],"outgoing":[{"resourceId":"oryx_B041602D-E99D-4FC9-9F6F-EB1E96B4BF6A"}],"bounds":{"lowerRight":{"x":1985.45,"y":270},"upperLeft":{"x":1706.7890625,"y":249.9890625}},"dockers":[{"x":50,"y":40},{"x":1985.45,"y":270},{"x":14.45,"y":14.45}],"target":{"resourceId":"oryx_B041602D-E99D-4FC9-9F6F-EB1E96B4BF6A"}},{"resourceId":"oryx_FBAD8AF9-4DFA-44A1-AA59-F71C9543D5ED","properties":{"Name":"Retry","id":"Flow387","Type":"Default"},"stencil":{"id":"Flow"},"childShapes":[],"outgoing":[{"resourceId":"oryx_374DED4A-B408-4452-85C5-BF2D449E85F5"}],"bounds":{"lowerRight":{"x":260,"y":285},"upperLeft":{"x":230,"y":157.40625}},"dockers":[{"x":50,"y":40},{"x":230,"y":221},{"x":260,"y":221},{"x":50,"y":40}],"target":{"resourceId":"oryx_374DED4A-B408-4452-85C5-BF2D449E85F5"}},{"resourceId":"oryx_C0AC9269-8A85-4DAF-ABA0-80F259229D0A","properties":{"Name":"Cancel","id":"Flow388","Type":"Default"},"stencil":{"id":"Flow"},"childShapes":[],"outgoing":[{"resourceId":"oryx_B041602D-E99D-4FC9-9F6F-EB1E96B4BF6A"}],"bounds":{"lowerRight":{"x":1970.7355518727647,"y":284.3671875},"upperLeft":{"x":230,"y":230.49652094169934}},"dockers":[{"x":50,"y":40},{"x":230,"y":236},{"x":14.45,"y":14.45}],"target":{"resourceId":"oryx_B041602D-E99D-4FC9-9F6F-EB1E96B4BF6A"}},{"resourceId":"oryx_1854AB8F-2FA4-4A66-8011-2AB9A8AE07C4","properties":{"Name":"Retry Attach Dependencies","id":"Flow389","Type":"Default"},"stencil":{"id":"Flow"},"childShapes":[],"outgoing":[{"resourceId":"oryx_CD86F999-5824-4ECF-B5F4-45A000958EFD"}],"bounds":{"lowerRight":{"x":567,"y":313.79817813683786},"upperLeft":{"x":312.56640623365394,"y":115.00950451976856}},"dockers":[{"x":50,"y":40},{"x":567,"y":115.05550859908465},{"x":50,"y":40}],"target":{"resourceId":"oryx_CD86F999-5824-4ECF-B5F4-45A000958EFD"}},{"resourceId":"oryx_0C40E538-E85D-476C-8B56-8102CC63AC69","properties":{"Name":"Retry Preview Deployment","id":"Flow392","Type":"Default"},"stencil":{"id":"Flow"},"childShapes":[],"outgoing":[{"resourceId":"oryx_0EA45D10-003C-40FC-8426-A7A9C9307F00"}],"bounds":{"lowerRight":{"x":875.0442638266877,"y":313.4877125811811},"upperLeft":{"x":312.13281217463816,"y":115.04205421949358}},"dockers":[{"x":50,"y":40},{"x":645,"y":115.310569751173},{"x":875.0442638266877,"y":134.1055307738215},{"x":50,"y":40}],"target":{"resourceId":"oryx_0EA45D10-003C-40FC-8426-A7A9C9307F00"}},{"resourceId":"oryx_873C7E06-8F58-4579-951B-EBA28707709C","properties":{"Name":"Retry Production Deployment","id":"Flow394","Type":"Default"},"stencil":{"id":"Flow"},"childShapes":[],"outgoing":[{"resourceId":"oryx_A218D0E8-0016-4A01-8D85-F5E3C03D2843"}],"bounds":{"lowerRight":{"x":1330.7488546659395,"y":74.65834953048889},"upperLeft":{"x":260.1768637686121,"y":55.00227791454481}},"dockers":[{"x":50,"y":40},{"x":260.2628261526638,"y":55.0508036880005},{"x":50,"y":40}],"target":{"resourceId":"oryx_A218D0E8-0016-4A01-8D85-F5E3C03D2843"}},{"resourceId":"oryx_B716D2A8-134E-4DD5-BE4D-74B4F0AD9E93","properties":{"Name":"Generate JSON Failure","id":"Flow25","Type":"Default"},"stencil":{"id":"Flow"},"childShapes":[],"outgoing":[{"resourceId":"oryx_2F753ECB-48F8-4463-8C8C-E69715D2C52A"}],"bounds":{"lowerRight":{"x":976.3125,"y":70},"upperLeft":{"x":837.46875,"y":55}},"dockers":[{"x":50,"y":40},{"x":907,"y":55},{"x":907,"y":70},{"x":50,"y":40}],"target":{"resourceId":"oryx_2F753ECB-48F8-4463-8C8C-E69715D2C52A"}},{"resourceId":"oryx_FFC5EC24-D55E-4307-9B07-3FDC2ECA33BE","properties":{"y":"429.23828125","x":"376.0","Name":"Preview Deployment Failure","id":"Flow18","Type":"Failure"},"stencil":{"id":"FailureLink"},"childShapes":[],"outgoing":[{"resourceId":"oryx_4034D713-3BA6-43F0-B3B7-8484A6B88AC9"}],"bounds":{"lowerRight":{"x":875,"y":435},"upperLeft":{"x":217,"y":367.09375}},"dockers":[{"x":50,"y":40},{"x":875,"y":435},{"x":217,"y":435},{"x":37,"y":52}],"target":{"resourceId":"oryx_4034D713-3BA6-43F0-B3B7-8484A6B88AC9"}},{"resourceId":"oryx_C1A26DA0-C6A7-4B24-93F2-CB97F41A684C","properties":{"Name":"Retry Generate DWS JSON","id":"Flow17","Type":"Default"},"stencil":{"id":"Flow"},"childShapes":[],"outgoing":[{"resourceId":"oryx_5912851A-D978-48E4-8F47-3C41E7A70A40"}],"bounds":{"lowerRight":{"x":1214.3359375,"y":190},"upperLeft":{"x":1079.5625,"y":70}},"dockers":[{"x":50,"y":40},{"x":1102,"y":70},{"x":1102,"y":190},{"x":50,"y":40}],"target":{"resourceId":"oryx_5912851A-D978-48E4-8F47-3C41E7A70A40"}},{"resourceId":"oryx_CC7FEC5B-BD43-413F-9882-D1CA8D137113","properties":{"Name":"Update DWS Taxonomy Success","id":"Flow23","Type":"Default"},"stencil":{"id":"Flow"},"childShapes":[],"outgoing":[{"resourceId":"oryx_520ECD83-B48D-4391-92D6-80D7894F8D55"}],"bounds":{"lowerRight":{"x":1214.337890625,"y":300},"upperLeft":{"x":774.658203125,"y":190}},"dockers":[{"x":50,"y":40},{"x":994.5,"y":190},{"x":994.5,"y":300},{"x":44,"y":15}],"target":{"resourceId":"oryx_520ECD83-B48D-4391-92D6-80D7894F8D55"}},{"resourceId":"oryx_480E4EB4-302C-4D7D-88DB-8E7FC60144A2","properties":{"Name":"Update DWS Taxonomy Failure","id":"Flow26","Type":"Default"},"stencil":{"id":"Flow"},"childShapes":[],"outgoing":[{"resourceId":"oryx_2F753ECB-48F8-4463-8C8C-E69715D2C52A"}],"bounds":{"lowerRight":{"x":1214.3359375,"y":190},"upperLeft":{"x":1079.5625,"y":70}},"dockers":[{"x":50,"y":40},{"x":1102,"y":190},{"x":1102,"y":70},{"x":50,"y":40}],"target":{"resourceId":"oryx_2F753ECB-48F8-4463-8C8C-E69715D2C52A"}},{"resourceId":"oryx_BBC628AA-E879-4C0A-9BF5-F40AF893FD32","properties":{"AreaVPath":"$IW_WORKAREA","Brief Description":"","Description":"Akmai Cache Invalidation request for production","Name":"Akamai Cache Invalidation task for Prod","id":"Akamai Cache Invalidation task for Prod","CSSclass":"Task","Owner":"$IW_USER","URI":"$IW_CV(ExternalURLTask)","Retry":"true","Lock":"false","Readonly":"false","Transferonly":"false","Variables":"WebURL=$IW_CV(ProductionURL)|RestURL=$IW_CV(RestURL)|File=file|ClassName=com.deere.livesite.authoring.workflow.acpw.task.AkmaiCacheInvalidationTask","Eafinishop":"","Eastartop":"","Wfvarfinishop":"","Wfvarstartop":"","ActivationCount":"0","Status":"none","Valid":"none","BackgroundColor":"#c0c0c0","TaskType":"ItsURLTask"},"stencil":{"id":"URLTask"},"childShapes":[],"outgoing":[{"resourceId":"oryx_47C7693C-0A8A-4C0B-A0A2-CFF06A1D2B28"}],"bounds":{"lowerRight":{"x":1705,"y":96},"upperLeft":{"x":1605,"y":16}},"dockers":[]},{"resourceId":"oryx_47C7693C-0A8A-4C0B-A0A2-CFF06A1D2B28","properties":{"Name":"Success","id":"Flow28","Type":"Default"},"stencil":{"id":"Flow"},"childShapes":[],"outgoing":[{"resourceId":"oryx_4B89D185-BB27-4B8D-A348-73609DFD5B8B"}],"bounds":{"lowerRight":{"x":1656,"y":229.90843379893983},"upperLeft":{"x":1654,"y":96.47048727321209}},"dockers":[{"x":50,"y":40},{"x":51,"y":24.12636748906459}],"target":{"resourceId":"oryx_4B89D185-BB27-4B8D-A348-73609DFD5B8B"}},{"resourceId":"oryx_47C94B53-4AE9-46FB-8494-DB333A4870F8","properties":{"Name":"DWS JSON Generation Required","id":"Flow1","Type":"Default"},"stencil":{"id":"Flow"},"childShapes":[],"outgoing":[{"resourceId":"oryx_959A2DA3-D033-49C4-9770-9BDC1A2D9BC1"}],"bounds":{"lowerRight":{"x":734.8125,"y":42},"upperLeft":{"x":507.875,"y":40}},"dockers":[{"x":51,"y":41},{"x":17,"y":26}],"target":{"resourceId":"oryx_959A2DA3-D033-49C4-9770-9BDC1A2D9BC1"}},{"resourceId":"oryx_6353450A-7749-479D-BF9E-3225B8FD98D8","properties":{"Name":"DWS JSON Generation Not Required","id":"Flow2","Type":"Default"},"stencil":{"id":"Flow"},"childShapes":[],"outgoing":[{"resourceId":"oryx_520ECD83-B48D-4391-92D6-80D7894F8D55"}],"bounds":{"lowerRight":{"x":671.75,"y":326},"upperLeft":{"x":507.765625,"y":41}},"dockers":[{"x":51,"y":41},{"x":627,"y":41},{"x":627,"y":326},{"x":51,"y":41}],"target":{"resourceId":"oryx_520ECD83-B48D-4391-92D6-80D7894F8D55"}},{"resourceId":"oryx_E57EE06C-7518-4A63-8F0F-9C30A19290C5","properties":{"Name":"Generate JSON Success","id":"Flow7","Type":"Default"},"stencil":{"id":"Flow"},"childShapes":[],"outgoing":[{"resourceId":"oryx_5912851A-D978-48E4-8F47-3C41E7A70A40"}],"bounds":{"lowerRight":{"x":1214.3455200195312,"y":212},"upperLeft":{"x":786,"y":97.21875}},"dockers":[{"x":51,"y":41},{"x":786,"y":212},{"x":34.765625,"y":62}],"target":{"resourceId":"oryx_5912851A-D978-48E4-8F47-3C41E7A70A40"}}],"bounds":{"lowerRight":{"x":2105,"y":1050},"upperLeft":{"x":0,"y":0}},"stencilset":{"url":"/iw-wfm/editor/stencilsets/iwov_process_model/iwovprocessmodels.json","namespace":"http://autonomy.com/stencilset/iwovwfm#"},"ssextensions":[],"modelVariables":[{"TaskId":"GroupTask","PropertyName":"Shared by","VariableId":"ReviewerGroup","VariableValue":{"value":{"id":"ReviewerGroup","isHidden":true,"description":"","isReadOnly":true,"label":"Reviewer Group","defaultValue":"dce-cms-us-reviewer"},"type":"$IW_CV"},"TaskType":"","isDeleted":""},{"TaskId":"DeployTask","PropertyName":"OD Variables","VariableId":"targetPathPreview","VariableValue":{"value":{"id":"targetPathPreview","isHidden":true,"description":"Path for file deployment in preview server.","isReadOnly":true,"label":"Target Path Preview","defaultValue":"/var/www/html/previewdev"},"type":"$IW_CV"},"TaskType":"","isDeleted":""},{"TaskId":"URLTask","PropertyName":"Variables","VariableId":"DomainNameSiteMap","VariableValue":{"value":{"id":"DomainNameSiteMap","isHidden":true,"description":"Domain name for sitemap. Example: http://wwwdev.tal.deere.com","isReadOnly":true,"label":"Domain Name For SiteMap","defaultValue":"http://wwwdev.tal.deere.com"},"type":"$IW_CV"},"TaskType":"","isDeleted":""},{"TaskId":"Workflow Properties1","PropertyName":"Description","VariableId":"JobDescription","VariableValue":{"type":"$IW_CV","value":{"id":"JobDescription","label":"Job Description","defaultValue":"DWS Mass Publish Workflow","description":"","isHidden":false,"isReadOnly":false}},"TaskType":"ModelProperties","isDeleted":""},{"TaskId":"DeployTask","PropertyName":"OD Variables","VariableId":"imageWorkarea","VariableValue":{"value":{"id":"imageWorkarea","isHidden":true,"description":"Path to the Image Workarea.","isReadOnly":true,"label":"Image WorkArea","defaultValue":"/iwmnt/default/main/deere/Assets/WORKAREA/shared"},"type":"$IW_CV"},"TaskType":"","isDeleted":""},{"TaskId":"URLTask","PropertyName":"Variables","VariableId":"UrlMappingFolderPath","VariableValue":{"value":{"id":"UrlMappingFolderPath","isHidden":true,"description":"This variable contains the path to the URL Mapping files for translating the URLs.","isReadOnly":true,"label":"Url Mapping Folder Path","defaultValue":"/iwadmin/main/deere/syndication/STAGING/templatedata/URLMapping/MappingList/data/"},"type":"$IW_CV"},"TaskType":"","isDeleted":""},{"TaskId":"DeployTask","PropertyName":"OD Variables","VariableId":"targetPathProd","VariableValue":{"value":{"id":"targetPathProd","isHidden":true,"description":"Path for file deployment on production server.","isReadOnly":true,"label":"Target Path Prod","defaultValue":"/var/www/html/dev"},"type":"$IW_CV"},"TaskType":"","isDeleted":""},{"TaskId":"DeployTask","PropertyName":"OD Variables","VariableId":"sitesFolderPath","VariableValue":"","TaskType":"","isDeleted":""},{"TaskId":"URLTask","PropertyName":"Variables","VariableId":"RestURL","VariableValue":"","TaskType":"","isDeleted":""},{"TaskId":"URLTask","PropertyName":"Variables","VariableId":"RequestType","VariableValue":"","TaskType":"","isDeleted":""},{"TaskId":"DeployTask","PropertyName":"OD Variables","VariableId":"targetFragmentPathPreview","VariableValue":{"type":"$IW_CV","value":{"id":"targetFragmentPathPreview","label":"Target Fragment Path Preview","defaultValue":"/wwwpreview/deere/html","description":"Path on preview web server for the deployment of files under sites folder in Teamsite.","isHidden":true,"isReadOnly":true}},"TaskType":"","isDeleted":""},{"TaskId":"URLTask","PropertyName":"URI","VariableId":"ExternalURLTask","VariableValue":"","TaskType":"","isDeleted":""},{"TaskId":"URLTask","PropertyName":"Variables","VariableId":"DisableGlobalBlacklist","VariableValue":"","TaskType":"","isDeleted":""},{"TaskId":"DeployTask","PropertyName":"OD Variables","VariableId":"targetFragmentPathProd","VariableValue":{"value":{"id":"targetFragmentPathProd","isHidden":true,"description":"Path on production web server for the deployment of files under sites folder in Teamsite.","isReadOnly":true,"label":"Target Fragment Path Prod","defaultValue":"/var/www/html/dev/html"},"type":"$IW_CV"},"TaskType":"","isDeleted":""},{"TaskId":"Akamai Cache Invalidation task for Prod","PropertyName":"URI","VariableId":"ExternalURLTask","VariableValue":"","TaskType":"URLTask","isDeleted":""},{"TaskId":"Akamai Cache Invalidation task for Prod","PropertyName":"Variables","VariableId":"ProductionURL","VariableValue":{"type":"$IW_CV","value":{"id":"ProductionURL","label":"Production URL","defaultValue":"https://us-wwwqa.deere.com","description":"This represents the target production URL","isHidden":true,"isReadOnly":true}},"TaskType":"URLTask","isDeleted":""},{"TaskId":"AkmaiCacheInvalidationTask","PropertyName":"Variables","VariableId":"PreviewURL","VariableValue":{"type":"$IW_CV","value":{"id":"PreviewURL","label":"Preview URL","defaultValue":"https://us-previewdev.deere.com","description":"This represents the target preview URL","isHidden":true,"isReadOnly":true}},"TaskType":"URLTask","isDeleted":""},{"TaskId":"Akamai Cache Invalidation task for Prod","PropertyName":"Variables","VariableId":"RestURL","VariableValue":"","TaskType":"URLTask","isDeleted":""},{"TaskId":"Workflow Properties1","PropertyName":"Global Variables","VariableId":"DisableGlobalBlacklist","VariableValue":{"value":{"id":"DisableGlobalBlacklist","isHidden":true,"description":"","isReadOnly":true,"label":"DisableGlobalBlacklist","defaultValue":""},"type":"$IW_CV"},"TaskType":"ModelProperties","isDeleted":""},{"TaskId":"Workflow Properties1","PropertyName":"Global Variables","VariableId":"sitesFolderPath","VariableValue":{"value":{"id":"sitesFolderPath","isHidden":true,"description":"This is the folder path which needs to be removed from the path of the json and html files deployed to web server.","isReadOnly":true,"label":"Sites Folder Path","defaultValue":"sites"},"type":"$IW_CV"},"TaskType":"ModelProperties","isDeleted":""},{"TaskId":"Workflow Properties1","PropertyName":"Global Variables","VariableId":"ExternalURLTask","VariableValue":{"value":{"id":"ExternalURLTask","isHidden":true,"description":"","isReadOnly":true,"label":"External URL Task","defaultValue":"http://localhost:8080/iw-cc/urlexternaltask"},"type":"$IW_CV"},"TaskType":"ModelProperties","isDeleted":""},{"TaskId":"Workflow Properties1","PropertyName":"Global Variables","VariableId":"RestURL","VariableValue":{"value":{"id":"RestURL","isHidden":true,"description":"The Akmai service end point","isReadOnly":true,"label":"Rest URL","defaultValue":"http://dce-tsapi-d.tal.deere.com/tscapi/akamai/invalidatecache"},"type":"$IW_CV"},"TaskType":"ModelProperties","isDeleted":""},{"TaskId":"Workflow Properties1","PropertyName":"Global Variables","VariableId":"RequestType","VariableValue":{"value":{"id":"RequestType","isHidden":true,"description":"This is the request type either product or category and is used for taxonomy and cbyo tasks","isReadOnly":true,"label":"Request Type","defaultValue":""},"type":"$IW_CV"},"TaskType":"ModelProperties","isDeleted":""},{"TaskId":"Workflow Properties1","PropertyName":"Global Variables","VariableId":"PreviewURL","VariableValue":{"type":"$IW_CV","value":{"id":"PreviewURL","label":"Preview URL","defaultValue":"https://us-previewdev.deere.com","description":"This represents the target preview URL","isHidden":true,"isReadOnly":true}},"TaskType":"ModelProperties","isDeleted":""},{"TaskId":"Workflow Properties1","PropertyName":"Global Variables","VariableId":"ProductionURL","VariableValue":{"type":"$IW_CV","value":{"id":"ProductionURL","label":"Production URL","defaultValue":"https://us-wwwdev.deere.com","description":"This represents the target production URL","isHidden":true,"isReadOnly":true}},"TaskType":"ModelProperties","isDeleted":""},{"TaskId":"Workflow Properties1","PropertyName":"Global Variables","VariableId":"targetPathPreview","VariableValue":{"type":"$IW_CV","value":{"id":"targetPathPreview","label":"Target Path Preview","defaultValue":"/wwwpreview/deere","description":"Path for file deployment in preview server.","isHidden":true,"isReadOnly":true}},"TaskType":"ModelProperties","isDeleted":""},{"TaskId":"Workflow Properties1","PropertyName":"Global Variables","VariableId":"targetPathProd","VariableValue":{"type":"$IW_CV","value":{"id":"targetPathProd","label":"Target Path Prod","defaultValue":"/wwwpub/deere","description":"Path for file deployment on production server.","isHidden":true,"isReadOnly":true}},"TaskType":"ModelProperties","isDeleted":""},{"TaskId":"Workflow Properties1","PropertyName":"Global Variables","VariableId":"targetFragmentPathPreview","VariableValue":{"type":"$IW_CV","value":{"id":"targetFragmentPathPreview","label":"Target Fragment Path Preview","defaultValue":"/wwwpreview/deere/html","description":"Path on preview web server for the deployment of files under sites folder in Teamsite.","isHidden":true,"isReadOnly":true}},"TaskType":"ModelProperties","isDeleted":""},{"TaskId":"Workflow Properties1","PropertyName":"Global Variables","VariableId":"targetFragmentPathProd","VariableValue":{"type":"$IW_CV","value":{"id":"targetFragmentPathProd","label":"Target Fragment Path Prod","defaultValue":"/wwwpub/deere/html","description":"Path on production web server for the deployment of files under sites folder in Teamsite.","isHidden":true,"isReadOnly":true}},"TaskType":"ModelProperties","isDeleted":""},{"TaskId":"Workflow Properties1","PropertyName":"Global Variables","VariableId":"RestURL","VariableValue":{"type":"$IW_CV","value":{"id":"RestURL","label":"Rest URL","defaultValue":"http://dce-tsapi-devl.tal.deere.com/tscapi/akamai/invalidatecache","description":"The Akmai service end point","isHidden":true,"isReadOnly":true}},"TaskType":"ModelProperties","isDeleted":""},{"TaskId":"Workflow Properties1","PropertyName":"Global Variables","VariableId":"RestURL","VariableValue":{"type":"$IW_CV","value":{"id":"RestURL","label":"Rest URL","defaultValue":"http://dce-tsapi-devl.tal.deere.com/tscapi/akamai/invalidatecache","description":"The Akmai service end point","isHidden":true,"isReadOnly":true}},"TaskType":"ModelProperties","isDeleted":""},{"TaskId":"Workflow Properties1","PropertyName":"Global Variables","VariableId":"WhiteListLanguages","VariableValue":{"type":"$IW_CV","value":{"id":"WhiteListLanguages","label":"White List Languages","defaultValue":"en","description":"Comma separated list of Languages which do not require the translation.","isHidden":true,"isReadOnly":true}},"TaskType":"ModelProperties","isDeleted":""},{"TaskId":"Workflow Properties1","PropertyName":"Global Variables","VariableId":"WhiteListPageLinks","VariableValue":{"type":"$IW_CV","value":{"id":"WhiteListPageLinks","label":"White List Page Links","defaultValue":".*/website/json/mapping/.*","description":"Comma separated list of page link patterns that do not require translation.","isHidden":true,"isReadOnly":true}},"TaskType":"ModelProperties","isDeleted":""},{"TaskId":"Workflow Properties1","PropertyName":"Global Variables","VariableId":"WhiteListBranchNames","VariableValue":{"type":"$IW_CV","value":{"id":"WhiteListBranchNames","label":"White List Branch Names","defaultValue":"Assets,privacy-and-data","description":"Comma separated list of branch names that do not require URL translation.","isHidden":true,"isReadOnly":true}},"TaskType":"ModelProperties","isDeleted":""},{"TaskId":"Workflow Properties1","PropertyName":"Global Variables","VariableId":"WhiteListFileFolderNames","VariableValue":{"type":"$IW_CV","value":{"id":"WhiteListFileFolderNames","label":"White List File Names Or Folder Names","defaultValue":"index","description":"Comma separated list of file name or folder names that do not require URL translation.","isHidden":true,"isReadOnly":true}},"TaskType":"ModelProperties","isDeleted":""},{"TaskId":"DWS Taxonomy Update Task","PropertyName":"Variables","VariableId":"WhiteListLanguages","VariableValue":"","TaskType":"URLTask","isDeleted":""},{"TaskId":"DWS Taxonomy Update Task","PropertyName":"Variables","VariableId":"WhiteListPageLinks","VariableValue":"","TaskType":"URLTask","isDeleted":""},{"TaskId":"DWS Taxonomy Update Task","PropertyName":"Variables","VariableId":"WhiteListBranchNames","VariableValue":"","TaskType":"URLTask","isDeleted":""},{"TaskId":"DWS Taxonomy Update Task","PropertyName":"Variables","VariableId":"WhiteListFileFolderNames","VariableValue":"","TaskType":"URLTask","isDeleted":""},{"TaskId":"Generate DWS JSON","PropertyName":"Variables","VariableId":"WhiteListFileFolderNames","VariableValue":"","TaskType":"URLTask","isDeleted":""},{"TaskId":"Generate DWS JSON","PropertyName":"Variables","VariableId":"WhiteListPageLinks","VariableValue":"","TaskType":"URLTask","isDeleted":""},{"TaskId":"Generate DWS JSON","PropertyName":"Variables","VariableId":"WhiteListLanguages","VariableValue":"","TaskType":"URLTask","isDeleted":""},{"TaskId":"Generate DWS JSON","PropertyName":"Variables","VariableId":"ProductionURL","VariableValue":"","TaskType":"URLTask","isDeleted":""},{"TaskId":"Generate DWS JSON","PropertyName":"Variables","VariableId":"OffersJsonFileName","VariableValue":{"type":"$IW_CV","value":{"id":"OffersJsonFileName","label":"Offers Json File Name","defaultValue":"offers-json.html","description":"This represents the offers json file name","isHidden":true,"isReadOnly":true}},"TaskType":"URLTask","isDeleted":""}]}