{"resourceId":"oryx-canvas123","properties":{"Owner":"$IW_USER","Priority":"2","Brief Description":"","Description":"$IW_CV(JobDes)","DueDate":"","Global Variables":"$IW_CV(ExternalUrlTask)|$IW_CV(targetPathPreview)|$IW_CV(targetFragmentPathPreview)|$IW_CV(targetPathProd)|$IW_CV(targetFragmentPathProd)|$IW_CV(sitesFolderPath)|$IW_CV(ODDeploymentScriptName)|$IW_CV(UserForDeleteTask)|$IW_CV(DomainNameSiteMap)|$IW_CV(PreviewURL)|$IW_CV(ProductionURL)|$IW_CV(RestURL)|$IW_CV(PreviewSitemapDomainName)|$IW_CV(PreviewSiteMapFileName)|$IW_CV(ProdSiteMapFileName)|$IW_CV(SitemapNameSpaceURI)|$IW_CV(ExcludePagePatterns)|$IW_CV(ReviewerGroups)|$IW_CV(WorkflowApprover)|$IW_CV(RequestType)","VAVariables":"","Variables":"","PostProcessorCommand":"","PreProcessorCommand":"Inprocess:com.deere.livesite.workflow.DeleteFilesWorkflowPreProcessor:workarea=$IW_WORKAREA","Name":"Enhanced Delete Workflow","id":"Workflow Properties1","ActivationCount":"","Version":"1.0.0.1","Status":"","Valid":"true","File Comments":"false"},"stencil":{"id":"ModelProperties"},"childShapes":[{"resourceId":"oryx_82000CA3-659C-4BC0-A511-3DB265E1D13D","properties":{"Name":"Start","id":"Start","CSSclass":"Event"},"stencil":{"id":"Start"},"childShapes":[],"outgoing":[{"resourceId":"oryx_F3106620-4530-492F-9F07-B873AF2500C1"}],"bounds":{"lowerRight":{"x":64,"y":64},"upperLeft":{"x":30,"y":30}},"dockers":[]},{"resourceId":"oryx_E7811E3D-67AF-4D6F-B49D-4977813FA313","properties":{"Name":"End3","id":"End3","Brief Description":"","Eafinishop":"","Eastartop":"","Wfvarfinishop":"","Wfvarstartop":"","CSSclass":"Event"},"stencil":{"id":"End"},"childShapes":[],"outgoing":[],"bounds":{"lowerRight":{"x":1957,"y":64},"upperLeft":{"x":1923,"y":30}},"dockers":[]},{"resourceId":"oryx_F3106620-4530-492F-9F07-B873AF2500C1","properties":{"Name":"Start File Validation","id":"Flow5","Type":"Default"},"stencil":{"id":"Flow"},"childShapes":[],"outgoing":[{"resourceId":"oryx_63D925F4-ECD7-4670-B833-C3D9132892C9"}],"bounds":{"lowerRight":{"x":194.5,"y":48},"upperLeft":{"x":64.2421875,"y":46}},"dockers":[{"x":17,"y":17},{"x":50,"y":40}],"target":{"resourceId":"oryx_63D925F4-ECD7-4670-B833-C3D9132892C9"}},{"resourceId":"oryx_DABF4031-F89B-4AFF-B05D-0043EFC25B6B","properties":{"AreaVPath":"$IW_WORKAREA","Brief Description":"","Description":"This task attaches the HTML Fragments generated for certain DCR Types in delete workflow.","Name":"Attach HTML Fragment Task","id":"Attach HTML Fragment Task","CSSclass":"Task","Owner":"$IW_USER","URI":"$IW_CV(ExternalUrlTask)","Retry":"true","Lock":"false","Readonly":"false","Transferonly":"false","Variables":"ClassName=com.interwoven.livesite.spring.workflow.task.DelegatingUrlExternalTaskProxy|TaskBeanId=workflow.task.HtmlFragmentTask|Delete=true","Eafinishop":"","Eastartop":"","Wfvarfinishop":"","Wfvarstartop":"","ActivationCount":"0","Status":"none","Valid":"none","BackgroundColor":"#c0c0c0","TaskType":"ItsURLTask"},"stencil":{"id":"URLTask"},"childShapes":[],"outgoing":[{"resourceId":"oryx_5466DBBB-C7CD-413E-8696-E8C8915803E4"},{"resourceId":"oryx_2E172A41-9D43-4E10-8918-C11B4F8A7642"}],"bounds":{"lowerRight":{"x":580,"y":87},"upperLeft":{"x":480,"y":7}},"dockers":[]},{"resourceId":"oryx_5466DBBB-C7CD-413E-8696-E8C8915803E4","properties":{"Name":"Attach HTML Fragment Task Success","id":"Flow1","Type":"Default"},"stencil":{"id":"Flow"},"childShapes":[],"outgoing":[{"resourceId":"oryx_673D5BDD-330C-40FA-8976-FB87D57FAD6B"}],"bounds":{"lowerRight":{"x":779.78125,"y":48},"upperLeft":{"x":580.21875,"y":46}},"dockers":[{"x":50,"y":40},{"x":50,"y":40}],"target":{"resourceId":"oryx_673D5BDD-330C-40FA-8976-FB87D57FAD6B"}},{"resourceId":"oryx_2E172A41-9D43-4E10-8918-C11B4F8A7642","properties":{"Name":"Attach HTML Fragment Task Failure","id":"Flow2","Type":"Default"},"stencil":{"id":"Flow"},"childShapes":[],"outgoing":[{"resourceId":"oryx_5BE756B0-8456-4475-9E84-63ECC04E55FD"}],"bounds":{"lowerRight":{"x":505,"y":209.296875},"upperLeft":{"x":185,"y":87.6796875}},"dockers":[{"x":25,"y":79},{"x":505,"y":173},{"x":185,"y":173},{"x":50,"y":40}],"target":{"resourceId":"oryx_5BE756B0-8456-4475-9E84-63ECC04E55FD"}},{"resourceId":"oryx_5BE756B0-8456-4475-9E84-63ECC04E55FD","properties":{"AreaVPath":"$IW_WORKAREA","Brief Description":"Resolve Error","Description":"Resolve Error Task","Name":"Review Email Notification Success","id":"Review Email Notification Success","Eafinishop":"","Eastartop":"","Wfvarfinishop":"","Wfvarstartop":"","Lock":"false","Readonly":"false","Transferonly":"false","Owner":"$IW_USER","Variables":"","CSSclass":"Task","ActivationCount":"0","Status":"none","Valid":"none","BackgroundColor":"#c0c0c0","TaskType":"ItsUserTask"},"stencil":{"id":"UserTask"},"childShapes":[],"outgoing":[{"resourceId":"oryx_E50B0666-F62A-4AA4-891F-9DEBF5B7453E"}],"bounds":{"lowerRight":{"x":235,"y":290},"upperLeft":{"x":135,"y":210}},"dockers":[]},{"resourceId":"oryx_673D5BDD-330C-40FA-8976-FB87D57FAD6B","properties":{"AreaVPath":"$IW_WORKAREA","Brief Description":"","Description":"Attach Page Dependencies","Name":"Attach Page Dependencies","id":"Attach Page Dependencies","CSSclass":"Task","Owner":"$IW_USER","URI":"$IW_CV(ExternalUrlTask)","Retry":"true","Lock":"true","Readonly":"false","Transferonly":"false","Variables":"ClassName=com.deere.livesite.workflow.AttachPageDependenciesForDeletionTask|SuccessTransition=Attach Page Dependencies Success|FailureTransition=Attach Page Dependencies Failure|NoFilesAttachedTransition=No Files Attached","Eafinishop":"","Eastartop":"","Wfvarfinishop":"","Wfvarstartop":"","ActivationCount":"0","Status":"none","Valid":"none","BackgroundColor":"#c0c0c0","TaskType":"ItsURLTask"},"stencil":{"id":"URLTask"},"childShapes":[],"outgoing":[{"resourceId":"oryx_9BB6404F-D1B5-4F69-9397-DD18756D7CB4"},{"resourceId":"oryx_C50BE479-8885-4517-8757-45590928C30E"}],"bounds":{"lowerRight":{"x":880,"y":87},"upperLeft":{"x":780,"y":7}},"dockers":[]},{"resourceId":"oryx_9BB6404F-D1B5-4F69-9397-DD18756D7CB4","properties":{"Name":"Attach Page Dependencies Success","id":"Flow6","Type":"Default"},"stencil":{"id":"Flow"},"childShapes":[],"outgoing":[{"resourceId":"oryx_BD489945-3652-4833-9CF6-E8B7F0989936"}],"bounds":{"lowerRight":{"x":1049.4296875,"y":48},"upperLeft":{"x":880.5703125,"y":46}},"dockers":[{"x":50,"y":40},{"x":50,"y":40}],"target":{"resourceId":"oryx_BD489945-3652-4833-9CF6-E8B7F0989936"}},{"resourceId":"oryx_BD489945-3652-4833-9CF6-E8B7F0989936","properties":{"AreaVPath":"$IW_WORKAREA","Brief Description":"","Description":"Send email to review the files attached to the workflow for deletion.","Name":"Review Email Notification Task","id":"Review Email Notification Task","CSSclass":"Task","Owner":"$IW_USER","EMailCommand":"http://$IW_SERVER/iw-cc/urlexternaltask","Retry":"true","Lock":"false","Readonly":"false","Transferonly":"false","Variables":"serverName=preview|mail_subject=Delete Workflow - Review Files for Deletion|ClassName=com.deere.livesite.authoring.workflow.acpw.task.AutomatedDeploymentSuccessNotification|mail_template=/iwadmin/main/config/STAGING/workflow/email/deere/AutomatedFilesDeletionReviewNotification.xsl|target_task_name=Review Email Notification Success","Eafinishop":"","Eastartop":"","Wfvarfinishop":"","Wfvarstartop":"","ActivationCount":"0","Status":"none","Valid":"none","BackgroundColor":"#c0c0c0","TaskType":"ItsEmailTask"},"stencil":{"id":"EmailTask"},"childShapes":[],"outgoing":[{"resourceId":"oryx_257EEE9F-74C6-41B6-94C8-CDA3EEEB10B3"}],"bounds":{"lowerRight":{"x":1150,"y":87},"upperLeft":{"x":1050,"y":7}},"dockers":[]},{"resourceId":"oryx_C50BE479-8885-4517-8757-45590928C30E","properties":{"Name":"Attach Page Dependencies Failure","id":"Flow10","Type":"Default"},"stencil":{"id":"Flow"},"childShapes":[],"outgoing":[{"resourceId":"oryx_5BE756B0-8456-4475-9E84-63ECC04E55FD"}],"bounds":{"lowerRight":{"x":830,"y":250},"upperLeft":{"x":235.130859375,"y":87.6484375}},"dockers":[{"x":50,"y":40},{"x":830,"y":250},{"x":50,"y":40}],"target":{"resourceId":"oryx_5BE756B0-8456-4475-9E84-63ECC04E55FD"}},{"resourceId":"oryx_E50B0666-F62A-4AA4-891F-9DEBF5B7453E","properties":{"Name":"Retry Task","id":"Flow11","Type":"Default"},"stencil":{"id":"Flow"},"childShapes":[],"outgoing":[{"resourceId":"oryx_DABF4031-F89B-4AFF-B05D-0043EFC25B6B"}],"bounds":{"lowerRight":{"x":555,"y":230},"upperLeft":{"x":235.626953125,"y":87.5625}},"dockers":[{"x":99,"y":20},{"x":555,"y":230},{"x":75,"y":79}],"target":{"resourceId":"oryx_DABF4031-F89B-4AFF-B05D-0043EFC25B6B"}},{"resourceId":"oryx_257EEE9F-74C6-41B6-94C8-CDA3EEEB10B3","properties":{"Name":"Review Email Notification Success","id":"Flow12","Type":"Default"},"stencil":{"id":"Flow"},"childShapes":[],"outgoing":[{"resourceId":"oryx_C24FC9DD-12BB-4191-9D8C-41A20BE51C4D"}],"bounds":{"lowerRight":{"x":1394.13671875,"y":48},"upperLeft":{"x":1150.86328125,"y":46}},"dockers":[{"x":50,"y":40},{"x":50,"y":40}],"target":{"resourceId":"oryx_C24FC9DD-12BB-4191-9D8C-41A20BE51C4D"}},{"resourceId":"oryx_C24FC9DD-12BB-4191-9D8C-41A20BE51C4D","properties":{"AreaVPath":"$IW_WORKAREA","Brief Description":"Approval task for Delete workflow","Description":"Delete workflow approval task. Members of the reviewer group for the current branch can approve this task","Name":"Approval Task","id":"Approval Task","CSSclass":"Task","Shared by":"Groups=$IW_CV(ReviewerGroups)","Retain Owner":"false","Lock":"false","Readonly":"true","Transferonly":"false","Variables":"","Eafinishop":"","Eastartop":"","Wfvarfinishop":"","Wfvarstartop":"","ActivationCount":"0","Status":"none","Valid":"none","BackgroundColor":"#c0c0c0","TaskType":"ItsGroupTask"},"stencil":{"id":"GroupTask"},"childShapes":[],"outgoing":[{"resourceId":"oryx_3C74D9B2-E5A2-4681-BA59-0B73D51541ED"},{"resourceId":"oryx_F4AB9293-F589-4957-ABA7-53754DE23093"}],"bounds":{"lowerRight":{"x":1495,"y":87},"upperLeft":{"x":1395,"y":7}},"dockers":[]},{"resourceId":"oryx_F4AB9293-F589-4957-ABA7-53754DE23093","properties":{"Name":"Approve","id":"Flow14","Type":"Default"},"stencil":{"id":"Flow"},"childShapes":[],"outgoing":[{"resourceId":"oryx_0895F7D3-4D35-49A2-A294-7573BE2506D8"}],"bounds":{"lowerRight":{"x":1445,"y":246},"upperLeft":{"x":1100,"y":87.64453125}},"dockers":[{"x":50,"y":40},{"x":1445,"y":246},{"x":1100,"y":246},{"x":50,"y":40}],"target":{"resourceId":"oryx_0895F7D3-4D35-49A2-A294-7573BE2506D8"}},{"resourceId":"oryx_0895F7D3-4D35-49A2-A294-7573BE2506D8","properties":{"AreaVPath":"$IW_WORKAREA","Brief Description":"","Description":"Update Taxonomy for DWS","Name":"DWS Taxonomy update task","id":"DWS Taxonomy update task","CSSclass":"Task","Owner":"$IW_USER","URI":"http://localhost:8080/iw-cc/urlexternaltask","Retry":"true","Lock":"false","Readonly":"false","Transferonly":"false","Variables":"ClassName=com.deere.livesite.authoring.workflow.acpw.task.DWSTaxonomyUpdateTask|ImmediateTransition=true|UrlMappingFolderPath=templatedata/URLMapping/MappingList/data/|IsDeleteWorkflow=true|TargetEnvironment=production|FinalTransition=DWS Taxonomy update complete","Eafinishop":"","Eastartop":"","Wfvarfinishop":"","Wfvarstartop":"","ActivationCount":"0","Status":"none","Valid":"none","BackgroundColor":"#c0c0c0","TaskType":"ItsURLTask"},"stencil":{"id":"URLTask"},"childShapes":[],"outgoing":[{"resourceId":"oryx_09E52B6D-269D-4E78-B0D4-4F5682916E9F"}],"bounds":{"lowerRight":{"x":1150,"y":200},"upperLeft":{"x":1050,"y":120}},"dockers":[]},{"resourceId":"oryx_09E52B6D-269D-4E78-B0D4-4F5682916E9F","properties":{"Name":"DWS Taxonomy update complete","id":"Flow16","Type":"Default"},"stencil":{"id":"Flow"},"childShapes":[],"outgoing":[{"resourceId":"oryx_370AC501-70B7-4CC6-AE74-5226248B535B"}],"bounds":{"lowerRight":{"x":1670,"y":480},"upperLeft":{"x":1150.541015625,"y":160}},"dockers":[{"x":50,"y":40},{"x":1670,"y":160},{"x":50,"y":1}],"target":{"resourceId":"oryx_370AC501-70B7-4CC6-AE74-5226248B535B"}},{"resourceId":"oryx_3C74D9B2-E5A2-4681-BA59-0B73D51541ED","properties":{"Name":"Reject","id":"Flow19","Type":"Default"},"stencil":{"id":"Flow"},"childShapes":[],"outgoing":[{"resourceId":"oryx_E7811E3D-67AF-4D6F-B49D-4977813FA313"}],"bounds":{"lowerRight":{"x":1922.9660034179688,"y":48},"upperLeft":{"x":1495.6112060546875,"y":46}},"dockers":[{"x":88.921875,"y":40},{"x":17,"y":17}],"target":{"resourceId":"oryx_E7811E3D-67AF-4D6F-B49D-4977813FA313"}},{"resourceId":"oryx_370AC501-70B7-4CC6-AE74-5226248B535B","properties":{"AreaVPath":"$IW_WORKAREA","Brief Description":"","Description":"It Checks that CBYO Update required or not","Name":"CBYO Update Check Task","id":"CBYO Update Check Task","CSSclass":"Task","Owner":"$IW_USER","Command":"http://localhost:80/iw-cc/urlexternaltask","Retry":"true","Lock":"false","Readonly":"false","Transferonly":"false","Variables":"ClassName=com.deere.livesite.authoring.workflow.acpw.task.CBYOUpdateCheckTask|RequestType=category","Eafinishop":"","Eastartop":"","Wfvarfinishop":"","Wfvarstartop":"","ActivationCount":"0","Status":"none","Valid":"none","BackgroundColor":"#c0c0c0","TaskType":"ItsExternalTask"},"stencil":{"id":"ExternalTask"},"childShapes":[],"outgoing":[{"resourceId":"oryx_C8C0F577-66C3-4793-8E60-DCE1D1994568"},{"resourceId":"oryx_C6C217E5-64E3-49C0-8A7C-5F45352A4B5B"}],"bounds":{"lowerRight":{"x":1720,"y":560},"upperLeft":{"x":1620,"y":480}},"dockers":[]},{"resourceId":"oryx_C8C0F577-66C3-4793-8E60-DCE1D1994568","properties":{"Name":"CBYO Update Required","id":"Flow3","Type":"Default"},"stencil":{"id":"Flow"},"childShapes":[],"outgoing":[{"resourceId":"oryx_D490FC63-7948-497D-BBCF-586EB7AD1D0F"}],"bounds":{"lowerRight":{"x":1645,"y":480},"upperLeft":{"x":1060.572265625,"y":290}},"dockers":[{"x":25,"y":1},{"x":1645,"y":290},{"x":99,"y":20}],"target":{"resourceId":"oryx_D490FC63-7948-497D-BBCF-586EB7AD1D0F"}},{"resourceId":"oryx_C6C217E5-64E3-49C0-8A7C-5F45352A4B5B","properties":{"Name":"CBYO Update Not Required","id":"Flow7","Type":"Default"},"stencil":{"id":"Flow"},"childShapes":[],"outgoing":[{"resourceId":"oryx_ECF762D0-B660-4CF2-815F-EA24B55FA195"}],"bounds":{"lowerRight":{"x":1620,"y":569.1875},"upperLeft":{"x":1365,"y":520}},"dockers":[{"x":1,"y":40},{"x":1365,"y":520},{"x":75,"y":23}],"target":{"resourceId":"oryx_ECF762D0-B660-4CF2-815F-EA24B55FA195"}},{"resourceId":"oryx_D490FC63-7948-497D-BBCF-586EB7AD1D0F","properties":{"AreaVPath":"$IW_WORKAREA","Brief Description":"","Description":"Updates Taxonomy for CBYO","Name":"Taxonomy Update Task","id":"Taxonomy Update Task","CSSclass":"Task","Owner":"$IW_USER","Command":"http://localhost:80/iw-cc/urlexternaltask","Retry":"true","Lock":"false","Readonly":"false","Transferonly":"false","Variables":"ClassName=com.deere.livesite.authoring.workflow.acpw.task.delete.TaxonomyDeleteNode|RequestType=|isDelete=true","Eafinishop":"","Eastartop":"","Wfvarfinishop":"","Wfvarstartop":"","ActivationCount":"0","Status":"none","Valid":"none","BackgroundColor":"#c0c0c0","TaskType":"ItsExternalTask"},"stencil":{"id":"ExternalTask"},"childShapes":[],"outgoing":[{"resourceId":"oryx_527C7A19-E58E-4E5A-8EA0-93CD8971EB26"},{"resourceId":"oryx_63AB9F91-C3E9-438F-AEEB-1827FB269C0A"}],"bounds":{"lowerRight":{"x":1060,"y":350},"upperLeft":{"x":960,"y":270}},"dockers":[]},{"resourceId":"oryx_1509849B-8882-4A44-87C1-163A142D0CDF","properties":{"AreaVPath":"$IW_WORKAREA","Brief Description":"","Description":"Deploy Taxonomy Data to Database","Name":"Taxonomy Deployment","id":"Taxonomy Deployment","CSSclass":"Task","Owner":"$IW_USER","Command":"http://localhost:80/iw-cc/urlexternaltask?successTransition=Taxonomy+Deployment+Success&amp;failureTransition=Taxonomy+Deployment+Failure","Retry":"true","Lock":"false","Readonly":"false","Transferonly":"false","Variables":"odSubst_iwdd=CustomTaxonomyData|odDeploymentName=custom_taxonomy_dd|odDeploymentInst=|odSubst_user=|ClassName=com.interwoven.ui.teamsite.workflow.task.urltask.DeployURLExternalTask|odSubst_area=","Eafinishop":"","Eastartop":"","Wfvarfinishop":"","Wfvarstartop":"","ActivationCount":"0","Status":"none","Valid":"none","BackgroundColor":"#c0c0c0","TaskType":"ItsExternalTask"},"stencil":{"id":"ExternalTask"},"childShapes":[],"outgoing":[{"resourceId":"oryx_0DC9439C-1AEF-4DAF-89A0-DB622D9920F8"},{"resourceId":"oryx_B028D720-E6A6-40BF-A6A0-A03926AC0DCB"}],"bounds":{"lowerRight":{"x":1060,"y":635},"upperLeft":{"x":960,"y":555}},"dockers":[]},{"resourceId":"oryx_527C7A19-E58E-4E5A-8EA0-93CD8971EB26","properties":{"Name":"CBYO Taxonomy Update Success","id":"Flow13","Type":"Default"},"stencil":{"id":"Flow"},"childShapes":[],"outgoing":[{"resourceId":"oryx_1509849B-8882-4A44-87C1-163A142D0CDF"}],"bounds":{"lowerRight":{"x":1011,"y":554.478515625},"upperLeft":{"x":1009,"y":350.521484375}},"dockers":[{"x":50,"y":40},{"x":50,"y":40}],"target":{"resourceId":"oryx_1509849B-8882-4A44-87C1-163A142D0CDF"}},{"resourceId":"oryx_B028D720-E6A6-40BF-A6A0-A03926AC0DCB","properties":{"Name":"Taxonomy Deployment Success","id":"Flow15","Type":"Default"},"stencil":{"id":"Flow"},"childShapes":[],"outgoing":[{"resourceId":"oryx_F3E22631-E14B-42C7-9953-A40538F182C8"}],"bounds":{"lowerRight":{"x":1220,"y":854.9765625},"upperLeft":{"x":1010,"y":635.53125}},"dockers":[{"x":50,"y":40},{"x":1010,"y":710},{"x":1220,"y":710},{"x":50,"y":40}],"target":{"resourceId":"oryx_F3E22631-E14B-42C7-9953-A40538F182C8"}},{"resourceId":"oryx_F3E22631-E14B-42C7-9953-A40538F182C8","properties":{"AreaVPath":"$IW_WORKAREA","Brief Description":"","Description":"Updates the CBYO Databse","Name":"CBYO Update Task","id":"CBYO Update Task","CSSclass":"Task","Owner":"$IW_USER","Command":"http://localhost:80/iw-cc/urlexternaltask","Retry":"true","Lock":"false","Readonly":"false","Transferonly":"false","Variables":"ClassName=com.deere.livesite.authoring.workflow.acpw.task.delete.CBYOUpdateTask|serverName=preview|CBYOServiceEndpoint=http://dce-tsapi-d.tal.deere.com/tscapi/cbyo/updateDB|RequestType=|ProductionURL=$IW_CV(ProductionURL)|PreviewURL=$IW_CV(PreviewURL)","Eafinishop":"","Eastartop":"","Wfvarfinishop":"","Wfvarstartop":"","ActivationCount":"0","Status":"none","Valid":"none","BackgroundColor":"#c0c0c0","TaskType":"ItsExternalTask"},"stencil":{"id":"ExternalTask"},"childShapes":[],"outgoing":[{"resourceId":"oryx_F6D9C61D-3B63-41C3-9B6F-B93F7B873775"}],"bounds":{"lowerRight":{"x":1270,"y":935},"upperLeft":{"x":1170,"y":855}},"dockers":[]},{"resourceId":"oryx_ECF762D0-B660-4CF2-815F-EA24B55FA195","properties":{"AreaVPath":"$IW_WORKAREA","Brief Description":"","Description":"Sends request to update Velocity Search","Name":"Velocity Search Update Task","id":"Velocity Search Update Task","CSSclass":"Task","Owner":"$IW_USER","Command":"http://localhost:80/iw-cc/urlexternaltask","Retry":"true","Lock":"false","Readonly":"false","Transferonly":"false","Variables":"FailureTransition=Velocity Search Update Failure|ExcludePagePatterns=|ClassName=com.deere.livesite.workflow.delete.VelocitySearchUpdateTask|serverName=|isDelete=true|ProductionURL=$IW_CV(ProductionURL)|HtmlFileListPath=|LocalesRegionFile=/iwadmin/main/deere/syndication/STAGING/templatedata/CustomData/NameValueList/data/locales_region.xml|Operation=delete|SuccessTransition=Velocity Search Update Success|VelocitySearchUpdateEndpoint=http://dce-tsapi-d.tal.deere.com/tscapi/velocity/search|isProdDeploymentInitiated=false|PreviewURL=$IW_CV(PreviewURL)","Eafinishop":"","Eastartop":"","Wfvarfinishop":"","Wfvarstartop":"","ActivationCount":"0","Status":"none","Valid":"none","BackgroundColor":"#c0c0c0","TaskType":"ItsExternalTask"},"stencil":{"id":"ExternalTask"},"childShapes":[],"outgoing":[{"resourceId":"oryx_14DE21F3-F585-4933-A9DA-6AC8FE4FEE27"},{"resourceId":"oryx_552A9CDB-BCFF-423F-9051-502A87A11A39"},{"resourceId":"oryx_6F2F4AB9-1BFB-42E8-A710-2DCDF1A95287"}],"bounds":{"lowerRight":{"x":1390,"y":650},"upperLeft":{"x":1290,"y":570}},"dockers":[]},{"resourceId":"oryx_63AB9F91-C3E9-438F-AEEB-1827FB269C0A","properties":{"Name":"CBYO Taxonomy Update Not Required","id":"Flow18","Type":"Default"},"stencil":{"id":"Flow"},"childShapes":[],"outgoing":[{"resourceId":"oryx_ECF762D0-B660-4CF2-815F-EA24B55FA195"}],"bounds":{"lowerRight":{"x":1340,"y":570},"upperLeft":{"x":1060.1169299254466,"y":329}},"dockers":[{"x":86.505859375,"y":60},{"x":1340,"y":329},{"x":50,"y":1}],"target":{"resourceId":"oryx_ECF762D0-B660-4CF2-815F-EA24B55FA195"}},{"resourceId":"oryx_0DC9439C-1AEF-4DAF-89A0-DB622D9920F8","properties":{"Name":"Taxonomy Deployment Failure","id":"Flow20","Type":"Default"},"stencil":{"id":"Flow"},"childShapes":[],"outgoing":[{"resourceId":"oryx_ECF762D0-B660-4CF2-815F-EA24B55FA195"}],"bounds":{"lowerRight":{"x":1290,"y":590},"upperLeft":{"x":1060.2723822548323,"y":575}},"dockers":[{"x":88.39200793691089,"y":20},{"x":1175,"y":575},{"x":1175,"y":590},{"x":1,"y":20}],"target":{"resourceId":"oryx_ECF762D0-B660-4CF2-815F-EA24B55FA195"}},{"resourceId":"oryx_F6D9C61D-3B63-41C3-9B6F-B93F7B873775","properties":{"Name":"CBYO Update Success","id":"Flow21","Type":"Default"},"stencil":{"id":"Flow"},"childShapes":[],"outgoing":[{"resourceId":"oryx_ECF762D0-B660-4CF2-815F-EA24B55FA195"}],"bounds":{"lowerRight":{"x":1340,"y":895},"upperLeft":{"x":1270.7314453125,"y":650.521484375}},"dockers":[{"x":54.6875,"y":40},{"x":1340,"y":895},{"x":50,"y":40}],"target":{"resourceId":"oryx_ECF762D0-B660-4CF2-815F-EA24B55FA195"}},{"resourceId":"oryx_6A99B5C6-5E83-4225-8E7C-EB691ABA6812","properties":{"Name":"Success","id":"Flow25","Type":"Default"},"stencil":{"id":"Flow"},"childShapes":[],"outgoing":[{"resourceId":"oryx_06B0E330-A02B-4761-9A2B-F1EE7A7DF770"}],"bounds":{"lowerRight":{"x":1619.37109375,"y":1226},"upperLeft":{"x":1555.62890625,"y":1224}},"dockers":[{"x":50,"y":40},{"x":50,"y":40}],"target":{"resourceId":"oryx_06B0E330-A02B-4761-9A2B-F1EE7A7DF770"}},{"resourceId":"oryx_2FFCC1E1-EBD0-470A-B569-3BCB0F9C0918","properties":{"AreaVPath":"$IW_WORKAREA","Brief Description":"","Description":"Akmai Cache Invalidation for Preview","Name":"AkmaiCacheInvalidationTask","id":"AkmaiCacheInvalidationTask","CSSclass":"Task","Owner":"$IW_USER","URI":"$IW_CV(ExternalUrlTask)","Retry":"true","Lock":"false","Readonly":"false","Transferonly":"false","Variables":"ClassName=com.deere.livesite.authoring.workflow.acpw.task.delete.AkmaiCacheInvalidationTask|File=file|RestURL=$IW_CV(RestURL)|WebURL=$IW_CV(PreviewURL)","Eafinishop":"","Eastartop":"","Wfvarfinishop":"","Wfvarstartop":"","ActivationCount":"0","Status":"none","Valid":"none","BackgroundColor":"#c0c0c0","TaskType":"ItsURLTask"},"stencil":{"id":"URLTask"},"childShapes":[],"outgoing":[{"resourceId":"oryx_DEECB0ED-9EB5-4892-8921-DAC01E9399BE"}],"bounds":{"lowerRight":{"x":1390,"y":1265},"upperLeft":{"x":1290,"y":1185}},"dockers":[]},{"resourceId":"oryx_DEECB0ED-9EB5-4892-8921-DAC01E9399BE","properties":{"Name":"Success","id":"Flow28","Type":"Default"},"stencil":{"id":"Flow"},"childShapes":[],"outgoing":[{"resourceId":"oryx_0B536F11-3CB7-4E84-8620-0166AFC5B3DE"}],"bounds":{"lowerRight":{"x":1454.37109375,"y":1226},"upperLeft":{"x":1390.62890625,"y":1224}},"dockers":[{"x":50,"y":40},{"x":50,"y":40}],"target":{"resourceId":"oryx_0B536F11-3CB7-4E84-8620-0166AFC5B3DE"}},{"resourceId":"oryx_0B536F11-3CB7-4E84-8620-0166AFC5B3DE","properties":{"AreaVPath":"$IW_WORKAREA","Brief Description":"","Description":"Invalidate akamai cache for production.","Name":"Akamai Cache Invalidation Task for Production","id":"Akamai Cache Invalidation Task for Production","CSSclass":"Task","Owner":"$IW_USER","URI":"$IW_CV(ExternalUrlTask)","Retry":"true","Lock":"false","Readonly":"false","Transferonly":"false","Variables":"ClassName=com.deere.livesite.authoring.workflow.acpw.task.delete.AkmaiCacheInvalidationTask|RestURL=$IW_CV(RestURL)|WebURL=$IW_CV(ProductionURL)|File=file","Eafinishop":"","Eastartop":"","Wfvarfinishop":"","Wfvarstartop":"","ActivationCount":"0","Status":"none","Valid":"none","BackgroundColor":"#c0c0c0","TaskType":"ItsURLTask"},"stencil":{"id":"URLTask"},"childShapes":[],"outgoing":[{"resourceId":"oryx_6A99B5C6-5E83-4225-8E7C-EB691ABA6812"}],"bounds":{"lowerRight":{"x":1555,"y":1265},"upperLeft":{"x":1455,"y":1185}},"dockers":[]},{"resourceId":"oryx_95085B60-CA64-4AE2-B951-FE762BD05C5A","properties":{"AreaVPath":"$IW_WORKAREA","Brief Description":"","Description":"This task deletes the files.","Name":"Delete Files","id":"Delete Files","CSSclass":"Task","Owner":"$IW_CV(UserForDeleteTask)","URI":"$IW_CV(ExternalUrlTask)","Retry":"true","Lock":"false","Readonly":"false","Transferonly":"false","Variables":"ClassName=com.deere.livesite.workflow.delete.DeleteFilesTask|SuccessTransition=Delete Files Success|FailureTransition=Delete Files Failure|FileListPath=/tmp","Eafinishop":"","Eastartop":"","Wfvarfinishop":"","Wfvarstartop":"set:ErrorTaskName=Retry Delete Files","ActivationCount":"0","Status":"none","Valid":"none","BackgroundColor":"#c0c0c0","TaskType":"ItsURLTask"},"stencil":{"id":"URLTask"},"childShapes":[],"outgoing":[{"resourceId":"oryx_88A14000-3C3E-4301-AA5A-EDA41CB8373D"},{"resourceId":"oryx_EEAE8A6F-8488-4148-852E-AE53BF0635E9"}],"bounds":{"lowerRight":{"x":865,"y":695},"upperLeft":{"x":765,"y":615}},"dockers":[]},{"resourceId":"oryx_6F2F4AB9-1BFB-42E8-A710-2DCDF1A95287","properties":{"Name":"Velocity Search Update Success","id":"Flow40","Type":"Default"},"stencil":{"id":"Flow"},"childShapes":[],"outgoing":[{"resourceId":"oryx_95085B60-CA64-4AE2-B951-FE762BD05C5A"}],"bounds":{"lowerRight":{"x":1289.40625,"y":655},"upperLeft":{"x":865.5390625,"y":630}},"dockers":[{"x":14,"y":60},{"x":1188,"y":630},{"x":1188,"y":655},{"x":50,"y":40}],"target":{"resourceId":"oryx_95085B60-CA64-4AE2-B951-FE762BD05C5A"}},{"resourceId":"oryx_F31EE751-AA47-4615-9C2B-E76A5C59EB85","properties":{"AreaVPath":"$IW_WORKAREA","Brief Description":"","Description":"Resolve Error","Name":"Resolve Error","id":"Resolve Error","Eafinishop":"","Eastartop":"","Wfvarfinishop":"","Wfvarstartop":"","Lock":"false","Readonly":"false","Transferonly":"false","Owner":"$IW_USER","Variables":"","CSSclass":"Task","ActivationCount":"0","Status":"none","Valid":"none","BackgroundColor":"#c0c0c0","TaskType":"ItsUserTask"},"stencil":{"id":"UserTask"},"childShapes":[],"outgoing":[{"resourceId":"oryx_DA5E5086-2D8D-4AFA-8E1F-9B0EB96FAB97"}],"bounds":{"lowerRight":{"x":385,"y":560},"upperLeft":{"x":285,"y":480}},"dockers":[]},{"resourceId":"oryx_88A14000-3C3E-4301-AA5A-EDA41CB8373D","properties":{"Name":"Delete Files Failure","id":"Flow42","Type":"Default"},"stencil":{"id":"Flow"},"childShapes":[],"outgoing":[{"resourceId":"oryx_F31EE751-AA47-4615-9C2B-E76A5C59EB85"}],"bounds":{"lowerRight":{"x":815,"y":614.46875},"upperLeft":{"x":385.841796875,"y":540}},"dockers":[{"x":50,"y":40},{"x":815,"y":540},{"x":99,"y":60}],"target":{"resourceId":"oryx_F31EE751-AA47-4615-9C2B-E76A5C59EB85"}},{"resourceId":"oryx_7CE64E4C-7E45-4B87-B769-E33F91A5694B","properties":{"AreaVPath":"$IW_WORKAREA","Brief Description":"","Description":"Preview Deployment Task","Name":"Preview Deployment Task","id":"Preview Deployment Task","CSSclass":"Task","Owner":"$IW_USER","DeployCommand":"http://$IW_SERVER/iw-cc/urlexternaltask","OD Variables":"targetPath=$IW_CV(targetPathPreview)|targetFragmentPath=$IW_CV(targetFragmentPathPreview)|sitesFolderPath=$IW_CV(sitesFolderPath)|excludePattern=*./sitemap.xml","Retry":"false","Lock":"false","Readonly":"false","Transferonly":"false","Variables":"ClassName=com.deere.livesite.workflow.CustomDeploymentTask|ImmediateTransition=true|odDeploymentInst=_preview_$IW_USER|odDeploymentName=$IW_CV(ODDeploymentScriptName)","Eafinishop":"","Eastartop":"","Wfvarfinishop":"","Wfvarstartop":"set:ErrorTaskName=Retry Preview Deployment","ActivationCount":"0","Status":"none","Valid":"none","BackgroundColor":"#c0c0c0","TaskType":"ItsDeployTask"},"stencil":{"id":"DeployTask"},"childShapes":[],"outgoing":[{"resourceId":"oryx_5C79D425-88D3-4C1A-BFDE-57C93E963A15"},{"resourceId":"oryx_E1278770-BB79-4ACD-B62A-DBA9C206F953"}],"bounds":{"lowerRight":{"x":805,"y":1400},"upperLeft":{"x":705,"y":1320}},"dockers":[]},{"resourceId":"oryx_EEAE8A6F-8488-4148-852E-AE53BF0635E9","properties":{"Name":"Delete Files Success","id":"Flow45","Type":"Default"},"stencil":{"id":"Flow"},"childShapes":[],"outgoing":[{"resourceId":"oryx_8C6478F9-A26F-4A81-8289-D961D4D3479B"}],"bounds":{"lowerRight":{"x":764.4296875,"y":809.390625},"upperLeft":{"x":680,"y":655}},"dockers":[{"x":50,"y":40},{"x":680,"y":655},{"x":50,"y":40}],"target":{"resourceId":"oryx_8C6478F9-A26F-4A81-8289-D961D4D3479B"}},{"resourceId":"oryx_A99073BA-35F2-4E70-90F9-E01AF85787D7","properties":{"AreaVPath":"$IW_WORKAREA","Brief Description":"","Description":"Production Deployment","Name":"Production Deployment Task","id":"Production Deployment Task","CSSclass":"Task","Owner":"$IW_USER","DeployCommand":"http://$IW_SERVER/iw-cc/urlexternaltask","OD Variables":"targetPath=$IW_CV(targetPathProd)|targetFragmentPath=$IW_CV(targetFragmentPathProd)|sitesFolderPath=$IW_CV(sitesFolderPath)|excludePattern=.*preview_sitemap.xml","Retry":"false","Lock":"false","Readonly":"false","Transferonly":"false","Variables":"ClassName=com.deere.livesite.workflow.CustomDeploymentTask|ImmediateTransition=true|odDeploymentInst=_prod_$IW_USER|odDeploymentName=$IW_CV(ODDeploymentScriptName)","Eafinishop":"","Eastartop":"","Wfvarfinishop":"","Wfvarstartop":"set:ErrorTaskName=Retry Production Deployment","ActivationCount":"0","Status":"none","Valid":"none","BackgroundColor":"#c0c0c0","TaskType":"ItsDeployTask"},"stencil":{"id":"DeployTask"},"childShapes":[],"outgoing":[{"resourceId":"oryx_2DC8C094-3F89-43C3-8DA3-A50B05862CF0"},{"resourceId":"oryx_F1C3E41A-D0CC-490C-8EE7-E990AA52FAD8"}],"bounds":{"lowerRight":{"x":730,"y":1535},"upperLeft":{"x":630,"y":1455}},"dockers":[]},{"resourceId":"oryx_E1278770-BB79-4ACD-B62A-DBA9C206F953","properties":{"Name":"Preview Deployment Success","id":"Flow47","Type":"Success"},"stencil":{"id":"SuccessLink"},"childShapes":[],"outgoing":[{"resourceId":"oryx_43A08FF8-4A27-4E2C-B254-0C10DDDDC60D"}],"bounds":{"lowerRight":{"x":980,"y":1360},"upperLeft":{"x":805.21875,"y":1265.0234375}},"dockers":[{"x":50,"y":40},{"x":980,"y":1360},{"x":50,"y":40}],"target":{"resourceId":"oryx_43A08FF8-4A27-4E2C-B254-0C10DDDDC60D"}},{"resourceId":"oryx_5C79D425-88D3-4C1A-BFDE-57C93E963A15","properties":{"Name":"Preview Deployment Failure","id":"Flow48","Type":"Failure"},"stencil":{"id":"FailureLink"},"childShapes":[],"outgoing":[{"resourceId":"oryx_E32D9FCF-09DD-40CF-90FA-040356649158"}],"bounds":{"lowerRight":{"x":704.3710519441946,"y":1360},"upperLeft":{"x":424.99972201854024,"y":1130.0234374999995}},"dockers":[{"x":50,"y":40},{"x":424.99972201854024,"y":1360},{"x":50,"y":40}],"target":{"resourceId":"oryx_E32D9FCF-09DD-40CF-90FA-040356649158"}},{"resourceId":"oryx_6AC6C928-BEBB-4C3D-917A-DC2CD8E55E7A","properties":{"AreaVPath":"$IW_WORKAREA","Brief Description":"","Description":"Retry After Error","Name":"Retry After Error","id":"Retry After Error","CSSclass":"Task","Owner":"$IW_USER","URI":"$IW_CV(ExternalUrlTask)","Retry":"true","Lock":"false","Readonly":"false","Transferonly":"false","Variables":"ClassName=com.deere.livesite.workflow.RetryHandlerTask","Eafinishop":"","Eastartop":"","Wfvarfinishop":"","Wfvarstartop":"","ActivationCount":"0","Status":"none","Valid":"none","BackgroundColor":"#c0c0c0","TaskType":"ItsURLTask"},"stencil":{"id":"URLTask"},"childShapes":[],"outgoing":[{"resourceId":"oryx_F0BC3A3A-62CB-4746-91CA-2E8EE0ECF3CE"},{"resourceId":"oryx_20C8C113-64AA-410F-AEAA-186427850D57"},{"resourceId":"oryx_BAD9ED27-BD06-4ADA-B46B-93B7D0788F6A"}],"bounds":{"lowerRight":{"x":250,"y":395},"upperLeft":{"x":150,"y":315}},"dockers":[]},{"resourceId":"oryx_DA5E5086-2D8D-4AFA-8E1F-9B0EB96FAB97","properties":{"Name":"Retry","id":"Flow50","Type":"Default"},"stencil":{"id":"Flow"},"childShapes":[],"outgoing":[{"resourceId":"oryx_6AC6C928-BEBB-4C3D-917A-DC2CD8E55E7A"}],"bounds":{"lowerRight":{"x":335,"y":479.0390625},"upperLeft":{"x":250.5703125,"y":355}},"dockers":[{"x":50,"y":40},{"x":335,"y":355},{"x":50,"y":40}],"target":{"resourceId":"oryx_6AC6C928-BEBB-4C3D-917A-DC2CD8E55E7A"}},{"resourceId":"oryx_F0BC3A3A-62CB-4746-91CA-2E8EE0ECF3CE","properties":{"Name":"Retry Preview Deployment","id":"Flow52","Type":"Default"},"stencil":{"id":"Flow"},"childShapes":[],"outgoing":[{"resourceId":"oryx_7CE64E4C-7E45-4B87-B769-E33F91A5694B"}],"bounds":{"lowerRight":{"x":704.6015625,"y":1380},"upperLeft":{"x":229,"y":395.0781021118164}},"dockers":[{"x":79,"y":70.3359375},{"x":229,"y":1380},{"x":14,"y":60}],"target":{"resourceId":"oryx_7CE64E4C-7E45-4B87-B769-E33F91A5694B"}},{"resourceId":"oryx_F1C3E41A-D0CC-490C-8EE7-E990AA52FAD8","properties":{"Name":"Production Deployment Failure","id":"Flow53","Type":"Failure"},"stencil":{"id":"FailureLink"},"childShapes":[],"outgoing":[{"resourceId":"oryx_D093D0A3-2ED1-4281-A9C9-FD668AC28AA6"}],"bounds":{"lowerRight":{"x":629.428865083254,"y":1481},"upperLeft":{"x":385.5029160511903,"y":1479}},"dockers":[{"x":11.493018209440947,"y":25},{"x":99,"y":40}],"target":{"resourceId":"oryx_D093D0A3-2ED1-4281-A9C9-FD668AC28AA6"}},{"resourceId":"oryx_20C8C113-64AA-410F-AEAA-186427850D57","properties":{"Name":"Retry Production Deployment","id":"Flow54","Type":"Default"},"stencil":{"id":"Flow"},"childShapes":[],"outgoing":[{"resourceId":"oryx_A99073BA-35F2-4E70-90F9-E01AF85787D7"}],"bounds":{"lowerRight":{"x":629.1171875,"y":1534},"upperLeft":{"x":200,"y":395.556640625}},"dockers":[{"x":50,"y":79},{"x":200,"y":1534},{"x":25,"y":79}],"target":{"resourceId":"oryx_A99073BA-35F2-4E70-90F9-E01AF85787D7"}},{"resourceId":"oryx_2DC8C094-3F89-43C3-8DA3-A50B05862CF0","properties":{"Name":"Production Deployment Success","id":"Flow55","Type":"Success"},"stencil":{"id":"SuccessLink"},"childShapes":[],"outgoing":[{"resourceId":"oryx_944E36D5-6554-4F43-B665-96740DE6A74A"}],"bounds":{"lowerRight":{"x":1289.5871567138304,"y":1576},"upperLeft":{"x":680,"y":1535.234375}},"dockers":[{"x":50,"y":40},{"x":680,"y":1576},{"x":13.371135069752881,"y":46}],"target":{"resourceId":"oryx_944E36D5-6554-4F43-B665-96740DE6A74A"}},{"resourceId":"oryx_8C6478F9-A26F-4A81-8289-D961D4D3479B","properties":{"AreaVPath":"$IW_WORKAREA","Brief Description":"","Description":"This task deletes the entry of a page from the preview SItemap.","Name":"Preview Sitemap","id":"Preview Sitemap","CSSclass":"Task","Owner":"$IW_USER","URI":"$IW_CV(ExternalUrlTask)","Retry":"true","Lock":"false","Readonly":"false","Transferonly":"false","Variables":"Delete=true|ClassName=com.deere.livesite.authoring.workflow.SiteMapTask|DomainName=$IW_CV(PreviewSitemapDomainName)|SiteMapFileName=$IW_CV(PreviewSiteMapFileName)|SitemapWaitTransitionName=Wait Preview Sitemap Task|SuccessTransitionName=Preview Sitemap Success|SitemapNameSpaceURI=$IW_CV(SitemapNameSpaceURI)","Eafinishop":"","Eastartop":"","Wfvarfinishop":"","Wfvarstartop":"","ActivationCount":"0","Status":"none","Valid":"none","BackgroundColor":"#c0c0c0","TaskType":"ItsURLTask"},"stencil":{"id":"URLTask"},"childShapes":[],"outgoing":[{"resourceId":"oryx_D1BBFA36-6D7C-4C97-9687-0BD9414FDBF8"},{"resourceId":"oryx_CE796E0D-A769-4BC6-BAEE-A9AA21426194"}],"bounds":{"lowerRight":{"x":730,"y":890},"upperLeft":{"x":630,"y":810}},"dockers":[]},{"resourceId":"oryx_CE796E0D-A769-4BC6-BAEE-A9AA21426194","properties":{"Name":"Preview Sitemap Success","id":"Flow58","Type":"Default"},"stencil":{"id":"Flow"},"childShapes":[],"outgoing":[{"resourceId":"oryx_7CE64E4C-7E45-4B87-B769-E33F91A5694B"}],"bounds":{"lowerRight":{"x":780,"y":1320},"upperLeft":{"x":731,"y":850}},"dockers":[{"x":50,"y":40},{"x":780,"y":850},{"x":75,"y":1}],"target":{"resourceId":"oryx_7CE64E4C-7E45-4B87-B769-E33F91A5694B"}},{"resourceId":"oryx_6E2FEC17-E7A8-4483-AAB9-B4293C016855","properties":{"AreaVPath":"$IW_WORKAREA","Brief Description":"","Description":"This task deletes the entry of a page from the production SItemap.","Name":"Production Sitemap","id":"Production Sitemap","CSSclass":"Task","Owner":"$IW_USER","URI":"$IW_CV(ExternalUrlTask)","Retry":"true","Lock":"false","Readonly":"false","Transferonly":"false","Variables":"SuccessTransitionName=Production Sitemap Success|SitemapWaitTransitionName=Wait Production Sitemap Task|DomainName=$IW_CV(DomainNameSiteMap)|Delete=true|SitemapNameSpaceURI=$IW_CV(SitemapNameSpaceURI)|SiteMapFileName=$IW_CV(ProdSiteMapFileName)|ClassName=com.deere.livesite.authoring.workflow.SiteMapTask","Eafinishop":"","Eastartop":"","Wfvarfinishop":"","Wfvarstartop":"","ActivationCount":"0","Status":"none","Valid":"none","BackgroundColor":"#c0c0c0","TaskType":"ItsURLTask"},"stencil":{"id":"URLTask"},"childShapes":[],"outgoing":[{"resourceId":"oryx_DE5FAD7B-CF6D-4323-AFD6-2B021E0E9A84"},{"resourceId":"oryx_D2CABB65-46C7-4EE2-82DE-9290C6AA89DA"}],"bounds":{"lowerRight":{"x":1165,"y":1055},"upperLeft":{"x":1065,"y":975}},"dockers":[]},{"resourceId":"oryx_D2CABB65-46C7-4EE2-82DE-9290C6AA89DA","properties":{"Name":"Production Sitemap Success","id":"Flow60","Type":"Default"},"stencil":{"id":"Flow"},"childShapes":[],"outgoing":[{"resourceId":"oryx_A99073BA-35F2-4E70-90F9-E01AF85787D7"}],"bounds":{"lowerRight":{"x":1115,"y":1475},"upperLeft":{"x":730.524040222168,"y":1055.53125}},"dockers":[{"x":50,"y":40},{"x":1115,"y":1475},{"x":84.66796875,"y":20}],"target":{"resourceId":"oryx_A99073BA-35F2-4E70-90F9-E01AF85787D7"}},{"resourceId":"oryx_C5BB53DF-3DAC-4CA2-97FB-B4B23EF0E325","properties":{"Brief Description":"This task waits for the lock on preview sitemap.xml.","Description":"This task waits to get the lock on preview sitemap.xml file as it is getting updated concurrently by users.","Name":"Preview SiteMap Wait For Lock Task","id":"Preview SiteMap Wait For Lock Task","Variables":"","Eafinishop":"","Eastartop":"","Wfvarfinishop":"","Wfvarstartop":"","ActivationCount":"0","Status":"none","Valid":"none","BackgroundColor":"#c0c0c0","TaskType":"ItsDummyTask","CSSclass":"Task"},"stencil":{"id":"DummyTask"},"childShapes":[],"outgoing":[{"resourceId":"oryx_32255F1D-33CD-4380-A38F-C55508B47A21"}],"bounds":{"lowerRight":{"x":730,"y":1235},"upperLeft":{"x":630,"y":1155}},"dockers":[]},{"resourceId":"oryx_5F896D50-7515-43F6-AFFD-04CCA2520BB7","properties":{"Brief Description":"","Description":"This task waits for lock on production sitemap.xml file as it is getting updated concurrently by users.","Name":"Production Sitemap Wait For Lock Task","id":"Production Sitemap Wait For Lock Task","Variables":"","Eafinishop":"","Eastartop":"","Wfvarfinishop":"","Wfvarstartop":"","ActivationCount":"0","Status":"none","Valid":"none","BackgroundColor":"#c0c0c0","TaskType":"ItsDummyTask","CSSclass":"Task"},"stencil":{"id":"DummyTask"},"childShapes":[],"outgoing":[{"resourceId":"oryx_70B87D51-6BCA-4896-833A-CBD9F844188E"}],"bounds":{"lowerRight":{"x":1555,"y":1055},"upperLeft":{"x":1455,"y":975}},"dockers":[]},{"resourceId":"oryx_D1BBFA36-6D7C-4C97-9687-0BD9414FDBF8","properties":{"Name":"Wait Preview Sitemap Task","id":"Flow63","Type":"Default"},"stencil":{"id":"Flow"},"childShapes":[],"outgoing":[{"resourceId":"oryx_C5BB53DF-3DAC-4CA2-97FB-B4B23EF0E325"}],"bounds":{"lowerRight":{"x":656,"y":1154.4337572001073},"upperLeft":{"x":654,"y":890.2068135318659}},"dockers":[{"x":25,"y":65.16407364606857},{"x":25,"y":19.742524543078616}],"target":{"resourceId":"oryx_C5BB53DF-3DAC-4CA2-97FB-B4B23EF0E325"}},{"resourceId":"oryx_32255F1D-33CD-4380-A38F-C55508B47A21","properties":{"Name":"Preview SiteMap Wait For Lock TimeOut Task","id":"Flow64","Type":"Timeout","Timeout Duration":"+000000"},"stencil":{"id":"TimeoutLink"},"childShapes":[],"outgoing":[{"resourceId":"oryx_8C6478F9-A26F-4A81-8289-D961D4D3479B"}],"bounds":{"lowerRight":{"x":706,"y":1154.1396026611328},"upperLeft":{"x":704,"y":890.9448852539062}},"dockers":[{"x":75,"y":20},{"x":75,"y":65.92578125}],"target":{"resourceId":"oryx_8C6478F9-A26F-4A81-8289-D961D4D3479B"}},{"resourceId":"oryx_DE5FAD7B-CF6D-4323-AFD6-2B021E0E9A84","properties":{"Name":"Wait Production Sitemap Task","id":"Flow67","Type":"Default"},"stencil":{"id":"Flow"},"childShapes":[],"outgoing":[{"resourceId":"oryx_5F896D50-7515-43F6-AFFD-04CCA2520BB7"}],"bounds":{"lowerRight":{"x":1455,"y":1036},"upperLeft":{"x":1165.5703125,"y":1034}},"dockers":[{"x":99,"y":60},{"x":1,"y":60}],"target":{"resourceId":"oryx_5F896D50-7515-43F6-AFFD-04CCA2520BB7"}},{"resourceId":"oryx_70B87D51-6BCA-4896-833A-CBD9F844188E","properties":{"Name":"Production SiteMap Wait For Lock TimeOut Task","id":"Flow68","Type":"Timeout","Timeout Duration":"+000000"},"stencil":{"id":"TimeoutLink"},"childShapes":[],"outgoing":[{"resourceId":"oryx_6E2FEC17-E7A8-4483-AAB9-B4293C016855"}],"bounds":{"lowerRight":{"x":1454.640609741211,"y":996},"upperLeft":{"x":1165.5769691467285,"y":994}},"dockers":[{"x":13,"y":20},{"x":86.599609375,"y":20}],"target":{"resourceId":"oryx_6E2FEC17-E7A8-4483-AAB9-B4293C016855"}},{"resourceId":"oryx_06B0E330-A02B-4761-9A2B-F1EE7A7DF770","properties":{"AreaVPath":"$IW_WORKAREA","Brief Description":"","Description":"This task deletes the entries for fragment pages from edition-data/*.json.","Name":"Export JSON For Fragments","id":"Export JSON For Fragments","CSSclass":"Task","Owner":"$IW_USER","URI":"$IW_CV(ExternalUrlTask)","Retry":"true","Lock":"false","Readonly":"false","Transferonly":"false","Variables":"TaskBeanId=workflow.task.ExportContentTask|ClassName=com.interwoven.livesite.spring.workflow.task.DelegatingUrlExternalTaskProxy|configId=articles,publications,contract-cards,events|includeFragmentPath=true","Eafinishop":"","Eastartop":"","Wfvarfinishop":"","Wfvarstartop":"","ActivationCount":"0","Status":"none","Valid":"none","BackgroundColor":"#c0c0c0","TaskType":"ItsURLTask"},"stencil":{"id":"URLTask"},"childShapes":[],"outgoing":[{"resourceId":"oryx_63D761D0-E5BE-4EB1-BC07-FD5B4DBD1CB0"}],"bounds":{"lowerRight":{"x":1720,"y":1265},"upperLeft":{"x":1620,"y":1185}},"dockers":[]},{"resourceId":"oryx_578969C5-AC28-4CCF-8222-0FF6AA753354","properties":{"AreaVPath":"$IW_WORKAREA","Brief Description":"","Description":"This task deletes the entries of deleted page from the articles.json/events.json.","Name":"Update ESI Task","id":"Update ESI Task","CSSclass":"Task","Owner":"$IW_USER","URI":"$IW_CV(ExternalUrlTask)","Retry":"true","Lock":"false","Readonly":"false","Transferonly":"false","Variables":"includeId=article,event|ClassName=com.interwoven.livesite.spring.workflow.task.DelegatingUrlExternalTaskProxy|TaskBeanId=workflow.task.UpdateESITask","Eafinishop":"","Eastartop":"","Wfvarfinishop":"","Wfvarstartop":"set:ErrorTaskName=Retry Update ESI Task","ActivationCount":"0","Status":"none","Valid":"none","BackgroundColor":"#c0c0c0","TaskType":"ItsURLTask"},"stencil":{"id":"URLTask"},"childShapes":[],"outgoing":[{"resourceId":"oryx_232ECD4B-C7E7-463B-9F32-208936BDC70E"},{"resourceId":"oryx_71B049E3-83FA-4FFC-B107-130A4BE2F4D0"}],"bounds":{"lowerRight":{"x":1720,"y":800},"upperLeft":{"x":1620,"y":720}},"dockers":[]},{"resourceId":"oryx_63D761D0-E5BE-4EB1-BC07-FD5B4DBD1CB0","properties":{"Name":"Export JSON For Fragments Success","id":"Flow72","Type":"Default"},"stencil":{"id":"Flow"},"childShapes":[],"outgoing":[{"resourceId":"oryx_578969C5-AC28-4CCF-8222-0FF6AA753354"}],"bounds":{"lowerRight":{"x":1671,"y":1184.0390625},"upperLeft":{"x":1669,"y":800.9609375}},"dockers":[{"x":50,"y":40},{"x":50,"y":40}],"target":{"resourceId":"oryx_578969C5-AC28-4CCF-8222-0FF6AA753354"}},{"resourceId":"oryx_71B049E3-83FA-4FFC-B107-130A4BE2F4D0","properties":{"Name":"Update ESI Task Failure","id":"Flow73","Type":"Default"},"stencil":{"id":"Flow"},"childShapes":[],"outgoing":[{"resourceId":"oryx_F31EE751-AA47-4615-9C2B-E76A5C59EB85"}],"bounds":{"lowerRight":{"x":1620,"y":780.0000000036804},"upperLeft":{"x":360,"y":560.7009800809883}},"dockers":[{"x":1,"y":60},{"x":360,"y":780.0000000036804},{"x":75,"y":58.98910641304292}],"target":{"resourceId":"oryx_F31EE751-AA47-4615-9C2B-E76A5C59EB85"}},{"resourceId":"oryx_BAD9ED27-BD06-4ADA-B46B-93B7D0788F6A","properties":{"Name":"Retry Update ESI Task","id":"Flow74","Type":"Default"},"stencil":{"id":"Flow"},"childShapes":[],"outgoing":[{"resourceId":"oryx_578969C5-AC28-4CCF-8222-0FF6AA753354"}],"bounds":{"lowerRight":{"x":1619.92298412323,"y":740},"upperLeft":{"x":175,"y":395.67578125}},"dockers":[{"x":25,"y":79},{"x":175,"y":740},{"x":16.6240234375,"y":20}],"target":{"resourceId":"oryx_578969C5-AC28-4CCF-8222-0FF6AA753354"}},{"resourceId":"oryx_041591D4-0D9D-49FB-8F6A-AA7F209E6CE1","properties":{"AreaVPath":"$IW_WORKAREA","Brief Description":"","Description":"Submit Files","Name":"Submit Files","id":"Submit Files","CSSclass":"Task","Owner":"$IW_USER","SubmitComment":"","SubmitInfo":"","Override":"false","Save Comments":"false","Skip Conflicts":"false","Skip Locked":"false","Unlock":"false","Variables":"","Eafinishop":"","Eastartop":"","Wfvarfinishop":"","Wfvarstartop":"","ActivationCount":"0","Status":"none","Valid":"none","BackgroundColor":"#c0c0c0","TaskType":"ItsSubmitTask"},"stencil":{"id":"SubmitTask"},"childShapes":[],"outgoing":[{"resourceId":"oryx_4007F86F-1708-4A3F-A29A-C427158F558C"}],"bounds":{"lowerRight":{"x":1990,"y":800},"upperLeft":{"x":1890,"y":720}},"dockers":[]},{"resourceId":"oryx_232ECD4B-C7E7-463B-9F32-208936BDC70E","properties":{"Name":"Update ESI Task Success","id":"Flow76","Type":"Default"},"stencil":{"id":"Flow"},"childShapes":[],"outgoing":[{"resourceId":"oryx_041591D4-0D9D-49FB-8F6A-AA7F209E6CE1"}],"bounds":{"lowerRight":{"x":1889.916015625,"y":761},"upperLeft":{"x":1720.1220703125,"y":759}},"dockers":[{"x":58.21875,"y":40},{"x":50,"y":40}],"target":{"resourceId":"oryx_041591D4-0D9D-49FB-8F6A-AA7F209E6CE1"}},{"resourceId":"oryx_4007F86F-1708-4A3F-A29A-C427158F558C","properties":{"Name":"Submit Files Success","id":"Flow77","Type":"Default"},"stencil":{"id":"Flow"},"childShapes":[],"outgoing":[{"resourceId":"oryx_E7811E3D-67AF-4D6F-B49D-4977813FA313"}],"bounds":{"lowerRight":{"x":1941,"y":719.3115234375},"upperLeft":{"x":1939,"y":64.7109375}},"dockers":[{"x":50,"y":40},{"x":17,"y":17}],"target":{"resourceId":"oryx_E7811E3D-67AF-4D6F-B49D-4977813FA313"}},{"resourceId":"oryx_14DE21F3-F585-4933-A9DA-6AC8FE4FEE27","properties":{"Name":"Velocity Search Update Failure","id":"Flow4","Type":"Default"},"stencil":{"id":"Flow"},"childShapes":[],"outgoing":[{"resourceId":"oryx_F31EE751-AA47-4615-9C2B-E76A5C59EB85"}],"bounds":{"lowerRight":{"x":1314,"y":569.875},"upperLeft":{"x":385.5571937561035,"y":500}},"dockers":[{"x":24,"y":14},{"x":1314,"y":500},{"x":86.673828125,"y":20}],"target":{"resourceId":"oryx_F31EE751-AA47-4615-9C2B-E76A5C59EB85"}},{"resourceId":"oryx_552A9CDB-BCFF-423F-9051-502A87A11A39","properties":{"Name":"Moving to Update Prod Taxonomy","id":"Flow8","Type":"Default"},"stencil":{"id":"Flow"},"childShapes":[],"outgoing":[{"resourceId":"oryx_D490FC63-7948-497D-BBCF-586EB7AD1D0F"}],"bounds":{"lowerRight":{"x":1547,"y":610},"upperLeft":{"x":1035,"y":350.13232421875}},"dockers":[{"x":50,"y":40},{"x":1547,"y":610},{"x":1547,"y":413},{"x":1035,"y":413},{"x":75,"y":56.03125}],"target":{"resourceId":"oryx_D490FC63-7948-497D-BBCF-586EB7AD1D0F"}},{"resourceId":"oryx_43A08FF8-4A27-4E2C-B254-0C10DDDDC60D","properties":{"AreaVPath":"$IW_WORKAREA","Brief Description":"","Description":"Preview deployment success email","Name":"Preview deployment success email","id":"Preview deployment success email","CSSclass":"Task","Owner":"$IW_USER","EMailCommand":"http://$IW_SERVER/iw-cc/urlexternaltask","Retry":"true","Lock":"false","Readonly":"false","Transferonly":"false","Variables":"serverName=preview|mail_subject=Delete Workflow - Deletion from Preview Server Success Email - Job|ClassName=com.deere.livesite.authoring.workflow.acpw.task.delete.AutomatedDeploymentSuccessNotification|target_task_name=Preview deployment success email sent|mail_template=/iwadmin/main/config/STAGING/workflow/email/deere/DeleteDeploymentSuccessNotification.xsl","Eafinishop":"","Eastartop":"","Wfvarfinishop":"","Wfvarstartop":"","ActivationCount":"0","Status":"none","Valid":"none","BackgroundColor":"#c0c0c0","TaskType":"ItsEmailTask"},"stencil":{"id":"EmailTask"},"childShapes":[],"outgoing":[{"resourceId":"oryx_C73675DF-C9ED-412D-A396-66DBC6ED835E"}],"bounds":{"lowerRight":{"x":1030,"y":1265},"upperLeft":{"x":930,"y":1185}},"dockers":[]},{"resourceId":"oryx_C73675DF-C9ED-412D-A396-66DBC6ED835E","properties":{"Name":"Preview deployment success email sent","id":"Flow9","Type":"Default"},"stencil":{"id":"Flow"},"childShapes":[],"outgoing":[{"resourceId":"oryx_6E2FEC17-E7A8-4483-AAB9-B4293C016855"}],"bounds":{"lowerRight":{"x":1064.4296875,"y":1184.625},"upperLeft":{"x":980,"y":1015}},"dockers":[{"x":50,"y":40},{"x":980,"y":1015},{"x":50,"y":40}],"target":{"resourceId":"oryx_6E2FEC17-E7A8-4483-AAB9-B4293C016855"}},{"resourceId":"oryx_E32D9FCF-09DD-40CF-90FA-040356649158","properties":{"AreaVPath":"$IW_WORKAREA","Brief Description":"","Description":"Deployment to preview server failure email","Name":"Preview deployment failure email","id":"Preview deployment failure email","CSSclass":"Task","Owner":"$IW_USER","EMailCommand":"http://$IW_SERVER/iw-cc/urlexternaltask","Retry":"true","Lock":"false","Readonly":"false","Transferonly":"false","Variables":"target_task_name=Preview Deployment Failure Notification Sent|ClassName=com.deere.livesite.authoring.workflow.acpw.task.delete.AutomatedDeploymentFailureNotification|mail_subject=Delete Workflow - Deletion from Preview Server Failure Email - Job|serverName=preview|mail_template=/iwadmin/main/config/STAGING/workflow/email/deere/DeleteDeploymentFailureNotification.xsl","Eafinishop":"","Eastartop":"","Wfvarfinishop":"","Wfvarstartop":"set:ErrorTaskName=Retry Preview Deployment","ActivationCount":"0","Status":"none","Valid":"none","BackgroundColor":"#c0c0c0","TaskType":"ItsEmailTask"},"stencil":{"id":"EmailTask"},"childShapes":[],"outgoing":[{"resourceId":"oryx_D15F4ABA-FE99-4899-A127-975AC980E62C"}],"bounds":{"lowerRight":{"x":475,"y":1130},"upperLeft":{"x":375,"y":1050}},"dockers":[]},{"resourceId":"oryx_D15F4ABA-FE99-4899-A127-975AC980E62C","properties":{"Name":"Preview Deployment Failure Notification Sent","id":"Flow17","Type":"Default"},"stencil":{"id":"Flow"},"childShapes":[],"outgoing":[{"resourceId":"oryx_F31EE751-AA47-4615-9C2B-E76A5C59EB85"}],"bounds":{"lowerRight":{"x":374.78125,"y":1090},"upperLeft":{"x":335,"y":560.521484375}},"dockers":[{"x":50,"y":40},{"x":335,"y":1090},{"x":50,"y":40}],"target":{"resourceId":"oryx_F31EE751-AA47-4615-9C2B-E76A5C59EB85"}},{"resourceId":"oryx_D093D0A3-2ED1-4281-A9C9-FD668AC28AA6","properties":{"AreaVPath":"$IW_WORKAREA","Brief Description":"","Description":"Prod Deployment Failure Email","Name":"Prod Deployment Failure Notification","id":"Prod Deployment Failure Notification","CSSclass":"Task","Owner":"$IW_USER","EMailCommand":"http://$IW_SERVER/iw-cc/urlexternaltask","Retry":"true","Lock":"false","Readonly":"false","Transferonly":"false","Variables":"target_task_name=Prod Deployment Failure Notification Sent|ClassName=com.deere.livesite.authoring.workflow.acpw.task.delete.AutomatedDeploymentFailureNotification|serverName=prod|mail_subject=Delete Workflow - Deletion from Production Server Failure Email - Job|mail_template=/iwadmin/main/config/STAGING/workflow/email/deere/DeleteDeploymentFailureNotification.xsl","Eafinishop":"","Eastartop":"","Wfvarfinishop":"","Wfvarstartop":"set:ErrorTaskName=Retry Production Deployment","ActivationCount":"0","Status":"none","Valid":"none","BackgroundColor":"#c0c0c0","TaskType":"ItsEmailTask"},"stencil":{"id":"EmailTask"},"childShapes":[],"outgoing":[{"resourceId":"oryx_7F8F82BC-D110-4E57-B31C-5281501724D2"}],"bounds":{"lowerRight":{"x":385,"y":1520},"upperLeft":{"x":285,"y":1440}},"dockers":[]},{"resourceId":"oryx_7F8F82BC-D110-4E57-B31C-5281501724D2","properties":{"Name":"Prod Deployment Failure Notification Sent","id":"Flow22","Type":"Default"},"stencil":{"id":"Flow"},"childShapes":[],"outgoing":[{"resourceId":"oryx_F31EE751-AA47-4615-9C2B-E76A5C59EB85"}],"bounds":{"lowerRight":{"x":311,"y":1440},"upperLeft":{"x":309,"y":560.861328125}},"dockers":[{"x":25,"y":1},{"x":25,"y":79}],"target":{"resourceId":"oryx_F31EE751-AA47-4615-9C2B-E76A5C59EB85"}},{"resourceId":"oryx_944E36D5-6554-4F43-B665-96740DE6A74A","properties":{"AreaVPath":"$IW_WORKAREA","Brief Description":"","Description":"Prod Deployment Success Email","Name":"Prod Deployment Success Notification","id":"Prod Deployment Success Notification","CSSclass":"Task","Owner":"$IW_USER","EMailCommand":"http://$IW_SERVER/iw-cc/urlexternaltask","Retry":"true","Lock":"false","Readonly":"false","Transferonly":"false","Variables":"target_task_name=Prod Deployment Success Notification Sent|ClassName=com.deere.livesite.authoring.workflow.acpw.task.delete.AutomatedDeploymentSuccessNotification|serverName=prod|mail_subject=Delete Workflow - Deletion from Production Server Success Email - Job|mail_template=/iwadmin/main/config/STAGING/workflow/email/deere/DeleteDeploymentSuccessNotification.xsl","Eafinishop":"","Eastartop":"","Wfvarfinishop":"","Wfvarstartop":"","ActivationCount":"0","Status":"none","Valid":"none","BackgroundColor":"#c0c0c0","TaskType":"ItsEmailTask"},"stencil":{"id":"EmailTask"},"childShapes":[],"outgoing":[{"resourceId":"oryx_5EF37F74-2950-4E59-8791-1BE50CA8C7BA"}],"bounds":{"lowerRight":{"x":1390,"y":1610},"upperLeft":{"x":1290,"y":1530}},"dockers":[]},{"resourceId":"oryx_5EF37F74-2950-4E59-8791-1BE50CA8C7BA","properties":{"Name":"Prod Deployment Success Notification Sent","id":"Flow24","Type":"Default"},"stencil":{"id":"Flow"},"childShapes":[],"outgoing":[{"resourceId":"oryx_2FFCC1E1-EBD0-470A-B569-3BCB0F9C0918"}],"bounds":{"lowerRight":{"x":1341,"y":1529.91796875},"upperLeft":{"x":1339,"y":1265.08203125}},"dockers":[{"x":50,"y":40},{"x":50,"y":40}],"target":{"resourceId":"oryx_2FFCC1E1-EBD0-470A-B569-3BCB0F9C0918"}},{"resourceId":"oryx_63D925F4-ECD7-4670-B833-C3D9132892C9","properties":{"AreaVPath":"$IW_WORKAREA","Brief Description":"","Description":"Wait Task Handler","Name":"Wait Task Handler","id":"Wait Task Handler","CSSclass":"Task","Owner":"$IW_USER","Command":"http://localhost:8080/iw-cc/urlexternaltask","Retry":"true","Lock":"false","Readonly":"false","Transferonly":"false","Variables":"DeployDate=$IW_CV(DeployDate)|ClassName=com.deere.livesite.workflow.delete.WaitTaskHandler|nextTransition=Wait Completed Successfully","Eafinishop":"","Eastartop":"","Wfvarfinishop":"","Wfvarstartop":"","ActivationCount":"0","Status":"none","Valid":"none","BackgroundColor":"#c0c0c0","TaskType":"ItsExternalTask"},"stencil":{"id":"ExternalTask"},"childShapes":[],"outgoing":[{"resourceId":"oryx_3F6239D9-EE0F-4823-B8EE-24328B3B3B93"}],"bounds":{"lowerRight":{"x":295,"y":87},"upperLeft":{"x":195,"y":7}},"dockers":[]},{"resourceId":"oryx_3F6239D9-EE0F-4823-B8EE-24328B3B3B93","properties":{"Name":"Wait Completed Successfully","id":"Flow23","Type":"Default"},"stencil":{"id":"Flow"},"childShapes":[],"outgoing":[{"resourceId":"oryx_DABF4031-F89B-4AFF-B05D-0043EFC25B6B"}],"bounds":{"lowerRight":{"x":479.458984375,"y":48},"upperLeft":{"x":295.541015625,"y":46}},"dockers":[{"x":50,"y":40},{"x":50,"y":40}],"target":{"resourceId":"oryx_DABF4031-F89B-4AFF-B05D-0043EFC25B6B"}}],"bounds":{"lowerRight":{"x":2090,"y":1710},"upperLeft":{"x":0,"y":0}},"stencilset":{"url":"/iw-wfm/editor/stencilsets/iwov_process_model/iwovprocessmodels.json","namespace":"http://autonomy.com/stencilset/iwovwfm#"},"ssextensions":[],"modelVariables":[{"TaskId":"URLTask","PropertyName":"Variables","VariableId":"PreviewSiteMapFileName","VariableValue":"","TaskType":"","isDeleted":""},{"TaskId":"URLTask","PropertyName":"Variables","VariableId":"RestURL","VariableValue":"","TaskType":"","isDeleted":""},{"TaskId":"URLTask","PropertyName":"Variables","VariableId":"RestURL","VariableValue":"","TaskType":"","isDeleted":""},{"TaskId":"DeployTask","PropertyName":"OD Variables","VariableId":"targetFragmentPathPreview","VariableValue":"","TaskType":"","isDeleted":""},{"TaskId":"Workflow Properties1","PropertyName":"Description","VariableId":"JobDescription","VariableValue":{"type":"$IW_CV","value":{"isReadOnly":true,"defaultValue":"Delete Workflow","description":"This workflow deletes the files from Teamsite, preview and production web servers.","id":"JobDescription","label":"Job Description","isHidden":false}},"TaskType":"ModelProperties","isDeleted":""},{"TaskId":"DeployTask","PropertyName":"OD Variables","VariableId":"targetFragmentPathProd","VariableValue":"","TaskType":"","isDeleted":""},{"TaskId":"URLTask","PropertyName":"Variables","VariableId":"PreviewSitemapDomainName","VariableValue":"","TaskType":"","isDeleted":""},{"TaskId":"DeployTask","PropertyName":"OD Variables","VariableId":"sitesFolderPath","VariableValue":"","TaskType":"","isDeleted":""},{"TaskId":"URLTask","PropertyName":"Owner","VariableId":"UserForDeleteTask","VariableValue":"","TaskType":"","isDeleted":""},{"TaskId":"DeployTask","PropertyName":"Variables","VariableId":"ODDeploymentScriptName","VariableValue":"","TaskType":"","isDeleted":""},{"TaskId":"DeployTask","PropertyName":"OD Variables","VariableId":"targetPathPreview","VariableValue":"","TaskType":"","isDeleted":""},{"TaskId":"URLTask","PropertyName":"Variables","VariableId":"PreviewURL","VariableValue":"","TaskType":"","isDeleted":""},{"TaskId":"URLTask","PropertyName":"Variables","VariableId":"DomainNameSiteMap","VariableValue":"","TaskType":"","isDeleted":""},{"TaskId":"URLTask","PropertyName":"Variables","VariableId":"SitemapNameSpaceURI","VariableValue":"","TaskType":"","isDeleted":""},{"TaskId":"DeployTask","PropertyName":"OD Variables","VariableId":"targetPathProd","VariableValue":"","TaskType":"","isDeleted":""},{"TaskId":"URLTask","PropertyName":"Variables","VariableId":"ProdSiteMapFileName","VariableValue":"","TaskType":"","isDeleted":""},{"TaskId":"URLTask","PropertyName":"URI","VariableId":"ExternalUrlTask","VariableValue":"","TaskType":"","isDeleted":""},{"TaskId":"URLTask","PropertyName":"Variables","VariableId":"SitemapNameSpaceURI","VariableValue":"","TaskType":"","isDeleted":""},{"TaskId":"URLTask","PropertyName":"Variables","VariableId":"ProductionURL","VariableValue":"","TaskType":"","isDeleted":""},{"TaskId":"Attach Page Dependencies","PropertyName":"URI","VariableId":"ExternalUrlTask","VariableValue":"","TaskType":"URLTask","isDeleted":""},{"TaskId":"Approval Task","PropertyName":"Shared by","VariableId":"ReviewerGroups","VariableValue":"","TaskType":"GroupTask","isDeleted":""},{"TaskId":"Akmai Cache Invalidation Task for Preview","PropertyName":"URI","VariableId":"ExternalUrlTask","VariableValue":"","TaskType":"URLTask","isDeleted":""},{"TaskId":"Akmai Cache Invalidation Task for Preview","PropertyName":"Variables","VariableId":"RestURL","VariableValue":"","TaskType":"URLTask","isDeleted":""},{"TaskId":"Akmai Cache Invalidation Task for Preview","PropertyName":"Variables","VariableId":"PreviewURL","VariableValue":"","TaskType":"URLTask","isDeleted":""},{"TaskId":"Akamai Cache Invalidation Task for Production","PropertyName":"URI","VariableId":"ExternalUrlTask","VariableValue":"","TaskType":"URLTask","isDeleted":""},{"TaskId":"Delete Files","PropertyName":"URI","VariableId":"ExternalUrlTask","VariableValue":"","TaskType":"URLTask","isDeleted":""},{"TaskId":"Retry After Error","PropertyName":"URI","VariableId":"ExternalUrlTask","VariableValue":"","TaskType":"URLTask","isDeleted":""},{"TaskId":"Preview Sitemap","PropertyName":"URI","VariableId":"ExternalUrlTask","VariableValue":"","TaskType":"URLTask","isDeleted":""},{"TaskId":"Production Sitemap","PropertyName":"URI","VariableId":"ExternalUrlTask","VariableValue":"","TaskType":"URLTask","isDeleted":""},{"TaskId":"Production Sitemap","PropertyName":"Variables","VariableId":"DomainNameSiteMap","VariableValue":"","TaskType":"URLTask","isDeleted":""},{"TaskId":"Production Sitemap","PropertyName":"Variables","VariableId":"SitemapNameSpaceURI","VariableValue":"","TaskType":"URLTask","isDeleted":""},{"TaskId":"Production Sitemap","PropertyName":"Variables","VariableId":"ProdSiteMapFileName","VariableValue":"","TaskType":"URLTask","isDeleted":""},{"TaskId":"Export JSON For Fragments","PropertyName":"URI","VariableId":"ExternalUrlTask","VariableValue":"","TaskType":"URLTask","isDeleted":""},{"TaskId":"Update ESI Task","PropertyName":"URI","VariableId":"ExternalUrlTask","VariableValue":"","TaskType":"URLTask","isDeleted":""},{"TaskId":"Workflow Properties1","PropertyName":"Description","VariableId":"JobDes","VariableValue":{"type":"$IW_CV","value":{"id":"JobDes","label":"Job Description","defaultValue":"Enhanced Delete Workflow","description":"","isHidden":false,"isReadOnly":true}},"TaskType":"ModelProperties","isDeleted":""},{"TaskId":"Workflow Properties1","PropertyName":"Global Variables","VariableId":"DomainNameSiteMap","VariableValue":{"type":"$IW_CV","value":{"isReadOnly":true,"defaultValue":"https://us-wwwdev.deere.com","description":"Specify the domain name used for this branch in Sitemap.xml file.","id":"DomainNameSiteMap","label":"Domain Name For SiteMap","isHidden":true}},"TaskType":"ModelProperties","isDeleted":""},{"TaskId":"Workflow Properties1","PropertyName":"Global Variables","VariableId":"PreviewSiteMapFileName","VariableValue":{"type":"$IW_CV","value":{"isReadOnly":true,"defaultValue":"preview/preview_sitemap.xml","description":"Preview sitemap file name","id":"PreviewSiteMapFileName","label":"Preview SiteMap FileName","isHidden":true}},"TaskType":"ModelProperties","isDeleted":""},{"TaskId":"Workflow Properties1","PropertyName":"Global Variables","VariableId":"ProductionURL","VariableValue":{"type":"$IW_CV","value":{"isReadOnly":true,"defaultValue":"https://us-wwwdev.deere.com","description":"This represents the target Production URL","id":"ProductionURL","label":"Production URL","isHidden":true}},"TaskType":"ModelProperties","isDeleted":""},{"TaskId":"Workflow Properties1","PropertyName":"Global Variables","VariableId":"targetFragmentPathPreview","VariableValue":{"type":"$IW_CV","value":{"isReadOnly":true,"defaultValue":"/wwwpreview/deere/html","description":"The path where certain files from sites folder are deployed to html folder on preview web server.","id":"targetFragmentPathPreview","label":"Target Fragment Path Preview","isHidden":true}},"TaskType":"ModelProperties","isDeleted":""},{"TaskId":"Workflow Properties1","PropertyName":"Global Variables","VariableId":"ProdSiteMapFileName","VariableValue":{"type":"$IW_CV","value":{"isReadOnly":true,"defaultValue":"sitemap.xml","description":"Production sitemap file name.","id":"ProdSiteMapFileName","label":"ProdSiteMapFileName","isHidden":true}},"TaskType":"ModelProperties","isDeleted":""},{"TaskId":"Workflow Properties1","PropertyName":"Global Variables","VariableId":"ODDeploymentScriptName","VariableValue":{"type":"$IW_CV","value":{"isReadOnly":true,"defaultValue":"webserver_custom_deletion","description":"","id":"ODDeploymentScriptName","label":"OD Deployment Script Name","isHidden":true}},"TaskType":"ModelProperties","isDeleted":""},{"TaskId":"Workflow Properties1","PropertyName":"Global Variables","VariableId":"PreviewSitemapDomainName","VariableValue":{"type":"$IW_CV","value":{"isReadOnly":true,"defaultValue":"https://us-previewdev.deere.com","description":"Domain name for preview Sitemap.","id":"PreviewSitemapDomainName","label":"Preview Sitemap Domain Name","isHidden":true}},"TaskType":"ModelProperties","isDeleted":""},{"TaskId":"Workflow Properties1","PropertyName":"Global Variables","VariableId":"targetFragmentPathProd","VariableValue":{"type":"$IW_CV","value":{"isReadOnly":true,"defaultValue":"/wwwpub/deere/html","description":"The path where certain files from sites folder are deployed to html folder on production server.","id":"targetFragmentPathProd","label":"Target Fragment Path Prod","isHidden":true}},"TaskType":"ModelProperties","isDeleted":""},{"TaskId":"Workflow Properties1","PropertyName":"Global Variables","VariableId":"ExternalUrlTask","VariableValue":{"type":"$IW_CV","value":{"isReadOnly":true,"defaultValue":"http://localhost:8080/iw-cc/urlexternaltask","description":"","id":"ExternalUrlTask","label":"External URL Task","isHidden":true}},"TaskType":"ModelProperties","isDeleted":""},{"TaskId":"Workflow Properties1","PropertyName":"Global Variables","VariableId":"targetPathProd","VariableValue":{"type":"$IW_CV","value":{"isReadOnly":true,"defaultValue":"/wwwpub/deere","description":"The path where files are deployed on production web server.","id":"targetPathProd","label":"Target Path Prod","isHidden":true}},"TaskType":"ModelProperties","isDeleted":""},{"TaskId":"Workflow Properties1","PropertyName":"Global Variables","VariableId":"sitesFolderPath","VariableValue":{"type":"$IW_CV","value":{"isReadOnly":true,"defaultValue":"sites","description":"This is the folder path which needs to be removed from the path of the json and html files deployed to web server.","id":"sitesFolderPath","label":"Sites Folder Path","isHidden":true}},"TaskType":"ModelProperties","isDeleted":""},{"TaskId":"Workflow Properties1","PropertyName":"Global Variables","VariableId":"PreviewURL","VariableValue":{"type":"$IW_CV","value":{"isReadOnly":true,"defaultValue":"https://us-previewdev.deere.com","description":"This represents the target preview URL.","id":"PreviewURL","label":"Preview URL","isHidden":true}},"TaskType":"ModelProperties","isDeleted":""},{"TaskId":"Workflow Properties1","PropertyName":"Global Variables","VariableId":"SitemapNameSpaceURI","VariableValue":{"type":"$IW_CV","value":{"isReadOnly":true,"defaultValue":"https://www.sitemaps.org/schemas/sitemap/0.9","description":"Sitemap Name Space URI","id":"SitemapNameSpaceURI","label":"Sitemap Name Space URI","isHidden":true}},"TaskType":"ModelProperties","isDeleted":""},{"TaskId":"Workflow Properties1","PropertyName":"Global Variables","VariableId":"RestURL","VariableValue":{"type":"$IW_CV","value":{"isReadOnly":true,"defaultValue":"http://dce-tsapi-devl.tal.deere.com/tscapi/akamai/invalidatecache","description":"Akamai service end point","id":"RestURL","label":"Rest URL","isHidden":true}},"TaskType":"ModelProperties","isDeleted":""},{"TaskId":"Workflow Properties1","PropertyName":"Global Variables","VariableId":"targetPathPreview","VariableValue":{"type":"$IW_CV","value":{"isReadOnly":true,"defaultValue":"/wwwpreview/deere","description":"This is path where the files are deployed on preview web server.","id":"targetPathPreview","label":"Target Path Preview","isHidden":true}},"TaskType":"ModelProperties","isDeleted":""},{"TaskId":"Workflow Properties1","PropertyName":"Global Variables","VariableId":"UserForDeleteTask","VariableValue":{"type":"$IW_CV","value":{"isReadOnly":true,"defaultValue":"$IW_AREAOWNER","description":"","id":"UserForDeleteTask","label":"User For Delete Task","isHidden":true}},"TaskType":"ModelProperties","isDeleted":""},{"TaskId":"Workflow Properties1","PropertyName":"Global Variables","VariableId":"ExcludePagePatterns","VariableValue":{"type":"$IW_CV","value":{"id":"ExcludePagePatterns","label":"ExcludePagePatterns","defaultValue":"fragment[^/]*.html,offers-json.html,subcategories-json.html,product-json.html,products-json.html,compare.html","description":"This is the list of pages to exclude from velocity search update","isHidden":true,"isReadOnly":true}},"TaskType":"ModelProperties","isDeleted":""},{"TaskId":"Workflow Properties1","PropertyName":"Global Variables","VariableId":"ReviewerGroups","VariableValue":{"type":"$IW_CV","value":{"id":"ReviewerGroups","label":"ReviewerGroups","defaultValue":"","description":"ReviewerGroups","isHidden":true,"isReadOnly":true}},"TaskType":"ModelProperties","isDeleted":""},{"TaskId":"Workflow Properties1","PropertyName":"Global Variables","VariableId":"WorkflowApprover","VariableValue":{"type":"$IW_CV","value":{"id":"WorkflowApprover","label":"WorkflowApprover","defaultValue":"","description":"Userid of Workflow Approver","isHidden":true,"isReadOnly":true}},"TaskType":"ModelProperties","isDeleted":""},{"TaskId":"Workflow Properties1","PropertyName":"Global Variables","VariableId":"RequestType","VariableValue":{"type":"$IW_CV","value":{"id":"RequestType","label":"Request Type","defaultValue":"","description":"This is the request type either product or category and is used for taxonomy and cbyo tasks","isHidden":true,"isReadOnly":true}},"TaskType":"ModelProperties","isDeleted":""},{"TaskId":"Production Deployment Task","PropertyName":"OD Variables","VariableId":"targetPathProd","VariableValue":"","TaskType":"DeployTask","isDeleted":""},{"TaskId":"Production Deployment Task","PropertyName":"OD Variables","VariableId":"targetFragmentPathProd","VariableValue":"","TaskType":"DeployTask","isDeleted":""},{"TaskId":"Production Deployment Task","PropertyName":"OD Variables","VariableId":"sitesFolderPath","VariableValue":"","TaskType":"DeployTask","isDeleted":""},{"TaskId":"Velocity Search Update Task","PropertyName":"Variables","VariableId":"PreviewURL","VariableValue":"","TaskType":"ExternalTask","isDeleted":""},{"TaskId":"Velocity Search Update Task","PropertyName":"Variables","VariableId":"ProductionURL","VariableValue":"","TaskType":"ExternalTask","isDeleted":""},{"TaskId":"Preview Deployment Task","PropertyName":"OD Variables","VariableId":"targetPathPreview","VariableValue":"","TaskType":"DeployTask","isDeleted":""},{"TaskId":"Preview Deployment Task","PropertyName":"OD Variables","VariableId":"targetFragmentPathPreview","VariableValue":"","TaskType":"DeployTask","isDeleted":""},{"TaskId":"Preview Deployment Task","PropertyName":"OD Variables","VariableId":"sitesFolderPath","VariableValue":"","TaskType":"DeployTask","isDeleted":""},{"TaskId":"Preview Deployment Task","PropertyName":"Variables","VariableId":"ODDeploymentScriptName","VariableValue":"","TaskType":"DeployTask","isDeleted":""},{"TaskId":"Production Deployment Task","PropertyName":"Variables","VariableId":"ODDeploymentScriptName","VariableValue":"","TaskType":"DeployTask","isDeleted":""},{"TaskId":"Akamai Cache Invalidation Task for Production","PropertyName":"Variables","VariableId":"RestURL","VariableValue":"","TaskType":"URLTask","isDeleted":""},{"TaskId":"Akamai Cache Invalidation Task for Production","PropertyName":"Variables","VariableId":"ProductionURL","VariableValue":"","TaskType":"URLTask","isDeleted":""},{"TaskId":"CBYO Update Task","PropertyName":"Variables","VariableId":"ProductionURL","VariableValue":"","TaskType":"ExternalTask","isDeleted":""},{"TaskId":"CBYO Update Task","PropertyName":"Variables","VariableId":"PreviewURL","VariableValue":"","TaskType":"ExternalTask","isDeleted":""},{"TaskId":"Preview Sitemap","PropertyName":"Variables","VariableId":"PreviewSitemapDomainName","VariableValue":"","TaskType":"URLTask","isDeleted":""},{"TaskId":"Preview Sitemap","PropertyName":"Variables","VariableId":"PreviewSiteMapFileName","VariableValue":"","TaskType":"URLTask","isDeleted":""},{"TaskId":"Preview Sitemap","PropertyName":"Variables","VariableId":"SitemapNameSpaceURI","VariableValue":"","TaskType":"URLTask","isDeleted":""},{"TaskId":"Wait Task Handler","PropertyName":"Variables","VariableId":"DeployDate","VariableValue":{"type":"$IW_CV","value":{"id":"DeployDate","label":"Deploy Date","defaultValue":"","description":"","isHidden":false,"isReadOnly":false}},"TaskType":"ExternalTask"}]}