{"resourceId":"oryx-canvas123","properties":{"Owner":"$IW_USER","Priority":"2","Brief Description":"Experience Studio Publish Now","Description":"A streamlined workflow for publishing content from Experience Studio to LiveSite.","DueDate":"","Global Variables":"$IW_SCRIPT(SubmitFlagIsTrue)|$IW_SCRIPT(SubmitFlagIsFalse)|$IW_CV(SubmitFlag)|$IW_DS(Reviewer)|$IW_CV(TargetNodes)|$IW_CV(ReviewFlag)|$IW_CV(ProductionFlag)|$IW_SCRIPT(ProductionFlagIsFalse)|$IW_SCRIPT(ProductionFlagIsTrue)|$IW_SCRIPT(ReviewFlagIsFalse)|$IW_SCRIPT(ReviewFlagIsTrue)|$IW_SCRIPT(DeployFilesTargetNodes)|$IW_CV(JobDescription)|$IW_CV(AuthorCommentsForReviewer)|$IW_SCRIPT(GetJobDescription)|$IW_CV(DefaultJobDescription)","VAVariables":"va_show_cycles=all|va_create_snapshots=unlimited|va_default_page=snapshot|va_show_live_option=true|va_which_snapshot=last|va_show_save_button=true|va_show_reviewers=all|va_enabled=no","Variables":"hp.wcm.estudio=PLC","PostProcessorCommand":"","PreProcessorCommand":"","Name":"Estudio Publish Now","id":"Publish LiveSite Content","ActivationCount":"","Version":"1.0.0.1","Status":"","Valid":"true","File Comments":"false"},"stencil":{"id":"ModelProperties"},"childShapes":[{"resourceId":"oryx_BAE47A7E-238E-450D-BA37-B691FFD49B5F","properties":{"y":"53.700073","x":"31.0","Name":"Start Job","id":"Start Job","CSSclass":"Event"},"stencil":{"id":"Start"},"childShapes":[],"outgoing":[{"resourceId":"oryx_5709A5B0-F356-40CB-883E-AE3DA2B17F31"}],"bounds":{"lowerRight":{"x":552.5185169922907,"y":417},"upperLeft":{"x":518.5185169922907,"y":383}},"dockers":[]},{"resourceId":"oryx_F5784C05-D92F-4CAF-8007-14C5BFE6A222","properties":{"y":"482.59998","x":"923.0","AreaVPath":"$IW_WORKAREA","Brief Description":"","Description":"Submits all files to the STAGING area.","Name":"Submit Files","id":"Submit Files","CSSclass":"Task","Owner":"$IW_USER","SubmitComment":"","SubmitInfo":"","Override":"true","Save Comments":"true","Skip Conflicts":"false","Skip Locked":"false","Unlock":"true","Variables":"","Eafinishop":"","Eastartop":"","Wfvarfinishop":"","Wfvarstartop":"","ActivationCount":"0","Status":"none","Valid":"true","BackgroundColor":"#c0c0c0","TaskType":"ItsSubmitTask"},"stencil":{"id":"SubmitTask"},"childShapes":[],"outgoing":[{"resourceId":"oryx_1D8C3CF2-DF5F-4C62-B87B-2F10E0A29D29"}],"bounds":{"lowerRight":{"x":1676.0740694408825,"y":859.7777754884363},"upperLeft":{"x":1574.0740694408825,"y":777.7777754884362}},"dockers":[]},{"resourceId":"oryx_815A29DB-61C7-4FF4-8642-6D4E5C4F77AB","properties":{"y":"536.75","x":"1360.0","AreaVPath":"$IW_WORKAREA","Brief Description":"","Description":"Deploys content and metadata to one or more target environments.","Name":"Production Deployment","id":"Production Deployment","CSSclass":"Task","Owner":"$IW_USER","URI":"http://$IW_SERVER:$IW_PORT/iw-cc/urlexternaltask","Retry":"true","Lock":"false","Readonly":"false","Transferonly":"false","Variables":"ClassName=com.interwoven.livesite.spring.workflow.task.DelegatingUrlExternalTaskProxy|TargetNodes=production|TaskBeanId=workflow.task.HeadlessDeploymentTask","Eafinishop":"","Eastartop":"","Wfvarfinishop":"","Wfvarstartop":"","ActivationCount":"0","Status":"none","Valid":"true","BackgroundColor":"#c0c0c0","TaskType":"ItsURLTask"},"stencil":{"id":"URLTask"},"childShapes":[],"outgoing":[{"resourceId":"oryx_03A5413E-59EB-4052-9954-9A91C8903146"},{"resourceId":"oryx_42804AF0-B960-44AB-A8C8-FA4EEC19C664"}],"bounds":{"lowerRight":{"x":1824.2222171529656,"y":440.99999999999994},"upperLeft":{"x":1722.2222171529656,"y":359}},"dockers":[]},{"resourceId":"oryx_EEC81077-3E84-4D7A-ACD0-8B239CEC82AE","properties":{"y":"633.75","x":"920.0","AreaVPath":"$IW_WORKAREA","Brief Description":"","Description":"Sends a notification to all job participants that the job is complete.","Name":"Job Complete Email","id":"Job Complete Email","CSSclass":"Task","Owner":"$IW_USER","URI":"http://$IW_SERVER:$IW_PORT/iw-cc/urlexternaltask","Retry":"true","Lock":"false","Readonly":"false","Transferonly":"false","Variables":"TaskBeanId=workflow.task.EmailTask|Sender=noreply@interwoven.com|ClassName=com.interwoven.livesite.spring.workflow.task.DelegatingUrlExternalTaskProxy|Recipients=$IW_USER|Subject=Job ${jobId} Complete [${jobName}]|BodyStylesheet=workflow/JobCompleteNotification.xsl","Eafinishop":"","Eastartop":"","Wfvarfinishop":"","Wfvarstartop":"","ActivationCount":"0","Status":"none","Valid":"true","BackgroundColor":"#c0c0c0","TaskType":"ItsURLTask"},"stencil":{"id":"URLTask"},"childShapes":[],"outgoing":[{"resourceId":"oryx_4F477E65-4652-4B72-8FB1-492945247393"},{"resourceId":"oryx_BF9EDEAF-331F-419C-A6E4-07DB24562A87"},{"resourceId":"oryx_BC7B3731-65F5-4154-91DC-DD3892B82679"}],"bounds":{"lowerRight":{"x":1361.2592555527062,"y":859.7777754884362},"upperLeft":{"x":1259.2592555527062,"y":777.7777754884362}},"dockers":[]},{"resourceId":"oryx_E5782439-EAE5-47AA-A6E1-A2ED31F27C0B","properties":{"y":"635.75","x":"643.0","Name":"End Job","id":"End Job","Brief Description":"","Eafinishop":"","Eastartop":"","Wfvarfinishop":"","Wfvarstartop":"","CSSclass":"Event"},"stencil":{"id":"End"},"childShapes":[],"outgoing":[],"bounds":{"lowerRight":{"x":867.3333308804673,"y":811.7777754884362},"upperLeft":{"x":833.3333308804673,"y":777.7777754884362}},"dockers":[]},{"resourceId":"oryx_494079CF-E0CB-4BD8-A03B-65022381DC2E","properties":{"AreaVPath":"$IW_WORKAREA","Brief Description":"","Description":"Attach Deployment Target","Name":"Attach Deployment Target","id":"Attach Deployment Target","CSSclass":"Task","Owner":"$IW_USER","URI":"http://$IW_SERVER:$IW_PORT/iw-cc/urlexternaltask","Retry":"true","Lock":"false","Readonly":"false","Transferonly":"false","Variables":"TaskBeanId=workflow.task.HeadlessAttachDeploymentTarget|ClassName=com.interwoven.livesite.spring.workflow.task.DelegatingUrlExternalTaskProxy|TargetNodes=$IW_SCRIPT(ID1400541838745)","Eafinishop":"","Eastartop":"","Wfvarfinishop":"","Wfvarstartop":"","ActivationCount":"0","Status":"none","Valid":"none","BackgroundColor":"#c0c0c0","TaskType":"ItsURLTask"},"stencil":{"id":"URLTask"},"childShapes":[],"outgoing":[{"resourceId":"oryx_43738377-3932-4B4F-BD02-4BE854E2DF09"},{"resourceId":"oryx_E4147222-2C04-4618-BFE7-A3E79684BDBA"}],"bounds":{"lowerRight":{"x":840.7407385604154,"y":440},"upperLeft":{"x":740.7407385604154,"y":360}},"dockers":[]},{"resourceId":"oryx_599BF3D8-1343-49A5-896E-51AA54EB5AB1","properties":{"AreaVPath":"$IW_WORKAREA","Brief Description":"","Description":"An automated task which auto-tags all required metadata fields.","Name":"Add Required Tags","id":"Add Required Tags","CSSclass":"Task","Owner":"$IW_USER","URI":"http://$IW_SERVER:$IW_PORT/iw-cc/urlexternaltask","Retry":"true","Lock":"false","Readonly":"false","Transferonly":"false","Variables":"TaskBeanId=workflow.task.HeadlessSetMetaTagsTask|ClassName=com.interwoven.livesite.spring.workflow.task.DelegatingUrlExternalTaskProxy|RequiredTagsOnly=true","Eafinishop":"","Eastartop":"","Wfvarfinishop":"","Wfvarstartop":"","ActivationCount":"0","Status":"none","Valid":"none","BackgroundColor":"#c0c0c0","TaskType":"ItsURLTask"},"stencil":{"id":"URLTask"},"childShapes":[],"outgoing":[{"resourceId":"oryx_E85DA4E5-4C0C-45CE-B139-62C2DCCE0DA4"},{"resourceId":"oryx_031088D1-16F5-42CC-AC21-87949A056B18"}],"bounds":{"lowerRight":{"x":1044.4444416645296,"y":440},"upperLeft":{"x":944.4444416645296,"y":360}},"dockers":[]},{"resourceId":"oryx_C0137D20-F2EA-4EA1-8505-5B551F68257D","properties":{"y":"536.75","x":"1360.0","AreaVPath":"$IW_WORKAREA","Brief Description":"","Description":"Deploys content and metadata to one or more target environments.","Name":"Deploy Files","id":"Deploy Files","CSSclass":"Task","Owner":"$IW_USER","URI":"http://$IW_SERVER:$IW_PORT/iw-cc/urlexternaltask","Retry":"true","Lock":"false","Readonly":"false","Transferonly":"false","Variables":"ClassName=com.interwoven.livesite.spring.workflow.task.DelegatingUrlExternalTaskProxy|TargetNodes=$IW_SCRIPT(DeployFilesTargetNodes)|TaskBeanId=workflow.task.HeadlessDeploymentTask","Eafinishop":"","Eastartop":"","Wfvarfinishop":"","Wfvarstartop":"","ActivationCount":"0","Status":"none","Valid":"true","BackgroundColor":"#c0c0c0","TaskType":"ItsURLTask"},"stencil":{"id":"URLTask"},"childShapes":[],"outgoing":[{"resourceId":"oryx_169FF650-E6F2-4C45-97E2-73A3F65C6A45"},{"resourceId":"oryx_147215A8-C801-4F91-A37D-D74F096316FC"}],"bounds":{"lowerRight":{"x":1490.888884800779,"y":441},"upperLeft":{"x":1388.888884800779,"y":359}},"dockers":[]},{"resourceId":"oryx_BC5FD5C4-0C8D-4E4A-B524-570455B876CA","properties":{"AreaVPath":"$IW_WORKAREA","Brief Description":"","Description":"","Name":"Resolve Job Error","id":"Resolve Job Error","Eafinishop":"","Eastartop":"","Wfvarfinishop":"","Wfvarstartop":"","Lock":"false","Readonly":"false","Transferonly":"false","Owner":"$IW_USER","Variables":"","CSSclass":"Task","ActivationCount":"0","Status":"none","Valid":"none","BackgroundColor":"#c0c0c0","TaskType":"ItsUserTask"},"stencil":{"id":"UserTask"},"childShapes":[],"outgoing":[{"resourceId":"oryx_BE3F73EF-FE4B-4C99-A5A5-775FA006E7C3"},{"resourceId":"oryx_760BFD42-0E29-4FAF-AB6C-3F8E90B7CE34"}],"bounds":{"lowerRight":{"x":1155.555552448592,"y":709.6296277763531},"upperLeft":{"x":1055.555552448592,"y":629.6296277763531}},"dockers":[]},{"resourceId":"oryx_C29CAAE2-1164-4A3A-A9AB-07295FF4D018","properties":{"AreaVPath":"$IW_WORKAREA","Brief Description":"","Description":"Set Version Id for pages","Name":"Set Version Id","id":"Set Version Id","CSSclass":"Task","Owner":"$IW_USER","URI":"http://$IW_SERVER:$IW_PORT/iw-cc/urlexternaltask","Retry":"true","Lock":"false","Readonly":"false","Transferonly":"false","Variables":"TaskBeanId=workflow.task.SetVersionIdWebTask|ClassName=com.interwoven.livesite.spring.workflow.task.DelegatingUrlExternalTaskProxy","Eafinishop":"","Eastartop":"","Wfvarfinishop":"","Wfvarstartop":"","ActivationCount":"0","Status":"none","Valid":"none","BackgroundColor":"#c0c0c0","TaskType":"ItsURLTask"},"stencil":{"id":"URLTask"},"childShapes":[],"outgoing":[{"resourceId":"oryx_BEEDA976-3CDA-4376-823D-95ADEF775FC8"},{"resourceId":"oryx_90C30902-8915-44A8-A3F0-1EEBB31E7CF1"}],"bounds":{"lowerRight":{"x":1266.6666632326541,"y":440},"upperLeft":{"x":1166.6666632326541,"y":360}},"dockers":[]},{"resourceId":"oryx_CBA0FCB1-DE7D-4FCB-8FA7-69F2BDC54269","properties":{"AreaVPath":"$IW_WORKAREA","Brief Description":"","Description":"Set Publish Date EA","Name":"Set Publish Date EA","id":"Set Publish Date EA","CSSclass":"Task","Owner":"$IW_USER","URI":"http://$IW_SERVER:$IW_PORT/iw-cc/urlexternaltask","Retry":"true","Lock":"false","Readonly":"false","Transferonly":"false","Variables":"TaskBeanId=workflow.task.PublishDateEATask|ClassName=com.interwoven.livesite.spring.workflow.task.DelegatingUrlExternalTaskProxy","Eafinishop":"","Eastartop":"","Wfvarfinishop":"","Wfvarstartop":"","ActivationCount":"0","Status":"none","Valid":"none","BackgroundColor":"#c0c0c0","TaskType":"ItsURLTask"},"stencil":{"id":"URLTask"},"childShapes":[],"outgoing":[{"resourceId":"oryx_08A58124-736A-4805-8184-B6739E3725D1"},{"resourceId":"oryx_8F0E8A1D-BB33-476B-9BB7-C77881DE3C79"}],"bounds":{"lowerRight":{"x":1823.2222171529656,"y":691.1111093123427},"upperLeft":{"x":1723.2222171529656,"y":611.1111093123427}},"dockers":[]},{"resourceId":"oryx_EBA63F15-916D-4593-BD05-8145F5A74A15","properties":{"AreaVPath":"$IW_WORKAREA","Brief Description":"","Description":"Provides an opportunity to resolve errors that caused the production failure and retry the production deployment.","Name":"Resolve Production Deployment Error","id":"Resolve Production Deployment Error","Eafinishop":"","Eastartop":"","Wfvarfinishop":"","Wfvarstartop":"","Lock":"false","Readonly":"false","Transferonly":"false","Owner":"$IW_USER","Variables":"","CSSclass":"Task","ActivationCount":"0","Status":"none","Valid":"none","BackgroundColor":"#c0c0c0","TaskType":"ItsUserTask"},"stencil":{"id":"UserTask"},"childShapes":[],"outgoing":[{"resourceId":"oryx_70C4795E-0EF9-4111-9742-506B6C4D0DEC"}],"bounds":{"lowerRight":{"x":2118.5185125771322,"y":440},"upperLeft":{"x":2018.518512577132,"y":360}},"dockers":[]},{"resourceId":"oryx_E85DA4E5-4C0C-45CE-B139-62C2DCCE0DA4","properties":{"Name":"Add Required Tags Success","id":"Add Required Tags Success","Type":"Default"},"stencil":{"id":"Flow"},"childShapes":[],"outgoing":[{"resourceId":"oryx_C29CAAE2-1164-4A3A-A9AB-07295FF4D018"}],"bounds":{"lowerRight":{"x":1166.6666632326541,"y":401},"upperLeft":{"x":1044.4444416645296,"y":399}},"dockers":[{"x":99.00000000000011,"y":40},{"x":1,"y":40}],"target":{"resourceId":"oryx_C29CAAE2-1164-4A3A-A9AB-07295FF4D018"}},{"resourceId":"oryx_BEEDA976-3CDA-4376-823D-95ADEF775FC8","properties":{"Name":"Set Version Id Failure","id":"Flow19","Type":"Default"},"stencil":{"id":"Flow"},"childShapes":[],"outgoing":[{"resourceId":"oryx_BC5FD5C4-0C8D-4E4A-B524-570455B876CA"}],"bounds":{"lowerRight":{"x":1215.7310324722448,"y":629.0159766024234},"upperLeft":{"x":1106.4911832090013,"y":440.61365117392984}},"dockers":[{"x":50,"y":79},{"x":50,"y":1}],"target":{"resourceId":"oryx_BC5FD5C4-0C8D-4E4A-B524-570455B876CA"}},{"resourceId":"oryx_E4147222-2C04-4618-BFE7-A3E79684BDBA","properties":{"ToGatewayPosition":"Bottom","Name":"Attach Deployment Target Success","id":"Attach Deployment Target Success","Type":"Default"},"stencil":{"id":"Flow"},"childShapes":[],"outgoing":[{"resourceId":"oryx_599BF3D8-1343-49A5-896E-51AA54EB5AB1"}],"bounds":{"lowerRight":{"x":943.8344011672116,"y":400.3198342674161},"upperLeft":{"x":841.7138232650042,"y":400.00606242575423}},"dockers":[{"x":99,"y":40},{"x":19.85174327989764,"y":40.38270437363133}],"target":{"resourceId":"oryx_599BF3D8-1343-49A5-896E-51AA54EB5AB1"}},{"resourceId":"oryx_5709A5B0-F356-40CB-883E-AE3DA2B17F31","properties":{"Name":"Start Attach Deployment Target","id":"Start Attach Dependencies","Type":"Default"},"stencil":{"id":"Flow"},"childShapes":[],"outgoing":[{"resourceId":"oryx_494079CF-E0CB-4BD8-A03B-65022381DC2E"}],"bounds":{"lowerRight":{"x":740.7407385604154,"y":401},"upperLeft":{"x":552.6296280523004,"y":399}},"dockers":[{"x":17,"y":17},{"x":1,"y":40}],"target":{"resourceId":"oryx_494079CF-E0CB-4BD8-A03B-65022381DC2E"}},{"resourceId":"oryx_43738377-3932-4B4F-BD02-4BE854E2DF09","properties":{"Name":"Attach Deployment Target Failure","id":"Attach Deployment Target Failure","Type":"Default"},"stencil":{"id":"Flow"},"childShapes":[],"outgoing":[{"resourceId":"oryx_BC5FD5C4-0C8D-4E4A-B524-570455B876CA"}],"bounds":{"lowerRight":{"x":1054.9799250118135,"y":650.3593921528613},"upperLeft":{"x":790.7407385604154,"y":440.890625}},"dockers":[{"x":50,"y":40},{"x":790.7407385604154,"y":622},{"x":49.535973,"y":26.107977}],"target":{"resourceId":"oryx_BC5FD5C4-0C8D-4E4A-B524-570455B876CA"}},{"resourceId":"oryx_BE3F73EF-FE4B-4C99-A5A5-775FA006E7C3","properties":{"Name":"Timeout Publish Now Workflow","id":"Flow2","Type":"Timeout","Timeout Duration":"+000010"},"stencil":{"id":"TimeoutLink"},"childShapes":[],"outgoing":[{"resourceId":"oryx_E5782439-EAE5-47AA-A6E1-A2ED31F27C0B"}],"bounds":{"lowerRight":{"x":1054.963039946164,"y":777.2434856050038},"upperLeft":{"x":853.5665971406784,"y":693.3352977763532}},"dockers":[{"x":25.263191,"y":63.70567},{"x":853.5665971406784,"y":693.3352977763532},{"x":20.233266260211053,"y":-0.5342898834323932}],"target":{"resourceId":"oryx_E5782439-EAE5-47AA-A6E1-A2ED31F27C0B"}},{"resourceId":"oryx_4F477E65-4652-4B72-8FB1-492945247393","properties":{"Name":"Job Complete Email Success","id":"Job Complete Email Success","Type":"Default"},"stencil":{"id":"Flow"},"childShapes":[],"outgoing":[{"resourceId":"oryx_E5782439-EAE5-47AA-A6E1-A2ED31F27C0B"}],"bounds":{"lowerRight":{"x":1258.486157400356,"y":800.9233111259494},"upperLeft":{"x":866.9676374232305,"y":798.2897025017124}},"dockers":[{"x":1,"y":20.5},{"x":31.088087614910137,"y":23.16266316478334}],"target":{"resourceId":"oryx_E5782439-EAE5-47AA-A6E1-A2ED31F27C0B"}},{"resourceId":"oryx_760BFD42-0E29-4FAF-AB6C-3F8E90B7CE34","properties":{"Name":"End Publish Now Workflow","id":"Flow3","Type":"Default"},"stencil":{"id":"Flow"},"childShapes":[],"outgoing":[{"resourceId":"oryx_E5782439-EAE5-47AA-A6E1-A2ED31F27C0B"}],"bounds":{"lowerRight":{"x":1056.6544030334794,"y":788.0124936612568},"upperLeft":{"x":866.7787511595737,"y":709.9018540275365}},"dockers":[{"x":28.5,"y":69},{"x":17,"y":17}],"target":{"resourceId":"oryx_E5782439-EAE5-47AA-A6E1-A2ED31F27C0B"}},{"resourceId":"oryx_1D8C3CF2-DF5F-4C62-B87B-2F10E0A29D29","properties":{"Name":"Submit Files Success","id":"Submit Files Success","Type":"Default"},"stencil":{"id":"Flow"},"childShapes":[],"outgoing":[{"resourceId":"oryx_EEC81077-3E84-4D7A-ACD0-8B239CEC82AE"}],"bounds":{"lowerRight":{"x":1574.0740694408825,"y":819.7777754884362},"upperLeft":{"x":1362.0983759194568,"y":817.7777754884362}},"dockers":[{"x":1,"y":41},{"x":101,"y":41}],"target":{"resourceId":"oryx_EEC81077-3E84-4D7A-ACD0-8B239CEC82AE"}},{"resourceId":"oryx_08A58124-736A-4805-8184-B6739E3725D1","properties":{"Name":"Set Publish Date EA Failure","id":"Flow22","Type":"Default"},"stencil":{"id":"Flow"},"childShapes":[],"outgoing":[{"resourceId":"oryx_BC5FD5C4-0C8D-4E4A-B524-570455B876CA"}],"bounds":{"lowerRight":{"x":1722.666430005623,"y":669.5790528089218},"upperLeft":{"x":1156.1113395959346,"y":651.161684279774}},"dockers":[{"x":1,"y":40},{"x":99,"y":40}],"target":{"resourceId":"oryx_BC5FD5C4-0C8D-4E4A-B524-570455B876CA"}},{"resourceId":"oryx_03A5413E-59EB-4052-9954-9A91C8903146","properties":{"Name":"Production Deployment Success","id":"Production Deployment Success","Type":"Default"},"stencil":{"id":"Flow"},"childShapes":[],"outgoing":[{"resourceId":"oryx_CBA0FCB1-DE7D-4FCB-8FA7-69F2BDC54269"}],"bounds":{"lowerRight":{"x":1774.2222171529656,"y":611.1111093123427},"upperLeft":{"x":1772.2222171529656,"y":441}},"dockers":[{"x":51,"y":81},{"x":50,"y":1}],"target":{"resourceId":"oryx_CBA0FCB1-DE7D-4FCB-8FA7-69F2BDC54269"}},{"resourceId":"oryx_147215A8-C801-4F91-A37D-D74F096316FC","properties":{"Name":"Deploy Files Failure","id":"Deploy Files Failure","Type":"Default"},"stencil":{"id":"Flow"},"childShapes":[],"outgoing":[{"resourceId":"oryx_BC5FD5C4-0C8D-4E4A-B524-570455B876CA"}],"bounds":{"lowerRight":{"x":1412.4500152773857,"y":629.3274340822991},"upperLeft":{"x":1132.494421971985,"y":441.30219369405404}},"dockers":[{"x":25.5,"y":81},{"x":75,"y":1}],"target":{"resourceId":"oryx_BC5FD5C4-0C8D-4E4A-B524-570455B876CA"}},{"resourceId":"oryx_031088D1-16F5-42CC-AC21-87949A056B18","properties":{"Name":"Add Required Tags Failure","id":"Add Required Tags Failure","Type":"Default"},"stencil":{"id":"Flow"},"childShapes":[],"outgoing":[{"resourceId":"oryx_BC5FD5C4-0C8D-4E4A-B524-570455B876CA"}],"bounds":{"lowerRight":{"x":1079.2147977643108,"y":629.1360554089983},"upperLeft":{"x":994.4444416645296,"y":440.74768493145154}},"dockers":[{"x":50.00000000000006,"y":79},{"x":994.4444416645296,"y":534.703671225795},{"x":25,"y":1}],"target":{"resourceId":"oryx_BC5FD5C4-0C8D-4E4A-B524-570455B876CA"}},{"resourceId":"oryx_90C30902-8915-44A8-A3F0-1EEBB31E7CF1","properties":{"Name":"Set Version Id Success","id":"Flow20","Type":"Default"},"stencil":{"id":"Flow"},"childShapes":[],"outgoing":[{"resourceId":"oryx_C0137D20-F2EA-4EA1-8505-5B551F68257D"}],"bounds":{"lowerRight":{"x":1388.888884800779,"y":401},"upperLeft":{"x":1267.637149338655,"y":399}},"dockers":[{"x":99,"y":40},{"x":1,"y":41}],"target":{"resourceId":"oryx_C0137D20-F2EA-4EA1-8505-5B551F68257D"}},{"resourceId":"oryx_169FF650-E6F2-4C45-97E2-73A3F65C6A45","properties":{"ToGatewayPosition":"Top","Name":"Deploy Files Success","id":"Deploy Files Success","Type":"Default"},"stencil":{"id":"Flow"},"childShapes":[],"outgoing":[{"resourceId":"oryx_815A29DB-61C7-4FF4-8642-6D4E5C4F77AB"}],"bounds":{"lowerRight":{"x":1722.2222171529656,"y":401},"upperLeft":{"x":1491.8003431302795,"y":399}},"dockers":[{"x":101,"y":41},{"x":1,"y":41}],"target":{"resourceId":"oryx_815A29DB-61C7-4FF4-8642-6D4E5C4F77AB"}},{"resourceId":"oryx_70C4795E-0EF9-4111-9742-506B6C4D0DEC","properties":{"Name":"Retry Production Deployment","id":"Flow13","Type":"Default"},"stencil":{"id":"Flow"},"childShapes":[],"outgoing":[{"resourceId":"oryx_815A29DB-61C7-4FF4-8642-6D4E5C4F77AB"}],"bounds":{"lowerRight":{"x":2017.7517334171525,"y":420.49549971344043},"upperLeft":{"x":1824.9889963129451,"y":420.00450028655956}},"dockers":[{"x":1,"y":60},{"x":101,"y":61.5}],"target":{"resourceId":"oryx_815A29DB-61C7-4FF4-8642-6D4E5C4F77AB"}},{"resourceId":"oryx_8F0E8A1D-BB33-476B-9BB7-C77881DE3C79","properties":{"Name":"Set Publish Date EA Success","id":"Flow21","Type":"Default"},"stencil":{"id":"Flow"},"childShapes":[],"outgoing":[{"resourceId":"oryx_F5784C05-D92F-4CAF-8007-14C5BFE6A222"}],"bounds":{"lowerRight":{"x":1773.2222171529656,"y":818.7777754884362},"upperLeft":{"x":1676.8408518448832,"y":691.6137134770931}},"dockers":[{"x":50,"y":79},{"x":1773.2222171529656,"y":818.7777754884362},{"x":101,"y":41}],"target":{"resourceId":"oryx_F5784C05-D92F-4CAF-8007-14C5BFE6A222"}},{"resourceId":"oryx_BF9EDEAF-331F-419C-A6E4-07DB24562A87","properties":{"Name":"Job Complete Email Timeout","id":"Job Complete Email Timeout","Type":"Timeout","Timeout Duration":"+000003"},"stencil":{"id":"TimeoutLink"},"childShapes":[],"outgoing":[{"resourceId":"oryx_E5782439-EAE5-47AA-A6E1-A2ED31F27C0B"}],"bounds":{"lowerRight":{"x":1258.5172118725413,"y":831.0277754884362},"upperLeft":{"x":859.3735403839972,"y":809.7551594037267}},"dockers":[{"x":3,"y":53.25},{"x":1028.271528178645,"y":831.0277754884362},{"x":20.970684422088084,"y":31.338879796932247}],"target":{"resourceId":"oryx_E5782439-EAE5-47AA-A6E1-A2ED31F27C0B"}},{"resourceId":"oryx_BC7B3731-65F5-4154-91DC-DD3892B82679","properties":{"Name":"Job Complete Email Failure","id":"Flow1","Type":"Default"},"stencil":{"id":"Flow"},"childShapes":[],"outgoing":[{"resourceId":"oryx_BC5FD5C4-0C8D-4E4A-B524-570455B876CA"}],"bounds":{"lowerRight":{"x":1310.2592555527062,"y":777.7777754884362},"upperLeft":{"x":1105.555552448592,"y":710.1776601803538}},"dockers":[{"x":51,"y":1},{"x":1310.2592555527062,"y":743.7037016323946},{"x":1105.555552448592,"y":743.7037016323946},{"x":50,"y":79}],"target":{"resourceId":"oryx_BC5FD5C4-0C8D-4E4A-B524-570455B876CA"}},{"resourceId":"oryx_42804AF0-B960-44AB-A8C8-FA4EEC19C664","properties":{"Name":"Production Deployment Failure","id":"Production Deployment Failure","Type":"Default"},"stencil":{"id":"Flow"},"childShapes":[],"outgoing":[{"resourceId":"oryx_EBA63F15-916D-4593-BD05-8145F5A74A15"}],"bounds":{"lowerRight":{"x":2018.518512577132,"y":380},"upperLeft":{"x":1824.610701383474,"y":380}},"dockers":[{"x":92.59262331977243,"y":21},{"x":1,"y":20}],"target":{"resourceId":"oryx_EBA63F15-916D-4593-BD05-8145F5A74A15"}}],"bounds":{"lowerRight":{"x":2437,"y":1320},"upperLeft":{"x":0,"y":0}},"stencilset":{"url":"/iw-wfm/editor/stencilsets/iwov_process_model/iwovprocessmodels.json","namespace":"http://autonomy.com/stencilset/iwovwfm#"},"ssextensions":[],"modelVariables":[{"TaskId":"CGITask","PropertyName":"Variables","VariableId":"AttachFilesTargetNodes","VariableValue":"","TaskType":"","isDeleted":""},{"TaskId":"CGITask","PropertyName":"Variables","VariableId":"DeployFilesTargetNodes","VariableValue":"","TaskType":"","isDeleted":""},{"TaskId":"URLTask","PropertyName":"Variables","VariableId":"Reviewer","VariableValue":"","TaskType":"","isDeleted":""},{"TaskId":"CGITask","PropertyName":"Variables","VariableId":"TargetNodes","VariableValue":"","TaskType":"","isDeleted":""},{"TaskId":"UserTask","PropertyName":"Owner","VariableId":"Reviewer","VariableValue":"","TaskType":"","isDeleted":""},{"TaskId":"CGITask","PropertyName":"Variables","VariableId":"DeployFilesSuccessMessage","VariableValue":"","TaskType":"","isDeleted":""},{"TaskId":"URLTask","PropertyName":"Variables","VariableId":"AuthorCommentsForReviewer","VariableValue":"","TaskType":"","isDeleted":""},{"TaskId":"CGITask","PropertyName":"Variables","VariableId":"CreativePageType","VariableValue":"","TaskType":"","isDeleted":""},{"TaskId":"Attach Deployment Target","PropertyName":"Variables","VariableId":"ID1400541838745","VariableValue":{"type":"$IW_SCRIPT","value":{"id":"ID1400541838745","code":"\"development\" + \",production\";"}},"TaskType":"URLTask"},{"TaskId":"Publish LiveSite Content","PropertyName":"Global Variables","VariableId":"Reviewer","VariableValue":{"value":{"id":"Reviewer","isHidden":false,"description":"","isReadOnly":false,"label":"Reviewer","defaultValue":"","datasource":"LiveSite Reviewers"},"type":"$IW_DS"},"TaskType":"ModelProperties"},{"TaskId":"Publish LiveSite Content","PropertyName":"Global Variables","VariableId":"ReviewFlag","VariableValue":{"value":{"id":"ReviewFlag","isHidden":true,"description":"","isReadOnly":false,"label":"Review Required?","defaultValue":"false"},"type":"$IW_CV"},"TaskType":"ModelProperties"},{"TaskId":"Publish LiveSite Content","PropertyName":"Global Variables","VariableId":"JobDescription","VariableValue":{"value":{"id":"JobDescription","isHidden":false,"description":"The description of the current job.","isReadOnly":false,"label":"Job Description","defaultValue":""},"type":"$IW_CV"},"TaskType":"ModelProperties"},{"TaskId":"Publish LiveSite Content","PropertyName":"Global Variables","VariableId":"ScriptProductionFlag","VariableValue":{"value":{"id":"ScriptProductionFlag","code":"\"$IW_CV(TargetNodes)\".indexOf(\"production\") > -1 ? \"true\" : \"false\""},"type":"$IW_SCRIPT"},"TaskType":"ModelProperties"},{"TaskId":"Publish LiveSite Content","PropertyName":"Global Variables","VariableId":"DefaultJobDescription","VariableValue":{"value":{"id":"DefaultJobDescription","isHidden":false,"description":"The default job description, used if one is not provided at instantiation time by the job creator.","isReadOnly":false,"label":"Default Job Description","defaultValue":"Publishes content to one or more target nodes, optionally including a review / revision loop."},"type":"$IW_CV"},"TaskType":"ModelProperties"},{"TaskId":"Publish LiveSite Content","PropertyName":"Global Variables","VariableId":"ProductionFlag","VariableValue":{"value":{"id":"ProductionFlag","isHidden":true,"description":"","isReadOnly":false,"label":"Deploy to Production?","defaultValue":"false"},"type":"$IW_CV"},"TaskType":"ModelProperties"},{"TaskId":"Publish LiveSite Content","PropertyName":"Global Variables","VariableId":"SubmitFlag","VariableValue":{"value":{"id":"SubmitFlag","isHidden":true,"description":"","isReadOnly":true,"label":"Submit Files?","defaultValue":"false"},"type":"$IW_CV"},"TaskType":"ModelProperties"},{"TaskId":"Publish LiveSite Content","PropertyName":"Global Variables","VariableId":"ReviewFlagIsTrue","VariableValue":{"value":{"id":"ReviewFlagIsTrue","code":"\"$IW_CV(ReviewFlag)\" == \"true\" ? \"true\" : \"false\""},"type":"$IW_SCRIPT"},"TaskType":"ModelProperties"},{"TaskId":"Publish LiveSite Content","PropertyName":"Global Variables","VariableId":"AuthorCommentsForReviewer","VariableValue":{"value":{"id":"AuthorCommentsForReviewer","isHidden":false,"description":"These comments are included in the reviewer notification email.","isReadOnly":false,"label":"Comments For Reviewer","defaultValue":""},"type":"$IW_CV"},"TaskType":"ModelProperties"},{"TaskId":"Publish LiveSite Content","PropertyName":"Global Variables","VariableId":"ProductionFlagIsTrue","VariableValue":{"value":{"id":"ProductionFlagIsTrue","code":"\"$IW_CV(ProductionFlag)\" == \"true\" ? \"true\" : \"false\""},"type":"$IW_SCRIPT"},"TaskType":"ModelProperties"},{"TaskId":"Publish LiveSite Content","PropertyName":"Global Variables","VariableId":"SubmitFlagIsTrue","VariableValue":{"value":{"id":"SubmitFlagIsTrue","code":"\"$IW_CV(SubmitFlag)\" == \"true\" ? \"true\" : \"false\";"},"type":"$IW_SCRIPT"},"TaskType":"ModelProperties"},{"TaskId":"Publish LiveSite Content","PropertyName":"Global Variables","VariableId":"ReviewFlagIsFalse","VariableValue":{"value":{"id":"ReviewFlagIsFalse","code":"\"$IW_CV(ReviewFlag)\" == \"false\" ? \"true\" : \"false\""},"type":"$IW_SCRIPT"},"TaskType":"ModelProperties"},{"TaskId":"Publish LiveSite Content","PropertyName":"Global Variables","VariableId":"ProductionFlagIsFalse","VariableValue":{"value":{"id":"ProductionFlagIsFalse","code":"\"$IW_CV(ProductionFlag)\" == \"false\" ? \"true\" : \"false\""},"type":"$IW_SCRIPT"},"TaskType":"ModelProperties"},{"TaskId":"Publish LiveSite Content","PropertyName":"Global Variables","VariableId":"SubmitFlagIsFalse","VariableValue":{"value":{"id":"SubmitFlagIsFalse","code":"\"$IW_CV(SubmitFlag)\" == \"false\" ? \"true\" : \"false\";"},"type":"$IW_SCRIPT"},"TaskType":"ModelProperties"},{"TaskId":"Publish LiveSite Content","PropertyName":"Global Variables","VariableId":"DeployFilesTargetNodes","VariableValue":{"value":{"id":"DeployFilesTargetNodes","code":"\"development\" + (  /** if production is true and there's no review, all in one step! */  ( \"$IW_CV(ProductionFlag)\" == \"true\"      && \"$IW_CV(ReviewFlag)\" == \"false\" )  ? \",production\"   : \"\");"},"type":"$IW_SCRIPT"},"TaskType":"ModelProperties","isDeleted":true},{"TaskId":"Publish LiveSite Content","PropertyName":"Global Variables","VariableId":"GetJobDescription","VariableValue":{"value":{"id":"GetJobDescription","code":"var d = \"$IW_CV(JobDescription)\";if ( d == \"\" ){   \"$IW_CV(DefaultJobDescription)\" }else{  d;}"},"type":"$IW_SCRIPT"},"TaskType":"ModelProperties"},{"TaskId":"Publish LiveSite Content","PropertyName":"Global Variables","VariableId":"TargetNodes","VariableValue":{"value":{"id":"TargetNodes","isHidden":false,"description":"","isReadOnly":false,"label":"Target Nodes","defaultValue":"development"},"type":"$IW_CV"},"TaskType":"ModelProperties"},{"TaskId":"Publish LiveSite Content","PropertyName":"Global Variables","VariableId":"Reviewer","VariableValue":{"type":"$IW_DS","value":{"id":"Reviewer","label":"Reviewer","datasource":"Experience Studio Reviewers","defaultValue":"","description":"","isHidden":false,"isReadOnly":false}},"TaskType":"ModelProperties"},{"TaskId":"Publish LiveSite Content","PropertyName":"Global Variables","VariableId":"DeployFilesTargetNodes","VariableValue":{"type":"$IW_SCRIPT","value":{"id":"DeployFilesTargetNodes","code":"\"development\" ;"}},"TaskType":"ModelProperties"},{"TaskId":"Deploy Files","PropertyName":"Variables","VariableId":"DeployFilesTargetNodes","VariableValue":"","TaskType":"URLTask"},{"TaskId":"Publish LiveSite Content","PropertyName":"Global Variables","VariableId":"DeployFilesTargetNodes","VariableValue":{"type":"$IW_SCRIPT","value":{"id":"DeployFilesTargetNodes","code":"\"development\" ;"}},"TaskType":"ModelProperties"}]}