{"resourceId":"oryx-canvas123","properties":{"Owner":"$IW_USER","Priority":"2","Brief Description":"","Description":"Translation workflow that takes the translatable files through the process of localizing the content and reviewing them.","DueDate":"","Global Variables":"","VAVariables":"","Variables":"","PostProcessorCommand":"","PreProcessorCommand":"","Name":"Workflow Properties","id":"Workflow Properties1","ActivationCount":"","Version":"1.0.0.1","Status":"","Valid":"true","File Comments":"true"},"stencil":{"id":"ModelProperties"},"childShapes":[{"resourceId":"oryx_74ECCF15-D2EF-4876-9E38-5E753AFCB929","properties":{"y":"43.0","x":"58.0","Name":"Translation Job Start","id":"Translation Job Start","CSSclass":"Event"},"stencil":{"id":"Start"},"childShapes":[],"outgoing":[{"resourceId":"oryx_9ABE014C-CEB3-44AE-8AB8-5671EC13294E"}],"bounds":{"lowerRight":{"x":342.17307252718547,"y":321.6282010253731},"upperLeft":{"x":308.17307252718547,"y":287.6282010253731}},"dockers":[]},{"resourceId":"oryx_81A6E09E-2A4E-4043-BDBC-1275D32C5F5B","properties":{"y":"260.0","x":"153.0","AreaVPath":"$IW_WORKAREA","Brief Description":"","Description":"Translation User Task","Name":"Translate User Task","id":"Translate User Task","Eafinishop":"","Eastartop":"","Wfvarfinishop":"","Wfvarstartop":"","Lock":"true","Readonly":"false","Transferonly":"false","Owner":"$IW_USER","Variables":"user_task_type=translation","CSSclass":"Task","ActivationCount":"0","Status":"none","Valid":"true","BackgroundColor":"#c0c0c0","TaskType":"ItsUserTask"},"stencil":{"id":"UserTask"},"childShapes":[],"outgoing":[{"resourceId":"oryx_B38CD9F4-89C6-4CB5-975E-3343254C910A"}],"bounds":{"lowerRight":{"x":453,"y":560},"upperLeft":{"x":351,"y":478}},"dockers":[]},{"resourceId":"oryx_8C3C97C8-7B98-46E6-BCAF-61420C7B4957","properties":{"y":"353.0","x":"779.0","AreaVPath":"$IW_WORKAREA","Brief Description":"","Description":"Please confirm that the external translations have been received and place in the correct location for pick-up by the workflow.  Once the files are ready, complete this task to continue.","Name":"Confirm External Translation","id":"Confirm External Translation","Eafinishop":"","Eastartop":"","Wfvarfinishop":"","Wfvarstartop":"","Lock":"false","Readonly":"false","Transferonly":"false","Owner":"$IW_USER","Variables":"","CSSclass":"Task","ActivationCount":"0","Status":"none","Valid":"true","BackgroundColor":"#c0c0c0","TaskType":"ItsUserTask"},"stencil":{"id":"UserTask"},"childShapes":[],"outgoing":[{"resourceId":"oryx_DF12CA7C-CFB1-4C75-A774-6903EEFEE42D"}],"bounds":{"lowerRight":{"x":1108.698703588806,"y":677.8012735525585},"upperLeft":{"x":1006.6987035888058,"y":595.8012735525585}},"dockers":[]},{"resourceId":"oryx_F7AF0786-1CF8-4601-8EA5-13590890E710","properties":{"y":"398.0","x":"325.0","AreaVPath":"$IW_WORKAREA","Brief Description":"Review the translation work","Description":"The review task to go over the translation work done.","Name":"Translation Review","id":"Translation Review","CSSclass":"Task","Available Groups":"","Available Users":"$IW_DS(g11n_reviewers);","NoOfReviewers":"$IW_REVIEWER(reviewer)","ReturnOnFirstReject":"false","ReviewType":"Concurrent","NotifyReviewer":"true","Lock":"true","Readonly":"true","Transferonly":"false","ReviewOwner":"","Variables":"mail_template=/iwadmin/main/config/STAGING/workflow/email/configurableReviewerNotification.xsl |ClassName=com.interwoven.ui.teamsite.workflow.task.urltask.ReviewerMailNotificationTask|target_task_name=Translation Review","Eafinishop":"","Eastartop":"","Wfvarfinishop":"","Wfvarstartop":"","ActivationCount":"0","Status":"none","Valid":"true","BackgroundColor":"#c0c0c0","TaskType":"ItsReviewTask"},"stencil":{"id":"ReviewTask"},"childShapes":[],"outgoing":[{"resourceId":"oryx_4726C4D4-67BE-427A-B089-3A132BB3FF92"},{"resourceId":"oryx_AE2C3F6A-86AD-4AC7-B824-239BD02C359F"}],"bounds":{"lowerRight":{"x":587,"y":657.2564020507461},"upperLeft":{"x":485,"y":575.2564020507461}},"dockers":[]},{"resourceId":"oryx_87307F6E-38B4-4FCF-9A92-8841CDAF6ACC","properties":{"y":"480.0","x":"539.0","AreaVPath":"$IW_WORKAREA","Brief Description":"","Description":"Email user regarding an error while setting translation status on files.","Name":"Email User - Status Error","id":"Email User - Status Error","CSSclass":"Task","Owner":"$IW_USER","EMailCommand":"http://$IW_SERVER/iw-cc/urlexternaltask","Retry":"true","Lock":"false","Readonly":"false","Transferonly":"false","Variables":"mail_template=/iwadmin/main/config/STAGING/workflow/email/configurableAuthorNotification.xsl|ClassName=com.interwoven.ui.teamsite.workflow.task.urltask.AuthorMailNotificationTask|target_task_name=Resolve Status Errors","Eafinishop":"","Eastartop":"","Wfvarfinishop":"","Wfvarstartop":"","ActivationCount":"0","Status":"none","Valid":"true","BackgroundColor":"#c0c0c0","TaskType":"ItsEmailTask"},"stencil":{"id":"EmailTask"},"childShapes":[],"outgoing":[{"resourceId":"oryx_8945C0C5-3A4B-4F07-8B4B-CDEFAF105585"},{"resourceId":"oryx_25A00E02-3051-4334-893F-25B5B4FA4F50"}],"bounds":{"lowerRight":{"x":839,"y":780},"upperLeft":{"x":737,"y":698}},"dockers":[]},{"resourceId":"oryx_4B080A76-7EDB-4465-8CA7-6C0F6DFE6D40","properties":{"y":"244.0","x":"587.0","AreaVPath":"$IW_WORKAREA","Brief Description":"","Description":"Notify completion of external translation prep work.","Name":"Notify Prep Completion","id":"Notify Prep Completion","CSSclass":"Task","Owner":"$IW_USER","EMailCommand":"http://$IW_SERVER/iw-cc/urlexternaltask","Retry":"true","Lock":"false","Readonly":"false","Transferonly":"false","Variables":"mail_template=/iwadmin/main/config/STAGING/workflow/email/configurableAuthorNotification.xsl|ClassName=com.interwoven.ui.teamsite.workflow.task.urltask.AuthorMailNotificationTask|target_task_name=Confirm External Translation","Eafinishop":"","Eastartop":"","Wfvarfinishop":"","Wfvarstartop":"","ActivationCount":"0","Status":"none","Valid":"true","BackgroundColor":"#c0c0c0","TaskType":"ItsEmailTask"},"stencil":{"id":"EmailTask"},"childShapes":[],"outgoing":[{"resourceId":"oryx_3225D88E-81D6-448B-8B38-88A9D76BFC3F"},{"resourceId":"oryx_0E48E436-4A68-4B01-9617-BCC4E310A897"}],"bounds":{"lowerRight":{"x":903.2499885706821,"y":554.5320445416844},"upperLeft":{"x":801.2499885706821,"y":472.53204454168434}},"dockers":[]},{"resourceId":"oryx_25B17E20-B638-400E-962C-D5F64AB52B70","properties":{"y":"153.0","x":"222.0","AreaVPath":"$IW_WORKAREA","Brief Description":"","Description":"Notify the translator of work to be done.","Name":"Notify Translator","id":"Notify Translator","CSSclass":"Task","Owner":"$IW_USER","EMailCommand":"http://$IW_SERVER/iw-cc/urlexternaltask","Retry":"true","Lock":"false","Readonly":"false","Transferonly":"false","Variables":"mail_template=/iwadmin/main/config/STAGING/workflow/email/configurableAuthorNotification.xsl|ClassName=com.interwoven.ui.teamsite.workflow.task.urltask.AuthorMailNotificationTask|target_task_name=Translate User Task","Eafinishop":"","Eastartop":"","Wfvarfinishop":"","Wfvarstartop":"","ActivationCount":"0","Status":"none","Valid":"true","BackgroundColor":"#c0c0c0","TaskType":"ItsEmailTask"},"stencil":{"id":"EmailTask"},"childShapes":[],"outgoing":[{"resourceId":"oryx_50BE710C-7340-4343-B1E5-FDD34BF2A8B7"},{"resourceId":"oryx_2AAD23D8-1C22-4AC0-969A-DA28FEFCF4D0"}],"bounds":{"lowerRight":{"x":587,"y":472.3525585344349},"upperLeft":{"x":484.99999999999994,"y":390.3525585344349}},"dockers":[]},{"resourceId":"oryx_766A15F0-F23C-4D3E-832E-2576575425B8","properties":{"y":"593.0","x":"615.0","AreaVPath":"$IW_WORKAREA","Brief Description":"","Description":"Resolve translation status errors.","Name":"Resolve Status Errors","id":"Resolve Status Errors","CSSclass":"Task","Owner":"$IW_USER","CGIScriptName":"iwbs.cgi","Immediate":"false","Lock":"false","Readonly":"false","Transferonly":"false","Variables":"","Eafinishop":"","Eastartop":"","Wfvarfinishop":"","Wfvarstartop":"","ActivationCount":"0","Status":"none","Valid":"true","BackgroundColor":"#c0c0c0","TaskType":"ItsCGITask"},"stencil":{"id":"CGITask"},"childShapes":[],"outgoing":[{"resourceId":"oryx_1CFC4414-EFA1-4211-AB14-F3C5CC429021"}],"bounds":{"lowerRight":{"x":985.4294745779316,"y":875},"upperLeft":{"x":883.4294745779316,"y":793}},"dockers":[]},{"resourceId":"oryx_B311B3C8-54B1-4882-BB19-F9750BE6465A","properties":{"y":"79.0","x":"246.0","AreaVPath":"$IW_WORKAREA","Brief Description":"","Description":"Translation manifest building task","Name":"Build Manifest and Set Translation Status","id":"Build Manifest and Set Translation Status","CSSclass":"Task","Owner":"$IW_USER","URI":"http://$IW_SERVER/iw-cc/urlexternaltask","Retry":"true","Lock":"true","Readonly":"false","Transferonly":"false","Variables":"iw_success_transition=Translate|iw_failure_transition=Cancel Job|ClassName=com.interwoven.ui.teamsite.g11n.translation.workflow.task.urltask.BuildManifestAndSetTranslationStatusTask|exclude_page_file=$IW_CV(exclude_page_file)|translation_type=$IW_CV(translation_type)","Eafinishop":"","Eastartop":"","Wfvarfinishop":"","Wfvarstartop":"","ActivationCount":"0","Status":"none","Valid":"true","BackgroundColor":"#c0c0c0","TaskType":"ItsURLTask"},"stencil":{"id":"URLTask"},"childShapes":[],"outgoing":[{"resourceId":"oryx_72B22125-D005-4732-8147-36653C7B4516"},{"resourceId":"oryx_B0E331C3-2E48-40BE-AD91-E72EDE1096BF"}],"bounds":{"lowerRight":{"x":657,"y":358},"upperLeft":{"x":555,"y":276}},"dockers":[]},{"resourceId":"oryx_4075C89E-55DA-4A3B-84D2-B37E6F1A6FFA","properties":{"y":"575.0","x":"138.0","AreaVPath":"$IW_WORKAREA","Brief Description":"","Description":"Clean up manifest file","Name":"Clean Up Manifest","id":"Clean Up Manifest","CSSclass":"Task","Owner":"$IW_USER","URI":"http://$IW_SERVER/iw-cc/urlexternaltask","Retry":"true","Lock":"false","Readonly":"false","Transferonly":"false","Variables":"ClassName=com.interwoven.ui.teamsite.g11n.translation.workflow.task.urltask.CleanUpTranslationHelperFilesTask","Eafinishop":"","Eastartop":"","Wfvarfinishop":"","Wfvarstartop":"","ActivationCount":"0","Status":"none","Valid":"true","BackgroundColor":"#c0c0c0","TaskType":"ItsURLTask"},"stencil":{"id":"URLTask"},"childShapes":[],"outgoing":[{"resourceId":"oryx_CC7E9A57-2003-4803-981B-35A54DFB354A"}],"bounds":{"lowerRight":{"x":417,"y":875},"upperLeft":{"x":315,"y":793}},"dockers":[]},{"resourceId":"oryx_26DF4563-A4BB-4A19-8003-1B76E87259DC","properties":{"y":"496.0","x":"287.0","AreaVPath":"$IW_WORKAREA","Brief Description":"","Description":"Set translation status","Name":"Set Translation Complete Status","id":"Set Translation Complete Status","CSSclass":"Task","Owner":"$IW_USER","URI":"http://$IW_SERVER/iw-cc/urlexternaltask","Retry":"true","Lock":"true","Readonly":"false","Transferonly":"false","Variables":"ClassName=com.interwoven.ui.teamsite.g11n.translation.workflow.task.urltask.SetTranslationDoneStatusTask|iw_success_transition=Clean Manifest|iw_failure_transition=Notify Error","Eafinishop":"","Eastartop":"","Wfvarfinishop":"","Wfvarstartop":"","ActivationCount":"0","Status":"none","Valid":"true","BackgroundColor":"#c0c0c0","TaskType":"ItsURLTask"},"stencil":{"id":"URLTask"},"childShapes":[],"outgoing":[{"resourceId":"oryx_B7424D8A-744C-4B59-B005-F3EE3C94847A"},{"resourceId":"oryx_F7094733-2A3F-4123-BC04-74B460A45139"}],"bounds":{"lowerRight":{"x":587,"y":821.6153740652451},"upperLeft":{"x":484.99999999999994,"y":739.6153740652451}},"dockers":[]},{"resourceId":"oryx_7A840F8C-3A0A-4E96-BD0D-C05DF4913400","properties":{"y":"359.0","x":"548.0","AreaVPath":"$IW_WORKAREA","Brief Description":"","Description":"Import the translated content back into the respository","Name":"Import External Translation","id":"Import External Translation","CSSclass":"Task","Owner":"$IW_USER","URI":"http://$IW_SERVER/iw-cc/urlexternaltask","Retry":"true","Lock":"false","Readonly":"false","Transferonly":"false","Variables":"ClassName=com.interwoven.ui.teamsite.g11n.translation.workflow.task.urltask.ImportExternalTranslationResultTask","Eafinishop":"","Eastartop":"","Wfvarfinishop":"","Wfvarstartop":"","ActivationCount":"0","Status":"none","Valid":"true","BackgroundColor":"#c0c0c0","TaskType":"ItsURLTask"},"stencil":{"id":"URLTask"},"childShapes":[],"outgoing":[{"resourceId":"oryx_C5C5B8FD-A25C-4BC7-81B8-578EA7F5519C"}],"bounds":{"lowerRight":{"x":903.2499885706821,"y":677.8012735525585},"upperLeft":{"x":801.2499885706821,"y":595.8012735525585}},"dockers":[]},{"resourceId":"oryx_0BA3644D-3116-45C7-A337-E250BB67E422","properties":{"y":"126.0","x":"511.0","AreaVPath":"$IW_WORKAREA","Brief Description":"","Description":"Prepare files required for external translation.","Name":"External Translation Prep Task","id":"External Translation Prep Task","CSSclass":"Task","Owner":"$IW_USER","URI":"http://$IW_SERVER/iw-cc/urlexternaltask","Retry":"true","Lock":"false","Readonly":"false","Transferonly":"false","Variables":"ClassName=com.interwoven.ui.teamsite.g11n.translation.workflow.task.urltask.PrepareExternalTranslationTask","Eafinishop":"","Eastartop":"","Wfvarfinishop":"","Wfvarstartop":"","ActivationCount":"0","Status":"none","Valid":"true","BackgroundColor":"#c0c0c0","TaskType":"ItsURLTask"},"stencil":{"id":"URLTask"},"childShapes":[],"outgoing":[{"resourceId":"oryx_1D64C34D-749D-47A2-A730-440E40BF89EC"}],"bounds":{"lowerRight":{"x":903.2499885706821,"y":358},"upperLeft":{"x":801.2499885706821,"y":276}},"dockers":[]},{"resourceId":"oryx_E73A6E3E-19B7-45DC-8467-33D38A1038FD","properties":{"y":"647.0","x":"276.0","Name":"Translation Job Complete","id":"Translation Job Complete","Brief Description":"","Eafinishop":"","Eastartop":"","Wfvarfinishop":"","Wfvarstartop":"","CSSclass":"Event"},"stencil":{"id":"End"},"childShapes":[],"outgoing":[],"bounds":{"lowerRight":{"x":674,"y":941},"upperLeft":{"x":640,"y":907}},"dockers":[]},{"resourceId":"oryx_DD0F94F6-BBF2-4A8E-AEB1-17AAD6D8AF27","properties":{"y":"204.00003","x":"409.0","Name":"Translation Type","id":"Translation Type","GatewayType":"AND"},"stencil":{"id":"AND"},"childShapes":[],"outgoing":[{"resourceId":"oryx_FA9AF07D-CA40-4E75-B506-544BAA980594"},{"resourceId":"oryx_5586FDAF-D771-44D7-B3C2-070134E4A36A"}],"bounds":{"lowerRight":{"x":709,"y":504.00003000000004},"upperLeft":{"x":669,"y":464.00003000000004}},"dockers":[]},{"resourceId":"oryx_14A749F7-BF09-4617-B470-567E8177CFB8","properties":{"y":"312.0","x":"377.0","Name":"Reject Gateway","id":"Reject Gateway","GatewayType":"AND"},"stencil":{"id":"AND"},"childShapes":[],"outgoing":[{"resourceId":"oryx_6DFFCE40-3907-4B86-B945-D5188FD7D8FA"},{"resourceId":"oryx_C38F0ECE-5B21-4BA0-A92E-6F066AFDCB59"}],"bounds":{"lowerRight":{"x":677,"y":612},"upperLeft":{"x":637,"y":572}},"dockers":[]},{"resourceId":"oryx_9ABE014C-CEB3-44AE-8AB8-5671EC13294E","properties":{"Name":"Build Manifest","id":"Flow8","Type":"Default"},"stencil":{"id":"Flow"},"childShapes":[],"outgoing":[{"resourceId":"oryx_B311B3C8-54B1-4882-BB19-F9750BE6465A"}],"bounds":{"lowerRight":{"x":554.5911269387417,"y":302.7578707037936},"upperLeft":{"x":342.45878292520155,"y":302.1363199372278}},"dockers":[{"x":14.45,"y":14.45},{"x":21.409544146281974,"y":26.821798974626915}],"target":{"resourceId":"oryx_B311B3C8-54B1-4882-BB19-F9750BE6465A"}},{"resourceId":"oryx_CC7E9A57-2003-4803-981B-35A54DFB354A","properties":{"Name":"Complete Job","id":"Flow12","Type":"Default"},"stencil":{"id":"Flow"},"childShapes":[],"outgoing":[{"resourceId":"oryx_E73A6E3E-19B7-45DC-8467-33D38A1038FD"}],"bounds":{"lowerRight":{"x":643.2740234375001,"y":921.45},"upperLeft":{"x":365,"y":875.4609375}},"dockers":[{"x":50,"y":40},{"x":365,"y":921.45},{"x":14.45,"y":14.45}],"target":{"resourceId":"oryx_E73A6E3E-19B7-45DC-8467-33D38A1038FD"}},{"resourceId":"oryx_B38CD9F4-89C6-4CB5-975E-3343254C910A","properties":{"Name":"Translation Done","id":"Flow14","Type":"Default"},"stencil":{"id":"Flow"},"childShapes":[],"outgoing":[{"resourceId":"oryx_F7AF0786-1CF8-4601-8EA5-13590890E710"}],"bounds":{"lowerRight":{"x":484.796875,"y":616.2564020507461},"upperLeft":{"x":401,"y":560.4519196151585}},"dockers":[{"x":50,"y":40},{"x":401,"y":616.2564020507461},{"x":50.00000000000001,"y":41}],"target":{"resourceId":"oryx_F7AF0786-1CF8-4601-8EA5-13590890E710"}},{"resourceId":"oryx_AE2C3F6A-86AD-4AC7-B824-239BD02C359F","properties":{"Name":"Approve","id":"Flow16","Type":"Success"},"stencil":{"id":"SuccessLink"},"childShapes":[],"outgoing":[{"resourceId":"oryx_26DF4563-A4BB-4A19-8003-1B76E87259DC"}],"bounds":{"lowerRight":{"x":535.9840813434048,"y":739.1019861972779},"upperLeft":{"x":535.3284186565952,"y":658.2201111641823}},"dockers":[{"x":51.00000000000001,"y":81},{"x":50.00000000000005,"y":40}],"target":{"resourceId":"oryx_26DF4563-A4BB-4A19-8003-1B76E87259DC"}},{"resourceId":"oryx_4726C4D4-67BE-427A-B089-3A132BB3FF92","properties":{"Name":"Reject","id":"Flow17","Type":"Failure"},"stencil":{"id":"FailureLink"},"childShapes":[],"outgoing":[{"resourceId":"oryx_14A749F7-BF09-4617-B470-567E8177CFB8"}],"bounds":{"lowerRight":{"x":637.0670163644921,"y":592.889293011942},"upperLeft":{"x":587.4312202706684,"y":592.2548019833491}},"dockers":[{"x":61.84398355096665,"y":18.151714866535258},{"x":20,"y":20}],"target":{"resourceId":"oryx_14A749F7-BF09-4617-B470-567E8177CFB8"}},{"resourceId":"oryx_F7094733-2A3F-4123-BC04-74B460A45139","properties":{"Name":"Clean Manifest","id":"Flow18","Type":"Default"},"stencil":{"id":"Flow"},"childShapes":[],"outgoing":[{"resourceId":"oryx_4075C89E-55DA-4A3B-84D2-B37E6F1A6FFA"}],"bounds":{"lowerRight":{"x":484.59911426779945,"y":792.817592367258},"upperLeft":{"x":365,"y":767.00857661854}},"dockers":[{"x":10.819378188799476,"y":27.39320255329494},{"x":365,"y":767.00857661854},{"x":50,"y":40}],"target":{"resourceId":"oryx_4075C89E-55DA-4A3B-84D2-B37E6F1A6FFA"}},{"resourceId":"oryx_72B22125-D005-4732-8147-36653C7B4516","properties":{"Name":"Translate","id":"Flow53","Type":"Default"},"stencil":{"id":"Flow"},"childShapes":[],"outgoing":[{"resourceId":"oryx_DD0F94F6-BBF2-4A8E-AEB1-17AAD6D8AF27"}],"bounds":{"lowerRight":{"x":689,"y":463.98061535251264},"upperLeft":{"x":657.1874992260612,"y":316.0649284525234}},"dockers":[{"x":50,"y":40},{"x":689,"y":316.1045075945936},{"x":20,"y":20}],"target":{"resourceId":"oryx_DD0F94F6-BBF2-4A8E-AEB1-17AAD6D8AF27"}},{"resourceId":"oryx_B0E331C3-2E48-40BE-AD91-E72EDE1096BF","properties":{"Name":"Cancel Job","id":"Flow54","Type":"Default"},"stencil":{"id":"Flow"},"childShapes":[],"outgoing":[{"resourceId":"oryx_4075C89E-55DA-4A3B-84D2-B37E6F1A6FFA"}],"bounds":{"lowerRight":{"x":555,"y":792.116089695966},"upperLeft":{"x":335.1249482865817,"y":337.5}},"dockers":[{"x":1,"y":61.5},{"x":335.1249482865817,"y":337.5},{"x":20.124948286581656,"y":16.717485676790716}],"target":{"resourceId":"oryx_4075C89E-55DA-4A3B-84D2-B37E6F1A6FFA"}},{"resourceId":"oryx_B7424D8A-744C-4B59-B005-F3EE3C94847A","properties":{"Name":"Notify Error","id":"Flow120","Type":"Default"},"stencil":{"id":"Flow"},"childShapes":[],"outgoing":[{"resourceId":"oryx_87307F6E-38B4-4FCF-9A92-8841CDAF6ACC"}],"bounds":{"lowerRight":{"x":736.8593735713353,"y":779.6153740652451},"upperLeft":{"x":587.1868976647454,"y":738}},"dockers":[{"x":50.00000000000005,"y":40},{"x":666.0384580217484,"y":779.6153740652451},{"x":666.0384580217484,"y":738},{"x":50,"y":40}],"target":{"resourceId":"oryx_87307F6E-38B4-4FCF-9A92-8841CDAF6ACC"}},{"resourceId":"oryx_25A00E02-3051-4334-893F-25B5B4FA4F50","properties":{"Name":"Resolve Error","id":"Flow121","Type":"Default"},"stencil":{"id":"Flow"},"childShapes":[],"outgoing":[{"resourceId":"oryx_766A15F0-F23C-4D3E-832E-2576575425B8"}],"bounds":{"lowerRight":{"x":933.7899652934914,"y":792.0742788136871},"upperLeft":{"x":839.6933058950134,"y":739}},"dockers":[{"x":81.95626337834813,"y":41},{"x":933.7899652934914,"y":739},{"x":932.7371826171875,"y":750.5726318359375},{"x":50,"y":40}],"target":{"resourceId":"oryx_766A15F0-F23C-4D3E-832E-2576575425B8"}},{"resourceId":"oryx_8945C0C5-3A4B-4F07-8B4B-CDEFAF105585","properties":{"Valid":"true","Name":"Email Timeout","id":"Flow122","Type":"Timeout","Timeout Duration":"+000000"},"stencil":{"id":"TimeoutLink"},"childShapes":[],"outgoing":[{"resourceId":"oryx_766A15F0-F23C-4D3E-832E-2576575425B8"}],"bounds":{"lowerRight":{"x":916.3012880631522,"y":792.4681742434518},"upperLeft":{"x":839.6117288129933,"y":759.5}},"dockers":[{"x":101,"y":61.5},{"x":916.3012880631522,"y":759.5},{"x":32.87181348522063,"y":6.026602756016587}],"target":{"resourceId":"oryx_766A15F0-F23C-4D3E-832E-2576575425B8"}},{"resourceId":"oryx_1CFC4414-EFA1-4211-AB14-F3C5CC429021","properties":{"Name":"Clean Manifest","id":"Flow123","Type":"Default"},"stencil":{"id":"Flow"},"childShapes":[],"outgoing":[{"resourceId":"oryx_4075C89E-55DA-4A3B-84D2-B37E6F1A6FFA"}],"bounds":{"lowerRight":{"x":882.4698527888556,"y":834},"upperLeft":{"x":417.06983560661104,"y":832}},"dockers":[{"x":50,"y":40},{"x":50,"y":40}],"target":{"resourceId":"oryx_4075C89E-55DA-4A3B-84D2-B37E6F1A6FFA"}},{"resourceId":"oryx_FA9AF07D-CA40-4E75-B506-544BAA980594","properties":{"Name":"Internal Translation","id":"Flow125","Type":"Conditional","Expression":"$IW_SCRIPT(ID1271452472000)"},"stencil":{"id":"ConditionalLink"},"childShapes":[],"outgoing":[{"resourceId":"oryx_25B17E20-B638-400E-962C-D5F64AB52B70"}],"bounds":{"lowerRight":{"x":669.0546875,"y":484.00003000000004},"upperLeft":{"x":587.1015625,"y":430.3525585344349}},"dockers":[{"x":20,"y":20},{"x":640.5,"y":484.00003000000004},{"x":640.5,"y":430.3525585344349},{"x":50.000000000000036,"y":40}],"target":{"resourceId":"oryx_25B17E20-B638-400E-962C-D5F64AB52B70"}},{"resourceId":"oryx_5586FDAF-D771-44D7-B3C2-070134E4A36A","properties":{"Name":"External Translation","id":"Flow127","Type":"Conditional","Expression":"$IW_SCRIPT(ID1271452551234)"},"stencil":{"id":"ConditionalLink"},"childShapes":[],"outgoing":[{"resourceId":"oryx_0BA3644D-3116-45C7-A337-E250BB67E422"}],"bounds":{"lowerRight":{"x":800.6884034043901,"y":474.6834658851591},"upperLeft":{"x":700.2051575876968,"y":316}},"dockers":[{"x":31.205157587696817,"y":18.852897618778456},{"x":700.2051575876968,"y":316},{"x":50,"y":40}],"target":{"resourceId":"oryx_0BA3644D-3116-45C7-A337-E250BB67E422"}},{"resourceId":"oryx_C5C5B8FD-A25C-4BC7-81B8-578EA7F5519C","properties":{"Name":"Translation Done","id":"Flow128","Type":"Default"},"stencil":{"id":"Flow"},"childShapes":[],"outgoing":[{"resourceId":"oryx_F7AF0786-1CF8-4601-8EA5-13590890E710"}],"bounds":{"lowerRight":{"x":800.7267916443727,"y":657},"upperLeft":{"x":587.4892561606064,"y":616.2564020507461}},"dockers":[{"x":30.01073552670107,"y":61.19872644744146},{"x":713.124994285341,"y":657},{"x":713.124994285341,"y":616.2564020507461},{"x":50.00000000000001,"y":41}],"target":{"resourceId":"oryx_F7AF0786-1CF8-4601-8EA5-13590890E710"}},{"resourceId":"oryx_6DFFCE40-3907-4B86-B945-D5188FD7D8FA","properties":{"Name":"Reject - Internal","id":"Flow89","Type":"Conditional","Expression":"$IW_SCRIPT(ID1271703591161)"},"stencil":{"id":"ConditionalLink"},"childShapes":[],"outgoing":[{"resourceId":"oryx_81A6E09E-2A4E-4043-BDBC-1275D32C5F5B"}],"bounds":{"lowerRight":{"x":657,"y":571.609375},"upperLeft":{"x":453.9999923706928,"y":518.207031220198}},"dockers":[{"x":20,"y":20},{"x":657,"y":519},{"x":50,"y":40}],"target":{"resourceId":"oryx_81A6E09E-2A4E-4043-BDBC-1275D32C5F5B"}},{"resourceId":"oryx_C38F0ECE-5B21-4BA0-A92E-6F066AFDCB59","properties":{"Name":"Reject - External","id":"Flow90","Type":"Conditional","Expression":"$IW_SCRIPT(ID1271703625380)"},"stencil":{"id":"ConditionalLink"},"childShapes":[],"outgoing":[{"resourceId":"oryx_4B080A76-7EDB-4465-8CA7-6C0F6DFE6D40"}],"bounds":{"lowerRight":{"x":800.6312492442405,"y":580.4278529348917},"upperLeft":{"x":665.673061191981,"y":521.41450406782}},"dockers":[{"x":28.67306119198099,"y":18.001188487330523},{"x":665.673061191981,"y":521.41450406782},{"x":27.828218824953524,"y":48.8824595261356}],"target":{"resourceId":"oryx_4B080A76-7EDB-4465-8CA7-6C0F6DFE6D40"}},{"resourceId":"oryx_1D64C34D-749D-47A2-A730-440E40BF89EC","properties":{"Name":"Preparation Done","id":"Flow276","Type":"Default"},"stencil":{"id":"Flow"},"childShapes":[],"outgoing":[{"resourceId":"oryx_4B080A76-7EDB-4465-8CA7-6C0F6DFE6D40"}],"bounds":{"lowerRight":{"x":852.2499885706821,"y":471.6114729941548},"upperLeft":{"x":850.2499885706821,"y":358.4559781455115}},"dockers":[{"x":50,"y":40},{"x":50,"y":40.00000000000003}],"target":{"resourceId":"oryx_4B080A76-7EDB-4465-8CA7-6C0F6DFE6D40"}},{"resourceId":"oryx_3225D88E-81D6-448B-8B38-88A9D76BFC3F","properties":{"Name":"Verify Work","id":"Flow279","Type":"Default"},"stencil":{"id":"Flow"},"childShapes":[],"outgoing":[{"resourceId":"oryx_8C3C97C8-7B98-46E6-BCAF-61420C7B4957"}],"bounds":{"lowerRight":{"x":1056.7044282283268,"y":595.3931166362622},"upperLeft":{"x":903.613597809138,"y":512.5929286243409}},"dockers":[{"x":50,"y":40.00000000000003},{"x":1056.7044282283268,"y":512.7709300056196},{"x":50.000000000000114,"y":40}],"target":{"resourceId":"oryx_8C3C97C8-7B98-46E6-BCAF-61420C7B4957"}},{"resourceId":"oryx_0E48E436-4A68-4B01-9617-BCC4E310A897","properties":{"Name":"Email Timeout","id":"Flow280","Type":"Timeout","Timeout Duration":"+000000"},"stencil":{"id":"TimeoutLink"},"childShapes":[],"outgoing":[{"resourceId":"oryx_8C3C97C8-7B98-46E6-BCAF-61420C7B4957"}],"bounds":{"lowerRight":{"x":1042.3097986409477,"y":595.1520589006032},"upperLeft":{"x":903.8045786404568,"y":545.5234877064436}},"dockers":[{"x":75.72029006968376,"y":72.99144316475923},{"x":1042.3097986409477,"y":545.5234877064436},{"x":35.61109505214192,"y":4.641342228905728}],"target":{"resourceId":"oryx_8C3C97C8-7B98-46E6-BCAF-61420C7B4957"}},{"resourceId":"oryx_DF12CA7C-CFB1-4C75-A774-6903EEFEE42D","properties":{"Name":"Translation Ready!","id":"Flow282","Type":"Default"},"stencil":{"id":"Flow"},"childShapes":[],"outgoing":[{"resourceId":"oryx_7A840F8C-3A0A-4E96-BD0D-C05DF4913400"}],"bounds":{"lowerRight":{"x":1006.6911569229771,"y":637.8012735525585},"upperLeft":{"x":903.9071550426354,"y":635.8012735525585}},"dockers":[{"x":23.19833452735625,"y":41},{"x":51,"y":41}],"target":{"resourceId":"oryx_7A840F8C-3A0A-4E96-BD0D-C05DF4913400"}},{"resourceId":"oryx_50BE710C-7340-4343-B1E5-FDD34BF2A8B7","properties":{"Name":"Start Work","id":"Flow284","Type":"Default"},"stencil":{"id":"Flow"},"childShapes":[],"outgoing":[{"resourceId":"oryx_81A6E09E-2A4E-4043-BDBC-1275D32C5F5B"}],"bounds":{"lowerRight":{"x":484.796875,"y":477.2847530859158},"upperLeft":{"x":401,"y":430.3525585344349}},"dockers":[{"x":50.000000000000036,"y":40},{"x":401,"y":430.3525585344349},{"x":50,"y":40}],"target":{"resourceId":"oryx_81A6E09E-2A4E-4043-BDBC-1275D32C5F5B"}},{"resourceId":"oryx_2AAD23D8-1C22-4AC0-969A-DA28FEFCF4D0","properties":{"Name":"Email Timeout","id":"Flow285","Type":"Timeout","Timeout Duration":"+000000"},"stencil":{"id":"TimeoutLink"},"childShapes":[],"outgoing":[{"resourceId":"oryx_81A6E09E-2A4E-4043-BDBC-1275D32C5F5B"}],"bounds":{"lowerRight":{"x":484.70901034953124,"y":477.5355102887692},"upperLeft":{"x":421.8547124290834,"y":447.87820302199583}},"dockers":[{"x":48.81841289233449,"y":57.52564448756095},{"x":421.8547124290834,"y":447.87820302199583},{"x":70.8547124290834,"y":3.706955868090631}],"target":{"resourceId":"oryx_81A6E09E-2A4E-4043-BDBC-1275D32C5F5B"}}],"bounds":{"lowerRight":{"x":1785,"y":1350},"upperLeft":{"x":0,"y":0}},"stencilset":{"url":"/iw-wfm/editor/stencilsets/iwov_process_model/iwovprocessmodels.json","namespace":"http://autonomy.com/stencilset/iwovwfm#"},"ssextensions":[],"modelVariables":[{"TaskId":"URLTask","PropertyName":"Variables","VariableId":"translation_type","VariableValue":"","TaskType":"","isDeleted":""},{"TaskId":"URLTask","PropertyName":"Variables","VariableId":"exclude_page_file","VariableValue":"","TaskType":"","isDeleted":""},{"TaskId":"Flow90","PropertyName":"Expression","VariableId":"ID1271703625380","VariableValue":{"value":{"id":"ID1271703625380","code":"if (\"$IW_CV(translation_type)\" == \"external\") {    true;} else {    false;}"},"type":"$IW_SCRIPT"},"TaskType":"Flow","isDeleted":""},{"TaskId":"Flow89","PropertyName":"Expression","VariableId":"ID1271703591161","VariableValue":{"value":{"id":"ID1271703591161","code":"if (\"$IW_CV(translation_type)\" == \"internal\") {    true;} else {    false;}"},"type":"$IW_SCRIPT"},"TaskType":"Flow","isDeleted":""},{"TaskId":"ReviewTask","PropertyName":"NoOfReviewers","VariableId":"reviewer","VariableValue":{"type":"$IW_REVIEWER","value":{"id":"reviewer","label":"Translation Reviewer","noOfReviewers":1,"description":"The user who will be reviewing the translation work.","isHidden":false,"isReadOnly":false,"reviewers":"u-root","users":"$IW_DS(g11n_reviewers),root","groups":""}},"TaskType":"","isDeleted":""},{"TaskId":"Workflow Properties1","PropertyName":"Variables","VariableId":"exclude_page_file","VariableValue":{"value":{"id":"exclude_page_file","isHidden":false,"description":"Should LiveSite .page files be excluded from external vendor translation work?","isReadOnly":false,"label":"Filter Type","defaultValue":""},"type":"$IW_CV"},"TaskType":"ModelProperties","isDeleted":""},{"TaskId":"Flow125","PropertyName":"Expression","VariableId":"ID1271452472000","VariableValue":{"value":{"id":"ID1271452472000","code":"if (\"$IW_CV(translation_type)\" == \"internal\") {    true;} else {    false;}"},"type":"$IW_SCRIPT"},"TaskType":"Flow","isDeleted":""},{"TaskId":"ReviewTask","PropertyName":"Available Users","VariableId":"g11n_reviewers","VariableValue":"","TaskType":"","isDeleted":""},{"TaskId":"Flow127","PropertyName":"Expression","VariableId":"ID1271452551234","VariableValue":{"value":{"id":"ID1271452551234","code":"if (\"$IW_CV(translation_type)\" == \"external\") {    true;} else {    false;}"},"type":"$IW_SCRIPT"},"TaskType":"Flow","isDeleted":""},{"TaskId":"Build Manifest and Set Translation Status","PropertyName":"Variables","VariableId":"translation_type","VariableValue":{"value":{"id":"translation_type","isHidden":false,"description":"The intended destination for the translation work - internal or external translation","isReadOnly":false,"label":"Translation Type","defaultValue":"internal"},"type":"$IW_CV"},"TaskType":"URLTask","isDeleted":""},{"TaskId":"Translation Review","PropertyName":"Available Users","VariableId":"g11n_reviewers","VariableValue":{"value":{"id":"g11n_reviewers","isHidden":true,"description":"Users to review the translated content","isReadOnly":true,"label":"Translation Reviewers","defaultValue":"","datasource":"Globalization Reviewers"},"type":"$IW_DS"},"TaskType":"ReviewTask"},{"TaskId":"Translation Review","PropertyName":"NoOfReviewers","VariableId":"reviewer","VariableValue":{"type":"$IW_REVIEWER","value":{"id":"reviewer","label":"Translation Reviewer","noOfReviewers":1,"description":"The user who will be reviewing the translation work.","isHidden":false,"isReadOnly":false,"reviewers":"u-$IW_DS(g11n_reviewers)","users":"$IW_DS(g11n_reviewers),","groups":""}},"TaskType":"ReviewTask"}]}