{"resourceId":"oryx-canvas123","properties":{"Owner":"$IW_USER","Priority":"0","Brief Description":"","Description":"","DueDate":"","Global Variables":"","VAVariables":"","Variables":"JobDescription=$IW_CV(JobDescription)|EmailFlag=$IW_CV(EmailFlag)|custom_job_params=$IW_CV(custom_job_params)","PostProcessorCommand":"","PreProcessorCommand":"","Name":"Import MediaBin Assets","id":"Workflow Properties1","ActivationCount":"","Version":"1.0.0.1","Status":"","Valid":"false","File Comments":"true"},"stencil":{"id":"ModelProperties"},"childShapes":[{"resourceId":"oryx_3142D025-7572-48FD-9467-42C738035833","properties":{"y":"305.0","x":"25.0","Name":"Start","id":"Start","CSSclass":"Event"},"stencil":{"id":"Start"},"childShapes":[],"outgoing":[{"resourceId":"oryx_8CD3F6DD-ADF1-4B88-B161-FFFF3824DA59"}],"bounds":{"lowerRight":{"x":319,"y":299},"upperLeft":{"x":285,"y":265}},"dockers":[]},{"resourceId":"oryx_77FAA496-AFE7-4344-AEA9-828EEB32CDE5","properties":{"y":"141.0","x":"610.0","AreaVPath":"$IW_WORKAREA","Brief Description":"","Description":"","Name":"EmailResults","id":"EmailResults","CSSclass":"Task","Owner":"$IW_USER","EMailCommand":"http://$IW_SERVER/iw-cc/urlexternaltask","Retry":"true","Lock":"false","Readonly":"false","Transferonly":"false","Variables":"ClassName=com.interwoven.ui.teamsite.mediabin.tasks.EmailImportResultsTask|target_task_name=End|mail_template=/iwadmin/main/config/STAGING/workflow/email/mediabinAssetsImportResults.xsl","Eafinishop":"","Eastartop":"","Wfvarfinishop":"","Wfvarstartop":"","ActivationCount":"0","Status":"none","Valid":"true","BackgroundColor":"#c0c0c0","TaskType":"ItsEmailTask"},"stencil":{"id":"EmailTask"},"childShapes":[],"outgoing":[{"resourceId":"oryx_56E18163-619E-4755-9266-9B35CF4EBB2A"},{"resourceId":"oryx_23274A67-484A-471C-B296-D8194DA3BCD1"}],"bounds":{"lowerRight":{"x":972,"y":97},"upperLeft":{"x":870,"y":15}},"dockers":[]},{"resourceId":"oryx_6B430F45-343D-4429-A000-2ABA86574A58","properties":{"y":"303.0","x":"238.0","AreaVPath":"$IW_WORKAREA","Brief Description":"","Description":"","Name":"ImportAssets","id":"ImportAssets","CSSclass":"Task","Owner":"$IW_USER","URI":"http://localhost/iw-cc/urlexternaltask","Retry":"true","Lock":"false","Readonly":"false","Transferonly":"false","Variables":"ClassName=com.interwoven.ui.teamsite.mediabin.tasks.ImportAssetsTask","Eafinishop":"","Eastartop":"","Wfvarfinishop":"","Wfvarstartop":"","ActivationCount":"0","Status":"none","Valid":"true","BackgroundColor":"#c0c0c0","TaskType":"ItsURLTask"},"stencil":{"id":"URLTask"},"childShapes":[],"outgoing":[{"resourceId":"oryx_D4B5C173-2B9E-4CF1-A470-B705E40CF9BB"}],"bounds":{"lowerRight":{"x":538,"y":303},"upperLeft":{"x":436,"y":221}},"dockers":[]},{"resourceId":"oryx_9F7E718F-EF27-4249-8F16-1B2316829BE5","properties":{"Valid":"true","y":"443.0","x":"612.0","Name":"End","id":"End","Brief Description":"","Eafinishop":"","Eastartop":"","Wfvarfinishop":"","Wfvarstartop":"","CSSclass":"Event"},"stencil":{"id":"End"},"childShapes":[],"outgoing":[],"bounds":{"lowerRight":{"x":934,"y":364},"upperLeft":{"x":900,"y":330}},"dockers":[]},{"resourceId":"oryx_E41B22B9-4267-40D3-8395-60CDAF4271E1","properties":{"y":"133.0","x":"424.0","Name":"Email Results Required","id":"Email Results Required","GatewayType":"OR"},"stencil":{"id":"OR"},"childShapes":[],"outgoing":[{"resourceId":"oryx_BF4D9807-EC0A-41AE-9C96-A43F5BFAE040"},{"resourceId":"oryx_D15B625A-A183-4392-B400-D6245D383FA9"}],"bounds":{"lowerRight":{"x":724,"y":133},"upperLeft":{"x":684,"y":93}},"dockers":[]},{"resourceId":"oryx_BF4D9807-EC0A-41AE-9C96-A43F5BFAE040","properties":{"FromGatewayPosition":"Right","Valid":"true","Name":"Send Results Email","id":"Flow57","Type":"Conditional","Expression":"$IW_SCRIPT(SendEmailIsTrue)"},"stencil":{"id":"ConditionalLink"},"childShapes":[],"outgoing":[{"resourceId":"oryx_77FAA496-AFE7-4344-AEA9-828EEB32CDE5"}],"bounds":{"lowerRight":{"x":869.21875,"y":92.96875},"upperLeft":{"x":704,"y":55}},"dockers":[{"x":20,"y":20},{"x":704,"y":55},{"x":50,"y":40}],"target":{"resourceId":"oryx_77FAA496-AFE7-4344-AEA9-828EEB32CDE5"}},{"resourceId":"oryx_D15B625A-A183-4392-B400-D6245D383FA9","properties":{"Valid":"true","Name":"Skip Results Email","id":"Flow58","Type":"Conditional","Expression":"$IW_SCRIPT(SendEmailIsFalse)"},"stencil":{"id":"ConditionalLink"},"childShapes":[],"outgoing":[{"resourceId":"oryx_9F7E718F-EF27-4249-8F16-1B2316829BE5"}],"bounds":{"lowerRight":{"x":899.4748046875,"y":344.45},"upperLeft":{"x":704,"y":132.9861328125}},"dockers":[{"x":20,"y":20},{"x":704,"y":344.45},{"x":14.45,"y":14.45}],"target":{"resourceId":"oryx_9F7E718F-EF27-4249-8F16-1B2316829BE5"}},{"resourceId":"oryx_23274A67-484A-471C-B296-D8194DA3BCD1","properties":{"Name":"EmailResults Success","id":"Flow59","Type":"Default"},"stencil":{"id":"Flow"},"childShapes":[],"outgoing":[{"resourceId":"oryx_9F7E718F-EF27-4249-8F16-1B2316829BE5"}],"bounds":{"lowerRight":{"x":932.5,"y":337.19271372117964},"upperLeft":{"x":930.5,"y":97.578015443031}},"dockers":[{"x":61.5,"y":77.60081876355531},{"x":31.5,"y":17.14140624999999}],"target":{"resourceId":"oryx_9F7E718F-EF27-4249-8F16-1B2316829BE5"}},{"resourceId":"oryx_56E18163-619E-4755-9266-9B35CF4EBB2A","properties":{"Name":"Email Results Now","id":"Flow27","Type":"Timeout","Timeout Duration":"+000002"},"stencil":{"id":"TimeoutLink"},"childShapes":[],"outgoing":[{"resourceId":"oryx_9F7E718F-EF27-4249-8F16-1B2316829BE5"}],"bounds":{"lowerRight":{"x":915.45,"y":329.93143246481804},"upperLeft":{"x":913.45,"y":97.25333649953001}},"dockers":[{"x":44.450000000000045,"y":82.25333649953001},{"x":14.45,"y":14.45}],"target":{"resourceId":"oryx_9F7E718F-EF27-4249-8F16-1B2316829BE5"}},{"resourceId":"oryx_8CD3F6DD-ADF1-4B88-B161-FFFF3824DA59","properties":{"Name":"Start importing assets","id":"Flow60","Type":"Default"},"stencil":{"id":"Flow"},"childShapes":[],"outgoing":[{"resourceId":"oryx_6B430F45-343D-4429-A000-2ABA86574A58"}],"bounds":{"lowerRight":{"x":435.5078277617,"y":264.31891336578184},"upperLeft":{"x":304.26246594956507,"y":261.2789622775597}},"dockers":[{"x":14.45,"y":14.45},{"x":305,"y":262},{"x":50,"y":40}],"target":{"resourceId":"oryx_6B430F45-343D-4429-A000-2ABA86574A58"}},{"resourceId":"oryx_D4B5C173-2B9E-4CF1-A470-B705E40CF9BB","properties":{"ToGatewayPosition":"Left","Name":"Success","id":"Flow61","Type":"Default"},"stencil":{"id":"Flow"},"childShapes":[],"outgoing":[{"resourceId":"oryx_E41B22B9-4267-40D3-8395-60CDAF4271E1"}],"bounds":{"lowerRight":{"x":684.265625,"y":220.6875},"upperLeft":{"x":486,"y":113}},"dockers":[{"x":50,"y":40},{"x":486,"y":113},{"x":20,"y":20}],"target":{"resourceId":"oryx_E41B22B9-4267-40D3-8395-60CDAF4271E1"}}],"bounds":{"lowerRight":{"x":1485,"y":1050},"upperLeft":{"x":0,"y":0}},"stencilset":{"url":"/iw-wfm/editor/stencilsets/iwov_process_model/iwovprocessmodels.json","namespace":"http://autonomy.com/stencilset/iwovwfm#"},"ssextensions":[],"modelVariables":[{"TaskId":"Flow57","PropertyName":"Expression","VariableId":"SendEmailIsTrue","VariableValue":{"value":{"id":"SendEmailIsTrue","code":"\"$IW_CV(EmailFlag)\" == \"true\" ? \"true\" : \"false\""},"type":"$IW_SCRIPT"},"TaskType":"Flow","isDeleted":""},{"TaskId":"Flow58","PropertyName":"Expression","VariableId":"SendEmailIsFalse","VariableValue":{"value":{"id":"SendEmailIsFalse","code":"\"$IW_CV(EmailFlag)\" == \"false\" ? \"true\" : \"false\""},"type":"$IW_SCRIPT"},"TaskType":"Flow","isDeleted":""},{"TaskId":"Workflow Properties1","PropertyName":"Global Variables","VariableId":"EmailFlag","VariableValue":{"value":{"id":"EmailFlag","isHidden":false,"description":"","isReadOnly":false,"label":"Email Results?","defaultValue":"true"},"type":"$IW_CV"},"TaskType":"ModelProperties","isDeleted":""},{"TaskId":"Workflow Properties1","PropertyName":"Global Variables","VariableId":"JobDescription","VariableValue":{"value":{"id":"JobDescription","isHidden":false,"description":"Short description for this \"Import MediaBin Assets\" job","isReadOnly":false,"label":"Enter a Description for this Job","defaultValue":"Importing MediaBin Assets"},"type":"$IW_CV"},"TaskType":"ModelProperties","isDeleted":""},{"TaskId":"Workflow Properties1","PropertyName":"Variables","VariableId":"custom_job_params","VariableValue":{"type":"$IW_CV","value":{"id":"custom_job_params","label":"custom_job_params","defaultValue":"","description":"","isHidden":false,"isReadOnly":false}},"TaskType":"ModelProperties","isDeleted":""}]}