{"resourceId":"oryx-canvas123","properties":{"Owner":"$IW_USER","Priority":"2","Brief Description":"","Description":"","DueDate":"","Global Variables":"$IW_CV(cat)","VAVariables":"","Variables":"cat=$IW_CV(cat)","PostProcessorCommand":"","PreProcessorCommand":"","Name":"Workflow Properties","id":"Workflow Properties1","ActivationCount":"","Version":"1.0.0.1","Status":"","Valid":"true","File Comments":"true"},"stencil":{"id":"ModelProperties"},"childShapes":[{"resourceId":"oryx_33502A77-7D08-40C9-8C65-AACA9B29930D","properties":{"Name":"Start1","id":"Start1","CSSclass":"Event"},"stencil":{"id":"Start"},"childShapes":[],"outgoing":[{"resourceId":"oryx_10C6CD87-6D3D-42B5-9D6F-5D89EE18FB0D"}],"bounds":{"lowerRight":{"x":315,"y":248},"upperLeft":{"x":281,"y":214}},"dockers":[]},{"resourceId":"oryx_454D2EB4-3534-4E84-AA70-F9C20E537480","properties":{"AreaVPath":"$IW_WORKAREA","Brief Description":"","Description":"","Name":"Import to DB","id":"Import to DB","CSSclass":"Task","Owner":"$IW_USER","URI":"http://$IW_SERVER/iw-cc/urlexternaltask","Retry":"true","Lock":"false","Readonly":"false","Transferonly":"false","Variables":"properties=/iwmnt/iwadmin/main/deere/syndication/WORKAREA/shared/configuration/customupload.properties|ClassName=com.deere.teamsite.product.ExecuteUpload|cmd=sh /opentext/TeamSite/local/bin/custom/upload.sh|runMode=system","Eafinishop":"","Eastartop":"","Wfvarfinishop":"","Wfvarstartop":"","ActivationCount":"0","Status":"none","Valid":"none","BackgroundColor":"#c0c0c0","TaskType":"ItsURLTask"},"stencil":{"id":"URLTask"},"childShapes":[],"outgoing":[{"resourceId":"oryx_EF052574-A5D3-43DA-A43A-9932C09817C5"}],"bounds":{"lowerRight":{"x":460,"y":271},"upperLeft":{"x":360,"y":191}},"dockers":[]},{"resourceId":"oryx_10C6CD87-6D3D-42B5-9D6F-5D89EE18FB0D","properties":{"Name":"Exceute Upload","id":"Flow3","Type":"Default"},"stencil":{"id":"Flow"},"childShapes":[],"outgoing":[{"resourceId":"oryx_454D2EB4-3534-4E84-AA70-F9C20E537480"}],"bounds":{"lowerRight":{"x":360,"y":232},"upperLeft":{"x":315.625,"y":230}},"dockers":[{"x":17,"y":17},{"x":50,"y":40}],"target":{"resourceId":"oryx_454D2EB4-3534-4E84-AA70-F9C20E537480"}},{"resourceId":"oryx_8550A9FC-A885-4486-ABBD-7AC5E0274090","properties":{"Name":"End4","id":"End4","Brief Description":"","Eafinishop":"","Eastartop":"","Wfvarfinishop":"","Wfvarstartop":"","CSSclass":"Event"},"stencil":{"id":"End"},"childShapes":[],"outgoing":[],"bounds":{"lowerRight":{"x":539,"y":248},"upperLeft":{"x":505,"y":214}},"dockers":[]},{"resourceId":"oryx_EF052574-A5D3-43DA-A43A-9932C09817C5","properties":{"Name":"Completed","id":"Flow5","Type":"Default"},"stencil":{"id":"Flow"},"childShapes":[],"outgoing":[{"resourceId":"oryx_8550A9FC-A885-4486-ABBD-7AC5E0274090"}],"bounds":{"lowerRight":{"x":504.375,"y":232},"upperLeft":{"x":460.875,"y":230}},"dockers":[{"x":50,"y":40},{"x":17,"y":17}],"target":{"resourceId":"oryx_8550A9FC-A885-4486-ABBD-7AC5E0274090"}}],"bounds":{"lowerRight":{"x":1485,"y":1050},"upperLeft":{"x":0,"y":0}},"stencilset":{"url":"/iw-wfm/editor/stencilsets/iwov_process_model/iwovprocessmodels.json","namespace":"http://autonomy.com/stencilset/iwovwfm#"},"ssextensions":[],"modelVariables":[{"TaskId":"Workflow Properties1","PropertyName":"Global Variables","VariableId":"cat","VariableValue":{"type":"$IW_CV","value":{"id":"cat","label":"cat","defaultValue":"","description":"","isHidden":false,"isReadOnly":false}},"TaskType":"ModelProperties","isDeleted":""},{"TaskId":"Workflow Properties1","PropertyName":"Variables","VariableId":"cat","VariableValue":"","TaskType":"ModelProperties","isDeleted":""}]}