{"resourceId":"oryx-canvas123","properties":{"Owner":"$IW_USER","Priority":"2","Brief Description":"","Description":"TeamSite maintenance workflow","DueDate":"","Global Variables":"","VAVariables":"","Variables":"","PostProcessorCommand":"","PreProcessorCommand":"","Name":"Workflow Properties","id":"Workflow Properties1","ActivationCount":"","Version":"1.0.0.1","Status":"","Valid":"true","File Comments":"true"},"stencil":{"id":"ModelProperties"},"childShapes":[{"resourceId":"oryx_8988C08F-A14B-4D0F-B95C-4F6B89E66BA8","properties":{"Name":"Start1","id":"Start1","CSSclass":"Event"},"stencil":{"id":"Start"},"childShapes":[],"outgoing":[{"resourceId":"oryx_6A658C31-EAE5-4514-8306-4475122A1E8A"}],"bounds":{"lowerRight":{"x":319,"y":184},"upperLeft":{"x":285,"y":150}},"dockers":[]},{"resourceId":"oryx_0970A752-A8F1-4E10-97EE-4B54931EDE16","properties":{"AreaVPath":"$IW_WORKAREA","Brief Description":"","Description":"","Name":"Log Handler","id":"Log Handler","CSSclass":"Task","Owner":"root","URI":"http://$IW_SERVER/iw-cc/urlexternaltask","Retry":"true","Lock":"false","Readonly":"false","Transferonly":"false","Variables":"ClassName=com.deere.livesite.maintainence.TeamsiteLogs","Eafinishop":"","Eastartop":"","Wfvarfinishop":"","Wfvarstartop":"","ActivationCount":"0","Status":"none","Valid":"none","BackgroundColor":"#c0c0c0","TaskType":"ItsURLTask"},"stencil":{"id":"URLTask"},"childShapes":[],"outgoing":[{"resourceId":"oryx_78EBFC16-0189-4DD4-AF6B-206197899D46"}],"bounds":{"lowerRight":{"x":622,"y":240},"upperLeft":{"x":522,"y":160}},"dockers":[]},{"resourceId":"oryx_6A658C31-EAE5-4514-8306-4475122A1E8A","properties":{"Name":"Start Maintainence","id":"Flow3","Type":"Default"},"stencil":{"id":"Flow"},"childShapes":[],"outgoing":[{"resourceId":"oryx_A02BA7C5-4260-4512-B570-55628F4F5160"}],"bounds":{"lowerRight":{"x":352.2890625,"y":230.6875},"upperLeft":{"x":319.5010986328125,"y":167}},"dockers":[{"x":17,"y":17},{"x":352.2890625,"y":167},{"x":40.2890625,"y":56}],"target":{"resourceId":"oryx_A02BA7C5-4260-4512-B570-55628F4F5160"}},{"resourceId":"oryx_628196DD-25A5-4A78-AE83-2974AAF91201","properties":{"Name":"End4","id":"End4","Brief Description":"","Eafinishop":"","Eastartop":"","Wfvarfinishop":"","Wfvarstartop":"","CSSclass":"Event"},"stencil":{"id":"End"},"childShapes":[],"outgoing":[],"bounds":{"lowerRight":{"x":701,"y":217},"upperLeft":{"x":667,"y":183}},"dockers":[]},{"resourceId":"oryx_78EBFC16-0189-4DD4-AF6B-206197899D46","properties":{"Name":"Logs Deleted","id":"Flow5","Type":"Default"},"stencil":{"id":"Flow"},"childShapes":[],"outgoing":[{"resourceId":"oryx_628196DD-25A5-4A78-AE83-2974AAF91201"}],"bounds":{"lowerRight":{"x":666.375,"y":201},"upperLeft":{"x":622.875,"y":199}},"dockers":[{"x":50,"y":40},{"x":17,"y":17}],"target":{"resourceId":"oryx_628196DD-25A5-4A78-AE83-2974AAF91201"}},{"resourceId":"oryx_A02BA7C5-4260-4512-B570-55628F4F5160","properties":{"AreaVPath":"$IW_WORKAREA","Brief Description":"","Description":"","Name":"DeployTask","id":"DeployTask","CSSclass":"Task","Owner":"$IW_USER","DeployCommand":"http://$IW_SERVER/iw-cc/urlexternaltask","OD Variables":"","Retry":"false","Lock":"false","Readonly":"false","Transferonly":"false","Variables":"odDeploymentName=test","Eafinishop":"","Eastartop":"","Wfvarfinishop":"","Wfvarstartop":"","ActivationCount":"0","Status":"none","Valid":"none","BackgroundColor":"#c0c0c0","TaskType":"ItsDeployTask"},"stencil":{"id":"DeployTask"},"childShapes":[],"outgoing":[{"resourceId":"oryx_2FABB6F7-37C7-4C79-83E2-84E0B7DA1204"},{"resourceId":"oryx_ED53EDC0-51D9-4F46-9E59-7A3C0BE2A797"}],"bounds":{"lowerRight":{"x":412,"y":311},"upperLeft":{"x":312,"y":231}},"dockers":[]},{"resourceId":"oryx_F7E47332-AE49-49E8-AA37-AB0A908A3205","properties":{"Name":"AND Gateway2","id":"AND Gateway2","GatewayType":"AND"},"stencil":{"id":"AND"},"childShapes":[],"outgoing":[{"resourceId":"oryx_3DCA6AAA-41EB-456C-9517-13B070A6E24A"},{"resourceId":"oryx_F6821600-46C8-4E96-9A0B-3638BBB0FB78"},{"resourceId":"oryx_FBBB042E-3C94-477D-93A8-D6952B2B5E95"}],"bounds":{"lowerRight":{"x":382,"y":436},"upperLeft":{"x":342,"y":396}},"dockers":[]},{"resourceId":"oryx_2FABB6F7-37C7-4C79-83E2-84E0B7DA1204","properties":{"Name":"Failure","id":"Flow6","Type":"Failure"},"stencil":{"id":"FailureLink"},"childShapes":[],"outgoing":[{"resourceId":"oryx_F7E47332-AE49-49E8-AA37-AB0A908A3205"}],"bounds":{"lowerRight":{"x":363,"y":395.7421875},"upperLeft":{"x":361,"y":311.6484375}},"dockers":[{"x":50,"y":40},{"x":20,"y":20}],"target":{"resourceId":"oryx_F7E47332-AE49-49E8-AA37-AB0A908A3205"}},{"resourceId":"oryx_ED53EDC0-51D9-4F46-9E59-7A3C0BE2A797","properties":{"Name":"Success","id":"Flow7","Type":"Success"},"stencil":{"id":"SuccessLink"},"childShapes":[],"outgoing":[{"resourceId":"oryx_F7E47332-AE49-49E8-AA37-AB0A908A3205"}],"bounds":{"lowerRight":{"x":354.74174641545886,"y":403.7012925373053},"upperLeft":{"x":326,"y":311.29414503001806}},"dockers":[{"x":50,"y":40},{"x":326,"y":355},{"x":20,"y":20}],"target":{"resourceId":"oryx_F7E47332-AE49-49E8-AA37-AB0A908A3205"}},{"resourceId":"oryx_3DCA6AAA-41EB-456C-9517-13B070A6E24A","properties":{"Name":"Handle Logs","id":"Flow8","Type":"Conditional","Expression":"$IW_SCRIPT(ID1607596766748)"},"stencil":{"id":"ConditionalLink"},"childShapes":[],"outgoing":[{"resourceId":"oryx_0970A752-A8F1-4E10-97EE-4B54931EDE16"}],"bounds":{"lowerRight":{"x":521.3125,"y":416.5},"upperLeft":{"x":382.37890625,"y":200}},"dockers":[{"x":20.5,"y":20.5},{"x":452,"y":416.5},{"x":452,"y":200},{"x":50,"y":40}],"target":{"resourceId":"oryx_0970A752-A8F1-4E10-97EE-4B54931EDE16"}},{"resourceId":"oryx_B5AC2BAA-2C49-4C8A-B1FA-91D331E84292","properties":{"AreaVPath":"$IW_WORKAREA","Brief Description":"","Description":"","Name":"Job Handler","id":"Job Handler","CSSclass":"Task","Owner":"$IW_USER","URI":"http://$IW_SERVER/iw-cc/urlexternaltask","Retry":"true","Lock":"false","Readonly":"false","Transferonly":"false","Variables":"ClassName=com.deere.livesite.maintainence.TeamsiteWorkflowCleanup|days=1","Eafinishop":"","Eastartop":"","Wfvarfinishop":"","Wfvarstartop":"","ActivationCount":"0","Status":"none","Valid":"none","BackgroundColor":"#c0c0c0","TaskType":"ItsURLTask"},"stencil":{"id":"URLTask"},"childShapes":[],"outgoing":[{"resourceId":"oryx_2F26E4F5-636E-45E9-9C64-5FCE46683476"}],"bounds":{"lowerRight":{"x":625,"y":486},"upperLeft":{"x":525,"y":406}},"dockers":[]},{"resourceId":"oryx_F6821600-46C8-4E96-9A0B-3638BBB0FB78","properties":{"Name":"Handle Workflow Jobs","id":"Flow10","Type":"Conditional","Expression":"$IW_SCRIPT(ID1607596792188)"},"stencil":{"id":"ConditionalLink"},"childShapes":[],"outgoing":[{"resourceId":"oryx_B5AC2BAA-2C49-4C8A-B1FA-91D331E84292"}],"bounds":{"lowerRight":{"x":524.640625,"y":446},"upperLeft":{"x":382.6953125,"y":416.5}},"dockers":[{"x":20.5,"y":20.5},{"x":453.5,"y":416.5},{"x":453.5,"y":446},{"x":50,"y":40}],"target":{"resourceId":"oryx_B5AC2BAA-2C49-4C8A-B1FA-91D331E84292"}},{"resourceId":"oryx_2F26E4F5-636E-45E9-9C64-5FCE46683476","properties":{"Name":"Jobs Deleted","id":"Flow11","Type":"Default"},"stencil":{"id":"Flow"},"childShapes":[],"outgoing":[{"resourceId":"oryx_628196DD-25A5-4A78-AE83-2974AAF91201"}],"bounds":{"lowerRight":{"x":684,"y":405.0703125},"upperLeft":{"x":575,"y":217.55078125}},"dockers":[{"x":50,"y":40},{"x":575,"y":311.5},{"x":684,"y":311.5},{"x":17,"y":17}],"target":{"resourceId":"oryx_628196DD-25A5-4A78-AE83-2974AAF91201"}},{"resourceId":"oryx_21695733-7045-485F-9239-AECE3B173A5B","properties":{"AreaVPath":"$IW_WORKAREA","Brief Description":"","Description":"","Name":"Temp filelist deletion","id":"Temp filelist deletion","CSSclass":"Task","Owner":"$IW_USER","URI":"http://$IW_SERVER/iw-cc/urlexternaltask","Retry":"true","Lock":"false","Readonly":"false","Transferonly":"false","Variables":"ClassName=com.deere.livesite.maintainence.TeamsiteTempFileListCleanup","Eafinishop":"","Eastartop":"","Wfvarfinishop":"","Wfvarstartop":"","ActivationCount":"0","Status":"none","Valid":"none","BackgroundColor":"#c0c0c0","TaskType":"ItsURLTask"},"stencil":{"id":"URLTask"},"childShapes":[],"outgoing":[{"resourceId":"oryx_DA539662-5D25-490A-A882-6AE4303F4F99"}],"bounds":{"lowerRight":{"x":610,"y":605},"upperLeft":{"x":510,"y":525}},"dockers":[]},{"resourceId":"oryx_FBBB042E-3C94-477D-93A8-D6952B2B5E95","properties":{"Name":"Flow2","id":"Flow2","Type":"Conditional","Expression":"$IW_SCRIPT(ID1613128635647)"},"stencil":{"id":"ConditionalLink"},"childShapes":[],"outgoing":[{"resourceId":"oryx_21695733-7045-485F-9239-AECE3B173A5B"}],"bounds":{"lowerRight":{"x":509.625,"y":565},"upperLeft":{"x":362.5,"y":436.0625}},"dockers":[{"x":20.5,"y":20.5},{"x":362.5,"y":565},{"x":50,"y":40}],"target":{"resourceId":"oryx_21695733-7045-485F-9239-AECE3B173A5B"}},{"resourceId":"oryx_DA539662-5D25-490A-A882-6AE4303F4F99","properties":{"Name":"Flow4","id":"Flow4","Type":"Default"},"stencil":{"id":"Flow"},"childShapes":[],"outgoing":[{"resourceId":"oryx_628196DD-25A5-4A78-AE83-2974AAF91201"}],"bounds":{"lowerRight":{"x":684,"y":566},"upperLeft":{"x":610.1875,"y":217.44140625}},"dockers":[{"x":41,"y":41},{"x":684,"y":566},{"x":17,"y":17}],"target":{"resourceId":"oryx_628196DD-25A5-4A78-AE83-2974AAF91201"}}],"bounds":{"lowerRight":{"x":1485,"y":1050},"upperLeft":{"x":0,"y":0}},"stencilset":{"url":"/iw-wfm/editor/stencilsets/iwov_process_model/iwovprocessmodels.json","namespace":"http://autonomy.com/stencilset/iwovwfm#"},"ssextensions":[],"modelVariables":[{"TaskId":"Flow8","PropertyName":"Expression","VariableId":"ID1607596766748","VariableValue":{"type":"$IW_SCRIPT","value":{"id":"ID1607596766748","code":"if(\"$IW_CV(Type)\"==\"log\")\n{\ntrue;\n}\nelse {\nfalse;\n}"}},"TaskType":"ConditionalLink","isDeleted":""},{"TaskId":"Flow10","PropertyName":"Expression","VariableId":"ID1607596792188","VariableValue":{"type":"$IW_SCRIPT","value":{"id":"ID1607596792188","code":"if(\"$IW_CV(Type)\"==\"workflow\")\n{\ntrue;\n}\nelse {\nfalse;\n}"}},"TaskType":"ConditionalLink","isDeleted":""},{"TaskId":"Flow2","PropertyName":"Expression","VariableId":"ID1613128635647","VariableValue":{"type":"$IW_SCRIPT","value":{"id":"ID1613128635647","code":"if(\"$IW_CV(Type)\"==\"tempFileList\")\n{\ntrue;\n}\nelse {\nfalse;\n}"}},"TaskType":"ConditionalLink","isDeleted":""}]}