{"resourceId":"oryx-canvas123","properties":{"Owner":"$IW_USER","Priority":"2-Medium","Brief Description":"$IW_SCRIPT(ID1524565101797)","Description":"","DueDate":"","Global Variables":"$IW_CV(UrlExternalTask)|$IW_CV(SystemTimeOut)|$IW_CV(DefaultJobDescription)|$IW_CV(JobDescription)","VAVariables":"","Variables":"","PostProcessorCommand":"","PreProcessorCommand":"","Name":"Maintenance Reminder","id":"Workflow Properties1","ActivationCount":"","Version":"1.0.0.1","Status":"","Valid":"true","File Comments":"false"},"stencil":{"id":"ModelProperties"},"childShapes":[{"resourceId":"oryx_CDB12151-5CA0-4237-97EA-19A27D285069","properties":{"Name":"Start","id":"Start","CSSclass":"Event"},"stencil":{"id":"Start"},"childShapes":[],"outgoing":[{"resourceId":"oryx_271BBAC6-B436-4E17-9613-0F16CA492773"}],"bounds":{"lowerRight":{"x":184,"y":154},"upperLeft":{"x":150,"y":120}},"dockers":[]},{"resourceId":"oryx_F27B1A6A-471A-4810-BFAB-5005DF4F1901","properties":{"AreaVPath":"$IW_WORKAREA","Brief Description":"","Description":"Generates Site Publisher Pages for Maintenance Reminder and the associated DCR's.","Name":"Generate Pages","id":"Generate Pages","CSSclass":"Task","Owner":"$IW_USER","URI":"$IW_CV(UrlExternalTask)","Retry":"true","Lock":"false","Readonly":"false","Transferonly":"false","Variables":"ClassName=com.deere.livesite.workflow.GenerateMaintainanceReminderTask|GENERATE_FOLDER_PATH=$IW_CV(PagesFolderPath)|SITE_NAME=$IW_CV(SiteName)|OVERWRITE_DCR=$IW_CV(OverwriteDCR)|OVERWRITE_PAGE=$IW_CV(OverwritePages)","Eafinishop":"","Eastartop":"","Wfvarfinishop":"","Wfvarstartop":"","ActivationCount":"0","Status":"none","Valid":"none","BackgroundColor":"#c0c0c0","TaskType":"ItsURLTask"},"stencil":{"id":"URLTask"},"childShapes":[],"outgoing":[{"resourceId":"oryx_F82B222A-8F94-405C-BD0D-D349FB86CBA9"},{"resourceId":"oryx_FCE4180A-CE5A-455A-9F2C-08B995D56044"},{"resourceId":"oryx_0F9AE27D-59E2-464B-9DC0-33F738E7D2B3"}],"bounds":{"lowerRight":{"x":445,"y":245},"upperLeft":{"x":345,"y":165}},"dockers":[]},{"resourceId":"oryx_3F8EBC4B-DD28-4D74-8146-854B08776496","properties":{"Name":"End","id":"End","Brief Description":"","Eafinishop":"","Eastartop":"","Wfvarfinishop":"","Wfvarstartop":"","CSSclass":"Event"},"stencil":{"id":"End"},"childShapes":[],"outgoing":[],"bounds":{"lowerRight":{"x":844,"y":228},"upperLeft":{"x":810,"y":194}},"dockers":[]},{"resourceId":"oryx_C59E32C3-820A-45ED-BBCA-4377329F9FB9","properties":{"AreaVPath":"$IW_WORKAREA","Brief Description":"","Description":"E-mail administrators about the error that has occurred during processing","Name":"Error Notification Email","id":"Error Notification Email","CSSclass":"Task","Owner":"$IW_USER","EMailCommand":"$IW_CV(UrlExternalTask)","Retry":"true","Lock":"false","Readonly":"false","Transferonly":"false","Variables":"ClassName=com.deere.livesite.authoring.workflow.acpw.task.AutomatedDeploymentFailureNotification|target_task_name=Error Notification Email Sent|mail_template=/iwadmin/main/config/STAGING/workflow/email/deere/AutomatedDeploymentFailureNotification.xsl|mail_subject=Error generating maintenance reminder pages|serverName=preview","Eafinishop":"","Eastartop":"","Wfvarfinishop":"","Wfvarstartop":"","ActivationCount":"0","Status":"none","Valid":"none","BackgroundColor":"#c0c0c0","TaskType":"ItsEmailTask"},"stencil":{"id":"EmailTask"},"childShapes":[],"outgoing":[{"resourceId":"oryx_91975F06-1A94-4F53-90D8-763B08258CFE"},{"resourceId":"oryx_1085DCFF-DC49-4EA5-A2A6-F47E906F4C85"}],"bounds":{"lowerRight":{"x":445,"y":515},"upperLeft":{"x":345,"y":435}},"dockers":[]},{"resourceId":"oryx_6C856134-DBAE-4863-B98F-ECC525F9A151","properties":{"AreaVPath":"$IW_WORKAREA","Brief Description":"Administrators can resolve or cancel the workflow process","Description":"","Name":"Resolve Error","id":"Resolve Error","CSSclass":"Task","Shared by":"Users=$IW_USER","Retain Owner":"false","Lock":"false","Readonly":"false","Transferonly":"false","Variables":"","Eafinishop":"","Eastartop":"","Wfvarfinishop":"","Wfvarstartop":"","ActivationCount":"0","Status":"none","Valid":"none","BackgroundColor":"#c0c0c0","TaskType":"ItsGroupTask"},"stencil":{"id":"GroupTask"},"childShapes":[],"outgoing":[{"resourceId":"oryx_80A6246E-BC74-4F5B-8478-292EFDF1D1B9"},{"resourceId":"oryx_69151AC9-8ECF-4ECC-8B64-4AA51ACFE8AD"}],"bounds":{"lowerRight":{"x":640,"y":515},"upperLeft":{"x":540,"y":435}},"dockers":[]},{"resourceId":"oryx_FCE4180A-CE5A-455A-9F2C-08B995D56044","properties":{"Name":"Generate Files Failure","id":"Flow8","Type":"Default"},"stencil":{"id":"Flow"},"childShapes":[],"outgoing":[{"resourceId":"oryx_C59E32C3-820A-45ED-BBCA-4377329F9FB9"}],"bounds":{"lowerRight":{"x":345,"y":475},"upperLeft":{"x":272,"y":225}},"dockers":[{"x":1,"y":60},{"x":272,"y":225},{"x":272,"y":475},{"x":1,"y":40}],"target":{"resourceId":"oryx_C59E32C3-820A-45ED-BBCA-4377329F9FB9"}},{"resourceId":"oryx_271BBAC6-B436-4E17-9613-0F16CA492773","properties":{"Name":"Process Files","id":"Flow3","Type":"Default"},"stencil":{"id":"Flow"},"childShapes":[],"outgoing":[{"resourceId":"oryx_F27B1A6A-471A-4810-BFAB-5005DF4F1901"}],"bounds":{"lowerRight":{"x":345,"y":185},"upperLeft":{"x":184.453125,"y":137}},"dockers":[{"x":17,"y":17},{"x":284,"y":137},{"x":284,"y":185},{"x":1,"y":20}],"target":{"resourceId":"oryx_F27B1A6A-471A-4810-BFAB-5005DF4F1901"}},{"resourceId":"oryx_F82B222A-8F94-405C-BD0D-D349FB86CBA9","properties":{"Name":"Generate Files Success","id":"Flow5","Type":"Default"},"stencil":{"id":"Flow"},"childShapes":[],"outgoing":[{"resourceId":"oryx_3F8EBC4B-DD28-4D74-8146-854B08776496"}],"bounds":{"lowerRight":{"x":810.544921875,"y":206},"upperLeft":{"x":445.1015625,"y":204}},"dockers":[{"x":50,"y":40},{"x":4,"y":11}],"target":{"resourceId":"oryx_3F8EBC4B-DD28-4D74-8146-854B08776496"}},{"resourceId":"oryx_91975F06-1A94-4F53-90D8-763B08258CFE","properties":{"Name":"Error Notification Email Sent","id":"Flow4","Type":"Default"},"stencil":{"id":"Flow"},"childShapes":[],"outgoing":[{"resourceId":"oryx_6C856134-DBAE-4863-B98F-ECC525F9A151"}],"bounds":{"lowerRight":{"x":540,"y":476},"upperLeft":{"x":445.046875,"y":474}},"dockers":[{"x":50,"y":40},{"x":1,"y":40}],"target":{"resourceId":"oryx_6C856134-DBAE-4863-B98F-ECC525F9A151"}},{"resourceId":"oryx_80A6246E-BC74-4F5B-8478-292EFDF1D1B9","properties":{"Name":"Retry","id":"Flow10","Type":"Default"},"stencil":{"id":"Flow"},"childShapes":[],"outgoing":[{"resourceId":"oryx_F27B1A6A-471A-4810-BFAB-5005DF4F1901"}],"bounds":{"lowerRight":{"x":590,"y":435},"upperLeft":{"x":445.5703125,"y":225}},"dockers":[{"x":50,"y":1},{"x":590,"y":225},{"x":99,"y":60}],"target":{"resourceId":"oryx_F27B1A6A-471A-4810-BFAB-5005DF4F1901"}},{"resourceId":"oryx_69151AC9-8ECF-4ECC-8B64-4AA51ACFE8AD","properties":{"Name":"End","id":"Flow7","Type":"Default"},"stencil":{"id":"Flow"},"childShapes":[],"outgoing":[{"resourceId":"oryx_3F8EBC4B-DD28-4D74-8146-854B08776496"}],"bounds":{"lowerRight":{"x":827,"y":474.9907746763105},"upperLeft":{"x":640.7343608536274,"y":228.4375}},"dockers":[{"x":99,"y":40},{"x":827,"y":474},{"x":17,"y":17}],"target":{"resourceId":"oryx_3F8EBC4B-DD28-4D74-8146-854B08776496"}},{"resourceId":"oryx_0F9AE27D-59E2-464B-9DC0-33F738E7D2B3","properties":{"Name":"System Timeout","id":"Flow9","Type":"Timeout","Timeout Duration":"+000001"},"stencil":{"id":"TimeoutLink"},"childShapes":[],"outgoing":[{"resourceId":"oryx_C59E32C3-820A-45ED-BBCA-4377329F9FB9"}],"bounds":{"lowerRight":{"x":396,"y":434.296875},"upperLeft":{"x":394,"y":245.90234375}},"dockers":[{"x":50,"y":79},{"x":50,"y":40}],"target":{"resourceId":"oryx_C59E32C3-820A-45ED-BBCA-4377329F9FB9"}},{"resourceId":"oryx_1085DCFF-DC49-4EA5-A2A6-F47E906F4C85","properties":{"Name":"Email Timeout","id":"Flow1","Type":"Timeout","Timeout Duration":"+000002"},"stencil":{"id":"TimeoutLink"},"childShapes":[],"outgoing":[{"resourceId":"oryx_6C856134-DBAE-4863-B98F-ECC525F9A151"}],"bounds":{"lowerRight":{"x":590,"y":589},"upperLeft":{"x":395,"y":515.5859375}},"dockers":[{"x":50,"y":79},{"x":395,"y":589},{"x":590,"y":589},{"x":50,"y":79}],"target":{"resourceId":"oryx_6C856134-DBAE-4863-B98F-ECC525F9A151"}}],"bounds":{"lowerRight":{"x":1485,"y":1050},"upperLeft":{"x":0,"y":0}},"stencilset":{"url":"/iw-wfm/editor/stencilsets/iwov_process_model/iwovprocessmodels.json","namespace":"http://autonomy.com/stencilset/iwovwfm#"},"ssextensions":[],"modelVariables":[{"TaskId":"Generate Pages","PropertyName":"URI","VariableId":"UrlExternalTask","VariableValue":"","TaskType":"URLTask","isDeleted":""},{"TaskId":"Error Notification Email","PropertyName":"EMailCommand","VariableId":"UrlExternalTask","VariableValue":"","TaskType":"EmailTask","isDeleted":""},{"TaskId":"Workflow Properties1","PropertyName":"Global Variables","VariableId":"UrlExternalTask","VariableValue":{"type":"$IW_CV","value":{"id":"UrlExternalTask","label":"URL External Task","defaultValue":"$IW_PROTOCOL://$IW_SERVER:$IW_PORT/iw-cc/urlexternaltask","description":"","isHidden":true,"isReadOnly":true}},"TaskType":"ModelProperties","isDeleted":true},{"TaskId":"Workflow Properties1","PropertyName":"Global Variables","VariableId":"SystemTimeOut","VariableValue":{"type":"$IW_CV","value":{"id":"SystemTimeOut","label":"System TimeOut","defaultValue":"+000001","description":"","isHidden":true,"isReadOnly":true}},"TaskType":"ModelProperties","isDeleted":""},{"TaskId":"Workflow Properties1","PropertyName":"Global Variables","VariableId":"DefaultJobDescription","VariableValue":{"type":"$IW_CV","value":{"id":"DefaultJobDescription","label":"Default Job Description","defaultValue":"Generates Maintenance Reminder Pages","description":"","isHidden":true,"isReadOnly":true}},"TaskType":"ModelProperties","isDeleted":""},{"TaskId":"Workflow Properties1","PropertyName":"Brief Description","VariableId":"ID1524565101797","VariableValue":{"type":"$IW_SCRIPT","value":{"id":"ID1524565101797","code":"var d = \"$IW_CV(JobDescription)\";if ( d == \"\" ){   \"$IW_CV(DefaultJobDescription)\" }else{  d;}"}},"TaskType":"ModelProperties","isDeleted":""},{"TaskId":"Workflow Properties1","PropertyName":"Global Variables","VariableId":"JobDescription","VariableValue":{"type":"$IW_CV","value":{"id":"JobDescription","label":"Job Description","defaultValue":"","description":"","isHidden":false,"isReadOnly":false}},"TaskType":"ModelProperties","isDeleted":""},{"TaskId":"Workflow Properties1","PropertyName":"Global Variables","VariableId":"UrlExternalTask","VariableValue":{"type":"$IW_CV","value":{"id":"UrlExternalTask","label":"URL External Task","defaultValue":"http://localhost:8080/iw-cc/urlexternaltask","description":"","isHidden":true,"isReadOnly":true}},"TaskType":"ModelProperties","isDeleted":""},{"TaskId":"Generate Pages","PropertyName":"Variables","VariableId":"PagesFolderPath","VariableValue":{"type":"$IW_CV","value":{"id":"PagesFolderPath","label":"Generate Pages Folder Path","defaultValue":"/website/parts-and-service/maintenance-reminder/","description":"","isHidden":true,"isReadOnly":true}},"TaskType":"URLTask"},{"TaskId":"Generate Pages","PropertyName":"Variables","VariableId":"SiteName","VariableValue":{"type":"$IW_CV","value":{"id":"SiteName","label":"Site Name","defaultValue":"deere","description":"","isHidden":true,"isReadOnly":true}},"TaskType":"URLTask"},{"TaskId":"Generate Pages","PropertyName":"Variables","VariableId":"OverwriteDCR","VariableValue":{"type":"$IW_CV","value":{"id":"OverwriteDCR","label":"Overwrite DCR?","defaultValue":"true","description":"","isHidden":true,"isReadOnly":true}},"TaskType":"URLTask"},{"TaskId":"Generate Pages","PropertyName":"Variables","VariableId":"OverwritePages","VariableValue":{"type":"$IW_CV","value":{"id":"OverwritePages","label":"Overwrite Pages","defaultValue":"true","description":"","isHidden":true,"isReadOnly":true}},"TaskType":"URLTask"}]}