{"resourceId":"oryx-canvas123","properties":{"Owner":"$IW_USER","Priority":"0","Brief Description":"","Description":"","DueDate":"","Global Variables":"","VAVariables":"","Variables":"JobDescription=$IW_CV(JobDescription)|EmailFlag=$IW_CV(EmailFlag)|custom_job_params=$IW_CV(custom_job_params)|EmailLocale=$IW_CV(EmailLocale)","PostProcessorCommand":"","PreProcessorCommand":"","Name":"Media Analysis Tag Assets","id":"Workflow Properties1","ActivationCount":"","Version":"1.0.0.1","Status":"","Valid":"false","File Comments":"true"},"stencil":{"id":"ModelProperties"},"childShapes":[{"resourceId":"oryx_832E59BB-030B-4EBF-B8C5-8D9B679F5154","properties":{"y":"305.0","x":"25.0","Name":"Start","id":"Start","CSSclass":"Event"},"stencil":{"id":"Start"},"childShapes":[],"outgoing":[{"resourceId":"oryx_3A188749-001F-42FE-A2A5-C94E1461EA1D"}],"bounds":{"lowerRight":{"x":319,"y":299},"upperLeft":{"x":285,"y":265}},"dockers":[]},{"resourceId":"oryx_CE7772EF-59A2-4403-8FEC-F88B2111AC64","properties":{"y":"141.0","x":"610.0","AreaVPath":"$IW_WORKAREA","Brief Description":"","Description":"","Name":"EmailResults","id":"EmailResults","CSSclass":"Task","Owner":"$IW_USER","EMailCommand":"http://$IW_SERVER/iw-cc/urlexternaltask","Retry":"true","Lock":"false","Readonly":"false","Transferonly":"false","Variables":"target_task_name=End|mail_template=/iwadmin/main/config/STAGING/workflow/email/insightsTagAssetsResults.xsl|ClassName=com.interwoven.ui.teamsite.ecmconnector.insightstagging.tasks.EmailTagResultsTask","Eafinishop":"","Eastartop":"","Wfvarfinishop":"","Wfvarstartop":"","ActivationCount":"0","Status":"none","Valid":"true","BackgroundColor":"#c0c0c0","TaskType":"ItsEmailTask"},"stencil":{"id":"EmailTask"},"childShapes":[],"outgoing":[{"resourceId":"oryx_464E02B8-C562-4837-8CDE-40BE571FBB28"},{"resourceId":"oryx_12287CEE-D3EF-4F47-87F3-4448095E8CBE"}],"bounds":{"lowerRight":{"x":1062,"y":127},"upperLeft":{"x":960,"y":45}},"dockers":[]},{"resourceId":"oryx_C3A23975-FF88-4C3E-BD2C-C2B44E5DA677","properties":{"y":"303.0","x":"238.0","AreaVPath":"$IW_WORKAREA","Brief Description":"","Description":"","Name":"TagAssets","id":"TagAssets","CSSclass":"Task","Owner":"$IW_USER","URI":"http://localhost/iw-cc/urlexternaltask","Retry":"true","Lock":"false","Readonly":"false","Transferonly":"false","Variables":"ClassName=com.interwoven.ui.teamsite.ecmconnector.insightstagging.tasks.TagAssetsTask","Eafinishop":"","Eastartop":"","Wfvarfinishop":"","Wfvarstartop":"","ActivationCount":"0","Status":"none","Valid":"true","BackgroundColor":"#c0c0c0","TaskType":"ItsURLTask"},"stencil":{"id":"URLTask"},"childShapes":[],"outgoing":[{"resourceId":"oryx_D2573209-2DF6-4664-8EBD-E3853334CD0E"},{"resourceId":"oryx_8F8CE693-6FBC-4BC9-9BA8-000480CE6D8C"},{"resourceId":"oryx_CB81C450-AC1F-4E08-A52D-2656BE447178"}],"bounds":{"lowerRight":{"x":507,"y":388},"upperLeft":{"x":405,"y":306}},"dockers":[]},{"resourceId":"oryx_AC3F4AD5-5A8F-4A27-8405-56FA54A9566B","properties":{"Valid":"true","y":"443.0","x":"612.0","Name":"End","id":"End","Brief Description":"","Eafinishop":"","Eastartop":"","Wfvarfinishop":"","Wfvarstartop":"","CSSclass":"Event"},"stencil":{"id":"End"},"childShapes":[],"outgoing":[],"bounds":{"lowerRight":{"x":1024,"y":454},"upperLeft":{"x":990,"y":420}},"dockers":[]},{"resourceId":"oryx_5162A88C-A73E-4DC2-86A6-9D76CF755584","properties":{"y":"133.0","x":"424.0","Name":"Email Results Required","id":"Email Results Required","GatewayType":"OR"},"stencil":{"id":"OR"},"childShapes":[],"outgoing":[{"resourceId":"oryx_C1AF87FB-C85C-4251-BAB6-D0897005DE69"},{"resourceId":"oryx_AB7CCF95-B8AA-476B-8E6C-39392C473B65"}],"bounds":{"lowerRight":{"x":724,"y":133},"upperLeft":{"x":684,"y":93}},"dockers":[]},{"resourceId":"oryx_C1AF87FB-C85C-4251-BAB6-D0897005DE69","properties":{"FromGatewayPosition":"Right","Valid":"true","Name":"Send Results Email","id":"Flow57","Type":"Conditional","Expression":"$IW_SCRIPT(SendEmailIsTrue)"},"stencil":{"id":"ConditionalLink"},"childShapes":[],"outgoing":[{"resourceId":"oryx_CE7772EF-59A2-4403-8FEC-F88B2111AC64"}],"bounds":{"lowerRight":{"x":959.23046875,"y":113},"upperLeft":{"x":723.84375,"y":85}},"dockers":[{"x":20,"y":20},{"x":804.5,"y":113},{"x":804.5,"y":85},{"x":50,"y":40}],"target":{"resourceId":"oryx_CE7772EF-59A2-4403-8FEC-F88B2111AC64"}},{"resourceId":"oryx_AB7CCF95-B8AA-476B-8E6C-39392C473B65","properties":{"Valid":"true","Name":"Skip Results Email","id":"Flow58","Type":"Conditional","Expression":"$IW_SCRIPT(SendEmailIsFalse)"},"stencil":{"id":"ConditionalLink"},"childShapes":[],"outgoing":[{"resourceId":"oryx_AC3F4AD5-5A8F-4A27-8405-56FA54A9566B"}],"bounds":{"lowerRight":{"x":989.36640625,"y":434.45},"upperLeft":{"x":704,"y":132.8349609375}},"dockers":[{"x":20,"y":20},{"x":704,"y":434.45},{"x":14.45,"y":14.45}],"target":{"resourceId":"oryx_AC3F4AD5-5A8F-4A27-8405-56FA54A9566B"}},{"resourceId":"oryx_12287CEE-D3EF-4F47-87F3-4448095E8CBE","properties":{"Name":"EmailResults Success","id":"Flow59","Type":"Default"},"stencil":{"id":"Flow"},"childShapes":[],"outgoing":[{"resourceId":"oryx_AC3F4AD5-5A8F-4A27-8405-56FA54A9566B"}],"bounds":{"lowerRight":{"x":1022.5,"y":427.54068706091743},"upperLeft":{"x":1020.5,"y":127.28684127316208}},"dockers":[{"x":61.5,"y":77.60081876355531},{"x":31.5,"y":17.14140624999999}],"target":{"resourceId":"oryx_AC3F4AD5-5A8F-4A27-8405-56FA54A9566B"}},{"resourceId":"oryx_464E02B8-C562-4837-8CDE-40BE571FBB28","properties":{"Name":"Email Results Now","id":"Flow27","Type":"Timeout","Timeout Duration":"+000002"},"stencil":{"id":"TimeoutLink"},"childShapes":[],"outgoing":[{"resourceId":"oryx_AC3F4AD5-5A8F-4A27-8405-56FA54A9566B"}],"bounds":{"lowerRight":{"x":1005.45,"y":419.65014988181485},"upperLeft":{"x":1003.45,"y":127.25333649953001}},"dockers":[{"x":44.450000000000045,"y":82.25333649953001},{"x":14.45,"y":14.45}],"target":{"resourceId":"oryx_AC3F4AD5-5A8F-4A27-8405-56FA54A9566B"}},{"resourceId":"oryx_3A188749-001F-42FE-A2A5-C94E1461EA1D","properties":{"Name":"Start tagging assets","id":"Flow60","Type":"Default"},"stencil":{"id":"Flow"},"childShapes":[],"outgoing":[{"resourceId":"oryx_C3A23975-FF88-4C3E-BD2C-C2B44E5DA677"}],"bounds":{"lowerRight":{"x":404.7812517293278,"y":346.2789622775597},"upperLeft":{"x":301.09370041048396,"y":299.2422149059177}},"dockers":[{"x":14.45,"y":14.45},{"x":305,"y":346.2789622775597},{"x":50,"y":40}],"target":{"resourceId":"oryx_C3A23975-FF88-4C3E-BD2C-C2B44E5DA677"}},{"resourceId":"oryx_D2573209-2DF6-4664-8EBD-E3853334CD0E","properties":{"ToGatewayPosition":"Left","Name":"Success","id":"Flow61","Type":"Default"},"stencil":{"id":"Flow"},"childShapes":[],"outgoing":[{"resourceId":"oryx_5162A88C-A73E-4DC2-86A6-9D76CF755584"}],"bounds":{"lowerRight":{"x":683.546875,"y":305.86328125},"upperLeft":{"x":455,"y":113}},"dockers":[{"x":50,"y":40},{"x":455,"y":113},{"x":20,"y":20}],"target":{"resourceId":"oryx_5162A88C-A73E-4DC2-86A6-9D76CF755584"}},{"resourceId":"oryx_DE868893-1E61-441F-81B7-CF2EB40C6F84","properties":{"AreaVPath":"$IW_WORKAREA","Brief Description":"","Description":"","Name":"Resolve errors","id":"Resolve errors","Eafinishop":"","Eastartop":"","Wfvarfinishop":"","Wfvarstartop":"","Lock":"false","Readonly":"false","Transferonly":"false","Owner":"$IW_USER","Variables":"","CSSclass":"Task","ActivationCount":"0","Status":"none","Valid":"none","BackgroundColor":"#c0c0c0","TaskType":"ItsUserTask"},"stencil":{"id":"UserTask"},"childShapes":[],"outgoing":[{"resourceId":"oryx_C834519C-71B3-4DDF-B600-B8B2827C2AB7"}],"bounds":{"lowerRight":{"x":610,"y":545},"upperLeft":{"x":510,"y":465}},"dockers":[]},{"resourceId":"oryx_8F8CE693-6FBC-4BC9-9BA8-000480CE6D8C","properties":{"Name":"Failure","id":"Flow2","Type":"Default"},"stencil":{"id":"Flow"},"childShapes":[],"outgoing":[{"resourceId":"oryx_DE868893-1E61-441F-81B7-CF2EB40C6F84"}],"bounds":{"lowerRight":{"x":510,"y":505},"upperLeft":{"x":456,"y":388.921875}},"dockers":[{"x":51,"y":81},{"x":456,"y":505},{"x":1,"y":40}],"target":{"resourceId":"oryx_DE868893-1E61-441F-81B7-CF2EB40C6F84"}},{"resourceId":"oryx_C834519C-71B3-4DDF-B600-B8B2827C2AB7","properties":{"Name":"Retry Media Analysis","id":"Flow3","Type":"Default"},"stencil":{"id":"Flow"},"childShapes":[],"outgoing":[{"resourceId":"oryx_C3A23975-FF88-4C3E-BD2C-C2B44E5DA677"}],"bounds":{"lowerRight":{"x":560,"y":465},"upperLeft":{"x":507.84375,"y":347}},"dockers":[{"x":50,"y":1},{"x":560,"y":347},{"x":101,"y":41}],"target":{"resourceId":"oryx_C3A23975-FF88-4C3E-BD2C-C2B44E5DA677"}},{"resourceId":"oryx_0116BCF5-4758-456E-BEC9-6D68248E2514","properties":{"AreaVPath":"$IW_WORKAREA","Brief Description":"","Description":"","Name":"Max retry exceeded","id":"Max retry exceeded","Eafinishop":"","Eastartop":"","Wfvarfinishop":"","Wfvarstartop":"","Lock":"false","Readonly":"false","Transferonly":"false","Owner":"$IW_USER","Variables":"","CSSclass":"Task","ActivationCount":"0","Status":"none","Valid":"none","BackgroundColor":"#c0c0c0","TaskType":"ItsUserTask"},"stencil":{"id":"UserTask"},"childShapes":[],"outgoing":[{"resourceId":"oryx_D503EC92-6BF0-42BE-871C-E9437898F09F"}],"bounds":{"lowerRight":{"x":670,"y":322},"upperLeft":{"x":570,"y":242}},"dockers":[]},{"resourceId":"oryx_CB81C450-AC1F-4E08-A52D-2656BE447178","properties":{"Name":"MaxRetry","id":"Flow4","Type":"Default"},"stencil":{"id":"Flow"},"childShapes":[],"outgoing":[{"resourceId":"oryx_0116BCF5-4758-456E-BEC9-6D68248E2514"}],"bounds":{"lowerRight":{"x":570,"y":306},"upperLeft":{"x":481.5,"y":282}},"dockers":[{"x":76.5,"y":1},{"x":481.5,"y":282},{"x":1,"y":40}],"target":{"resourceId":"oryx_0116BCF5-4758-456E-BEC9-6D68248E2514"}},{"resourceId":"oryx_D503EC92-6BF0-42BE-871C-E9437898F09F","properties":{"Name":"Finish","id":"Flow5","Type":"Default"},"stencil":{"id":"Flow"},"childShapes":[],"outgoing":[{"resourceId":"oryx_5162A88C-A73E-4DC2-86A6-9D76CF755584"}],"bounds":{"lowerRight":{"x":691.7768177866411,"y":242},"upperLeft":{"x":620,"y":121.70607610210718}},"dockers":[{"x":50,"y":1},{"x":620,"y":168},{"x":20.5,"y":20.5}],"target":{"resourceId":"oryx_5162A88C-A73E-4DC2-86A6-9D76CF755584"}}],"bounds":{"lowerRight":{"x":1485,"y":1050},"upperLeft":{"x":0,"y":0}},"stencilset":{"url":"/iw-wfm/editor/stencilsets/iwov_process_model/iwovprocessmodels.json","namespace":"http://autonomy.com/stencilset/iwovwfm#"},"ssextensions":[],"modelVariables":[{"TaskId":"Flow57","PropertyName":"Expression","VariableId":"SendEmailIsTrue","VariableValue":{"value":{"id":"SendEmailIsTrue","code":"\"$IW_CV(EmailFlag)\" == \"true\" ? \"true\" : \"false\""},"type":"$IW_SCRIPT"},"TaskType":"Flow","isDeleted":""},{"TaskId":"Flow58","PropertyName":"Expression","VariableId":"SendEmailIsFalse","VariableValue":{"value":{"id":"SendEmailIsFalse","code":"\"$IW_CV(EmailFlag)\" == \"false\" ? \"true\" : \"false\""},"type":"$IW_SCRIPT"},"TaskType":"Flow","isDeleted":""},{"TaskId":"Workflow Properties1","PropertyName":"Global Variables","VariableId":"EmailFlag","VariableValue":{"value":{"id":"EmailFlag","isHidden":false,"description":"","isReadOnly":false,"label":"Email Results?","defaultValue":"true"},"type":"$IW_CV"},"TaskType":"ModelProperties","isDeleted":""},{"TaskId":"Workflow Properties1","PropertyName":"Global Variables","VariableId":"JobDescription","VariableValue":{"value":{"id":"JobDescription","isHidden":false,"description":"Short description for this \"Insights Tag Assets\" job","isReadOnly":false,"label":"Enter a Description for this Job","defaultValue":"Insights tagging Assets"},"type":"$IW_CV"},"TaskType":"ModelProperties","isDeleted":""},{"TaskId":"Workflow Properties1","PropertyName":"Variables","VariableId":"custom_job_params","VariableValue":{"type":"$IW_CV","value":{"id":"custom_job_params","label":"custom_job_params","defaultValue":"","description":"","isHidden":false,"isReadOnly":false}},"TaskType":"ModelProperties","isDeleted":""},{"TaskId":"Workflow Properties1","PropertyName":"Variables","VariableId":"EmailLocale","VariableValue":{"type":"$IW_CV","value":{"id":"EmailLocale","label":"Email Locale","defaultValue":"","description":"","isHidden":false,"isReadOnly":false}},"TaskType":"ModelProperties","isDeleted":""}]}