{
    "resourceId": "oryx-canvas123",
    "properties": {
        "Owner": "$IW_USER",
        "Priority": "2",
        "Brief Description": "PIM Data JSON Translation Workflow",
        "Description": "",
        "DueDate": "",
        "Global Variables": "$IW_CV(TargetBranches)",
        "VAVariables": "",
        "Variables": "",
        "PostProcessorCommand": "",
        "PreProcessorCommand": "Inprocess:com.deere.livesite.workflow.syndication.AkeneoTranslationWorkflowPreprocessor:workarea=$IW_WORKAREA",
        "Name": "PIM Data JSON Translation Workflow",
        "id": "Workflow Properties1",
        "ActivationCount": "",
        "Version": "1.0.0.1",
        "Status": "",
        "Valid": "true",
        "File Comments": "false"
    },
    "stencil": {
        "id": "ModelProperties"
    },
    "childShapes": [{
            "resourceId": "oryx_5A401CE0-9785-48D7-B311-24049E77C36C",
            "properties": {
                "x": "135.0",
                "y": "229.0",
                "Name": "Start",
                "id": "Start",
                "CSSclass": "Event"
            },
            "stencil": {
                "id": "Start"
            },
            "childShapes": [],
            "outgoing": [{
                    "resourceId": "oryx_562A176A-C356-49ED-8DC2-C6FCA90B7DA3"
                }
            ],
            "bounds": {
                "lowerRight": {
                    "x": 109,
                    "y": 122
                },
                "upperLeft": {
                    "x": 75,
                    "y": 88
                }
            },
            "dockers": []
        }, {
            "resourceId": "oryx_113D50DF-F3FE-4559-AE48-76D5D7267792",
            "properties": {
                "x": "570.0",
                "y": "525.0",
                "AreaVPath": "$IW_WORKAREA",
                "Brief Description": "",
                "Description": "Resolve the error and transition back to the originating task.",
                "Name": "Resolve Error",
                "id": "Resolve Error",
                "CSSclass": "Task",
                "Shared by": "Users=$IW_USER|Groups=$IW_CV(AdminUserGroup)",
                "Retain Owner": "false",
                "Lock": "false",
                "Readonly": "false",
                "Transferonly": "false",
                "Variables": "",
                "Eafinishop": "",
                "Eastartop": "",
                "Wfvarfinishop": "",
                "Wfvarstartop": "",
                "ActivationCount": "0",
                "Status": "none",
                "Valid": "true",
                "BackgroundColor": "#c0c0c0",
                "TaskType": "ItsGroupTask"
            },
            "stencil": {
                "id": "GroupTask"
            },
            "childShapes": [],
            "outgoing": [{
                    "resourceId": "oryx_903DD2DE-5F57-4F47-BB85-CB0E746A5F50"
                }, {
                    "resourceId": "oryx_8157BABF-65E6-4EE8-9519-9D2C18F35041"
                }
            ],
            "bounds": {
                "lowerRight": {
                    "x": 645,
                    "y": 525
                },
                "upperLeft": {
                    "x": 543,
                    "y": 443
                }
            },
            "dockers": []
        }, {
            "resourceId": "oryx_2C7E8154-5096-4DD3-8CC6-CBEC95FF30CE",
            "properties": {
                "y": "330.0",
                "x": "645.0",
                "AreaVPath": "$IW_WORKAREA",
                "Brief Description": "",
                "Description": "An error occurred during the processing of the workflow",
                "Name": "Error Notification",
                "id": "Error Notification",
                "CSSclass": "Task",
                "Owner": "$IW_USER",
                "EMailCommand": "http://$IW_SERVER/iw-cc/urlexternaltask",
                "Retry": "true",
                "Lock": "false",
                "Readonly": "false",
                "Transferonly": "false",
                "Variables": "ClassName=com.deere.livesite.workflow.syndication.TranslationNotification|target_task_name=Email Sent|mail_subject=PIM Translation Request - Submission Error|serverName=pimTranslationError|mail_template=/iwadmin/main/config/STAGING/workflow/email/deere/TranslationEmailNotification.xsl|translation_task_name=Send for Translation",
                "Eafinishop": "",
                "Eastartop": "",
                "Wfvarfinishop": "",
                "Wfvarstartop": "",
                "ActivationCount": "0",
                "Status": "none",
                "Valid": "true",
                "BackgroundColor": "#c0c0c0",
                "TaskType": "ItsEmailTask"
            },
            "stencil": {
                "id": "EmailTask"
            },
            "childShapes": [],
            "outgoing": [{
                    "resourceId": "oryx_5974DAA2-5E6E-4AB1-B2F2-B6EDD42B02F4"
                }, {
                    "resourceId": "oryx_98463367-7095-499A-968C-26B7B68685CD"
                }
            ],
            "bounds": {
                "lowerRight": {
                    "x": 645,
                    "y": 330
                },
                "upperLeft": {
                    "x": 543,
                    "y": 248
                }
            },
            "dockers": []
        }, {
            "resourceId": "oryx_43D99693-6B81-4BE2-8D78-F95424E9EFF5",
            "properties": {
                "y": "91.0",
                "x": "676.0",
                "AreaVPath": "$IW_WORKAREA",
                "Brief Description": "",
                "Description": "Translation was not required, send an e-mail to the owner",
                "Name": "Translation Not Needed Notification",
                "id": "Translation Not Needed Notification",
                "CSSclass": "Task",
                "Owner": "$IW_USER",
                "EMailCommand": "http://$IW_SERVER/iw-cc/urlexternaltask",
                "Retry": "true",
                "Lock": "false",
                "Readonly": "false",
                "Transferonly": "false",
                "Variables": "ClassName=com.deere.livesite.workflow.syndication.TranslationNotification|target_task_name=Email Sent|mail_subject=PIM Translation Request - Translation Not Needed|serverName=pimTranslationNotNeeded|mail_template=/iwadmin/main/config/STAGING/workflow/email/deere/TranslationEmailNotification.xsl|translation_task_name=Send for Translation",
                "Eafinishop": "",
                "Eastartop": "",
                "Wfvarfinishop": "",
                "Wfvarstartop": "",
                "ActivationCount": "0",
                "Status": "none",
                "Valid": "true",
                "BackgroundColor": "#c0c0c0",
                "TaskType": "ItsEmailTask"
            },
            "stencil": {
                "id": "EmailTask"
            },
            "childShapes": [],
            "outgoing": [{
                    "resourceId": "oryx_163447F1-58BD-434D-A4C6-338CF7446E87"
                }, {
                    "resourceId": "oryx_1355CA67-DE95-4EFA-93C9-0F2F168119BB"
                }
            ],
            "bounds": {
                "lowerRight": {
                    "x": 645,
                    "y": 206
                },
                "upperLeft": {
                    "x": 543,
                    "y": 124
                }
            },
            "dockers": []
        }, {
            "resourceId": "oryx_B5D8E70F-A41C-4603-8115-B0147FCB689E",
            "properties": {
                "x": "315.0",
                "y": "206.0",
                "AreaVPath": "$IW_WORKAREA",
                "Brief Description": "",
                "Description": "Workflow completed",
                "Name": "Send for Translation",
                "id": "Send for Translation",
                "CSSclass": "Task",
                "Owner": "$IW_USER",
                "URI": "http://localhost:8080/iw-cc/urlexternaltask",
                "Retry": "true",
                "Lock": "false",
                "Readonly": "false",
                "Transferonly": "false",
                "Variables": "JobContact=$IW_CV(JobContact)|ProjectPO=$IW_CV(ProjectPO)|ProjectDescription=$IW_CV(ProjectDescription)|ProjectType=$IW_CV(ProjectType)|ProjectSettingsName=$IW_CV(ProjectSettingsName)|ProjectManager=$IW_CV(ProjectManager)|ProjectDeadline=$IW_CV(ProjectDeadline)|SettingTemplateName=$IW_CV(SettingTemplateName)|PartialCheckoutIndicator=$IW_CV(PartialCheckoutIndicator)|Relation=$IW_CV(Relation)|PerformerType=$IW_CV(PerformerType)|Performer=$IW_CV(Performer)|ReportingTemplate=$IW_CV(ReportingTemplate)|WorkflowName=$IW_CV(WorkflowName)|ClassName=com.deere.livesite.workflow.syndication.AkeneoSendForTranslationTask|ProjectNamePrefix=PIM_|DocTransform=Teamsite v 1.0|DefaultTransformTemplate=$IW_CV(DefaultTransformTemplate)|SPPageTransformTemplate=$IW_CV(SPPageTransformTemplate)|DCRTransformTemplate=$IW_CV(DCRTransformTemplate)|JSONTransformTemplate=$IW_CV(JSONTransformTemplate)",
                "Eafinishop": "",
                "Eastartop": "",
                "Wfvarfinishop": "",
                "Wfvarstartop": "",
                "ActivationCount": "0",
                "Status": "none",
                "Valid": "true",
                "BackgroundColor": "#c0c0c0",
                "TaskType": "ItsURLTask"
            },
            "stencil": {
                "id": "URLTask"
            },
            "childShapes": [],
            "outgoing": [{
                    "resourceId": "oryx_C6790712-CE2D-49D9-B702-5CB9A7830718"
                }, {
                    "resourceId": "oryx_BD497983-8364-4B3E-9AE3-6B64412EEA2B"
                }, {
                    "resourceId": "oryx_396DB915-F280-4E89-A68E-3C79F579D36A"
                }
            ],
            "bounds": {
                "lowerRight": {
                    "x": 315,
                    "y": 206
                },
                "upperLeft": {
                    "x": 213,
                    "y": 124
                }
            },
            "dockers": []
        }, {
            "resourceId": "oryx_594B28EE-3B3A-4DCA-A640-E722A2BA1D3E",
            "properties": {
                "y": "229.0",
                "x": "960.0",
                "Name": "End",
                "id": "End",
                "Brief Description": "",
                "Eafinishop": "",
                "Eastartop": "",
                "Wfvarfinishop": "",
                "Wfvarstartop": "",
                "CSSclass": "Event"
            },
            "stencil": {
                "id": "End"
            },
            "childShapes": [],
            "outgoing": [],
            "bounds": {
                "lowerRight": {
                    "x": 974,
                    "y": 202
                },
                "upperLeft": {
                    "x": 940,
                    "y": 168
                }
            },
            "dockers": []
        }, {
            "resourceId": "oryx_562A176A-C356-49ED-8DC2-C6FCA90B7DA3",
            "properties": {
                "Name": "Begin",
                "id": "Flow6",
                "Type": "Default"
            },
            "stencil": {
                "id": "Flow"
            },
            "childShapes": [],
            "outgoing": [{
                    "resourceId": "oryx_13FFD098-121E-4634-935A-3E9697E73454"
                }
            ],
            "bounds": {
                "lowerRight": {
                    "x": 89.45000000000002,
                    "y": 248.1105158003515
                },
                "upperLeft": {
                    "x": 84.09033060428143,
                    "y": 122.32187499999999
                }
            },
            "dockers": [{
                    "x": 14.45,
                    "y": 14.45
                }, {
                    "x": 89.45000000000002,
                    "y": 136
                }, {
                    "x": 50,
                    "y": 1
                }
            ],
            "target": {
                "resourceId": "oryx_13FFD098-121E-4634-935A-3E9697E73454"
            }
        }, {
            "resourceId": "oryx_C6790712-CE2D-49D9-B702-5CB9A7830718",
            "properties": {
                "Name": "Success",
                "id": "Flow7",
                "Type": "Default"
            },
            "stencil": {
                "id": "Flow"
            },
            "childShapes": [],
            "outgoing": [{
                    "resourceId": "oryx_AA0C22C4-1D8C-4A57-80C3-6210F7986FF7"
                }
            ],
            "bounds": {
                "lowerRight": {
                    "x": 823,
                    "y": 123.46875
                },
                "upperLeft": {
                    "x": 263,
                    "y": 54
                }
            },
            "dockers": [{
                    "x": 50,
                    "y": 40
                }, {
                    "x": 263,
                    "y": 54
                }, {
                    "x": 1,
                    "y": 40
                }
            ],
            "target": {
                "resourceId": "oryx_AA0C22C4-1D8C-4A57-80C3-6210F7986FF7"
            }
        }, {
            "resourceId": "oryx_BD497983-8364-4B3E-9AE3-6B64412EEA2B",
            "properties": {
                "Name": "Failure",
                "id": "Flow8",
                "Type": "Default"
            },
            "stencil": {
                "id": "Flow"
            },
            "childShapes": [],
            "outgoing": [{
                    "resourceId": "oryx_2C7E8154-5096-4DD3-8CC6-CBEC95FF30CE"
                }
            ],
            "bounds": {
                "lowerRight": {
                    "x": 542.37109375,
                    "y": 288
                },
                "upperLeft": {
                    "x": 263,
                    "y": 206.65625
                }
            },
            "dockers": [{
                    "x": 50,
                    "y": 40
                }, {
                    "x": 263,
                    "y": 288
                }, {
                    "x": 50,
                    "y": 40
                }
            ],
            "target": {
                "resourceId": "oryx_2C7E8154-5096-4DD3-8CC6-CBEC95FF30CE"
            }
        }, {
            "resourceId": "oryx_5974DAA2-5E6E-4AB1-B2F2-B6EDD42B02F4",
            "properties": {
                "Name": "Email Sent",
                "id": "Flow9",
                "Type": "Default"
            },
            "stencil": {
                "id": "Flow"
            },
            "childShapes": [],
            "outgoing": [{
                    "resourceId": "oryx_113D50DF-F3FE-4559-AE48-76D5D7267792"
                }
            ],
            "bounds": {
                "lowerRight": {
                    "x": 761,
                    "y": 483
                },
                "upperLeft": {
                    "x": 645.1875,
                    "y": 288
                }
            },
            "dockers": [{
                    "x": 50,
                    "y": 40
                }, {
                    "x": 761,
                    "y": 288
                }, {
                    "x": 761,
                    "y": 483
                }, {
                    "x": 50,
                    "y": 40
                }
            ],
            "target": {
                "resourceId": "oryx_113D50DF-F3FE-4559-AE48-76D5D7267792"
            }
        }, {
            "resourceId": "oryx_903DD2DE-5F57-4F47-BB85-CB0E746A5F50",
            "properties": {
                "Name": "End Job",
                "id": "Flow10",
                "Type": "Default"
            },
            "stencil": {
                "id": "Flow"
            },
            "childShapes": [],
            "outgoing": [{
                    "resourceId": "oryx_594B28EE-3B3A-4DCA-A640-E722A2BA1D3E"
                }
            ],
            "bounds": {
                "lowerRight": {
                    "x": 954.45,
                    "y": 483
                },
                "upperLeft": {
                    "x": 645.5348632812501,
                    "y": 202.234375
                }
            },
            "dockers": [{
                    "x": 50,
                    "y": 40
                }, {
                    "x": 954.45,
                    "y": 483
                }, {
                    "x": 14.45,
                    "y": 14.45
                }
            ],
            "target": {
                "resourceId": "oryx_594B28EE-3B3A-4DCA-A640-E722A2BA1D3E"
            }
        }, {
            "resourceId": "oryx_8157BABF-65E6-4EE8-9519-9D2C18F35041",
            "properties": {
                "Name": "Send for Translation",
                "id": "Flow11",
                "Type": "Default"
            },
            "stencil": {
                "id": "Flow"
            },
            "childShapes": [],
            "outgoing": [{
                    "resourceId": "oryx_B5D8E70F-A41C-4603-8115-B0147FCB689E"
                }
            ],
            "bounds": {
                "lowerRight": {
                    "x": 542.37109375,
                    "y": 483
                },
                "upperLeft": {
                    "x": 263,
                    "y": 206.12109375
                }
            },
            "dockers": [{
                    "x": 50,
                    "y": 40
                }, {
                    "x": 263,
                    "y": 483
                }, {
                    "x": 50,
                    "y": 40
                }
            ],
            "target": {
                "resourceId": "oryx_B5D8E70F-A41C-4603-8115-B0147FCB689E"
            }
        }, {
            "resourceId": "oryx_98463367-7095-499A-968C-26B7B68685CD",
            "properties": {
                "y": "410.4262840437012",
                "x": "646.5548617613304",
                "Name": "Email Timeout",
                "id": "Flow12",
                "Type": "Timeout",
                "Timeout Duration": "+000003"
            },
            "stencil": {
                "id": "TimeoutLink"
            },
            "childShapes": [],
            "outgoing": [{
                    "resourceId": "oryx_113D50DF-F3FE-4559-AE48-76D5D7267792"
                }
            ],
            "bounds": {
                "lowerRight": {
                    "x": 594,
                    "y": 442.390625
                },
                "upperLeft": {
                    "x": 592,
                    "y": 330.1328125
                }
            },
            "dockers": [{
                    "x": 50,
                    "y": 40
                }, {
                    "x": 50,
                    "y": 40
                }
            ],
            "target": {
                "resourceId": "oryx_113D50DF-F3FE-4559-AE48-76D5D7267792"
            }
        }, {
            "resourceId": "oryx_396DB915-F280-4E89-A68E-3C79F579D36A",
            "properties": {
                "Name": "Translation Not Needed",
                "id": "Flow2",
                "Type": "Default"
            },
            "stencil": {
                "id": "Flow"
            },
            "childShapes": [],
            "outgoing": [{
                    "resourceId": "oryx_43D99693-6B81-4BE2-8D78-F95424E9EFF5"
                }
            ],
            "bounds": {
                "lowerRight": {
                    "x": 542.37109375,
                    "y": 165
                },
                "upperLeft": {
                    "x": 315.5625,
                    "y": 163
                }
            },
            "dockers": [{
                    "x": 50,
                    "y": 40
                }, {
                    "x": 50,
                    "y": 40
                }
            ],
            "target": {
                "resourceId": "oryx_43D99693-6B81-4BE2-8D78-F95424E9EFF5"
            }
        }, {
            "resourceId": "oryx_163447F1-58BD-434D-A4C6-338CF7446E87",
            "properties": {
                "Name": "Email Sent",
                "id": "Flow3",
                "Type": "Default"
            },
            "stencil": {
                "id": "Flow"
            },
            "childShapes": [],
            "outgoing": [{
                    "resourceId": "oryx_594B28EE-3B3A-4DCA-A640-E722A2BA1D3E"
                }
            ],
            "bounds": {
                "lowerRight": {
                    "x": 939.23515625,
                    "y": 182.45
                },
                "upperLeft": {
                    "x": 645.88671875,
                    "y": 164
                }
            },
            "dockers": [{
                    "x": 50,
                    "y": 40
                }, {
                    "x": 772.5,
                    "y": 164
                }, {
                    "x": 772.5,
                    "y": 182.45
                }, {
                    "x": 14.45,
                    "y": 14.45
                }
            ],
            "target": {
                "resourceId": "oryx_594B28EE-3B3A-4DCA-A640-E722A2BA1D3E"
            }
        }, {
            "resourceId": "oryx_1355CA67-DE95-4EFA-93C9-0F2F168119BB",
            "properties": {
                "y": "164.77061945104205",
                "x": "775.517871234889",
                "Name": "Email Timeout",
                "id": "Flow4",
                "Type": "Timeout",
                "Timeout Duration": "+000003"
            },
            "stencil": {
                "id": "TimeoutLink"
            },
            "childShapes": [],
            "outgoing": [{
                    "resourceId": "oryx_594B28EE-3B3A-4DCA-A640-E722A2BA1D3E"
                }
            ],
            "bounds": {
                "lowerRight": {
                    "x": 954.45,
                    "y": 168
                },
                "upperLeft": {
                    "x": 593,
                    "y": 107
                }
            },
            "dockers": [{
                    "x": 50,
                    "y": 40
                }, {
                    "x": 593,
                    "y": 107
                }, {
                    "x": 954.45,
                    "y": 107
                }, {
                    "x": 14.450000000000045,
                    "y": 3
                }
            ],
            "target": {
                "resourceId": "oryx_594B28EE-3B3A-4DCA-A640-E722A2BA1D3E"
            }
        }, {
            "resourceId": "oryx_AA0C22C4-1D8C-4A57-80C3-6210F7986FF7",
            "properties": {
                "AreaVPath": "$IW_WORKAREA",
                "Brief Description": "",
                "Description": "File submitted after file is sent for translation.",
                "Name": "Submit Task",
                "id": "Submit Task",
                "CSSclass": "Task",
                "Owner": "$IW_USER",
                "SubmitComment": "Sent for Translation",
                "SubmitInfo": "Sent for Translation",
                "Override": "true",
                "Save Comments": "true",
                "Skip Conflicts": "false",
                "Skip Locked": "false",
                "Unlock": "true",
                "Variables": "",
                "Eafinishop": "",
                "Eastartop": "",
                "Wfvarfinishop": "",
                "Wfvarstartop": "",
                "ActivationCount": "0",
                "Status": "none",
                "Valid": "none",
                "BackgroundColor": "#c0c0c0",
                "TaskType": "ItsSubmitTask"
            },
            "stencil": {
                "id": "SubmitTask"
            },
            "childShapes": [],
            "outgoing": [{
                    "resourceId": "oryx_DEE4A4F7-72EA-45AB-B415-95BC17960EA0"
                }
            ],
            "bounds": {
                "lowerRight": {
                    "x": 923,
                    "y": 94
                },
                "upperLeft": {
                    "x": 823,
                    "y": 14
                }
            },
            "dockers": []
        }, {
            "resourceId": "oryx_DEE4A4F7-72EA-45AB-B415-95BC17960EA0",
            "properties": {
                "Name": "Submit Task Success",
                "id": "Flow13",
                "Type": "Default"
            },
            "stencil": {
                "id": "Flow"
            },
            "childShapes": [],
            "outgoing": [{
                    "resourceId": "oryx_45D4B16E-0D9A-411E-A741-9B2143889019"
                }
            ],
            "bounds": {
                "lowerRight": {
                    "x": 1126,
                    "y": 135
                },
                "upperLeft": {
                    "x": 923.796875,
                    "y": 54
                }
            },
            "dockers": [{
                    "x": 99,
                    "y": 40
                }, {
                    "x": 1126,
                    "y": 54
                }, {
                    "x": 51,
                    "y": 1
                }
            ],
            "target": {
                "resourceId": "oryx_45D4B16E-0D9A-411E-A741-9B2143889019"
            }
        }, {
            "resourceId": "oryx_45D4B16E-0D9A-411E-A741-9B2143889019",
            "properties": {
                "y": "91.0",
                "x": "676.0",
                "AreaVPath": "$IW_WORKAREA",
                "Brief Description": "",
                "Description": "Translation was successful, send an e-mail to the owner",
                "Name": "Translation Success Notification",
                "id": "Translation Success Notification",
                "CSSclass": "Task",
                "Owner": "$IW_USER",
                "EMailCommand": "http://$IW_SERVER/iw-cc/urlexternaltask",
                "Retry": "true",
                "Lock": "false",
                "Readonly": "false",
                "Transferonly": "false",
                "Variables": "ClassName=com.deere.livesite.workflow.syndication.TranslationNotification|target_task_name=Email Sent|mail_subject=PIM Translation Request - Successfully Sent|serverName=pimTranslation|mail_template=/iwadmin/main/config/STAGING/workflow/email/deere/TranslationEmailNotification.xsl|translation_task_name=Send for Translation",
                "Eafinishop": "",
                "Eastartop": "",
                "Wfvarfinishop": "",
                "Wfvarstartop": "",
                "ActivationCount": "0",
                "Status": "none",
                "Valid": "true",
                "BackgroundColor": "#c0c0c0",
                "TaskType": "ItsEmailTask"
            },
            "stencil": {
                "id": "EmailTask"
            },
            "childShapes": [],
            "outgoing": [{
                    "resourceId": "oryx_5198ABD0-531F-4EE4-82F8-D6C6FE5900D1"
                }, {
                    "resourceId": "oryx_D045DB7B-238C-42CE-BDBC-84F950F84E45"
                }
            ],
            "bounds": {
                "lowerRight": {
                    "x": 1177,
                    "y": 217
                },
                "upperLeft": {
                    "x": 1075,
                    "y": 135
                }
            },
            "dockers": []
        }, {
            "resourceId": "oryx_5198ABD0-531F-4EE4-82F8-D6C6FE5900D1",
            "properties": {
                "Name": "Email Sent",
                "id": "Flow5",
                "Type": "Default"
            },
            "stencil": {
                "id": "Flow"
            },
            "childShapes": [],
            "outgoing": [{
                    "resourceId": "oryx_594B28EE-3B3A-4DCA-A640-E722A2BA1D3E"
                }
            ],
            "bounds": {
                "lowerRight": {
                    "x": 1074.1589739949386,
                    "y": 180.9080656602899
                },
                "upperLeft": {
                    "x": 974.2519752352554,
                    "y": 176.08880640716157
                }
            },
            "dockers": [{
                    "x": 1,
                    "y": 41
                }, {
                    "x": 28.20001220703125,
                    "y": 13.199996948242188
                }
            ],
            "target": {
                "resourceId": "oryx_594B28EE-3B3A-4DCA-A640-E722A2BA1D3E"
            }
        }, {
            "resourceId": "oryx_D045DB7B-238C-42CE-BDBC-84F950F84E45",
            "properties": {
                "y": "410.4262840437012",
                "x": "646.5548617613304",
                "Name": "Email Timeout",
                "id": "Flow14",
                "Type": "Timeout",
                "Timeout Duration": "+000003"
            },
            "stencil": {
                "id": "TimeoutLink"
            },
            "childShapes": [],
            "outgoing": [{
                    "resourceId": "oryx_594B28EE-3B3A-4DCA-A640-E722A2BA1D3E"
                }
            ],
            "bounds": {
                "lowerRight": {
                    "x": 1126,
                    "y": 297.20001220703125
                },
                "upperLeft": {
                    "x": 964.2000122070312,
                    "y": 200.6999979019165
                }
            },
            "dockers": [{
                    "x": 51,
                    "y": 81
                }, {
                    "x": 1126,
                    "y": 297.20001220703125
                }, {
                    "x": 964.2000122070312,
                    "y": 297.20001220703125
                }, {
                    "x": 24.20001220703125,
                    "y": 25.199996948242188
                }
            ],
            "target": {
                "resourceId": "oryx_594B28EE-3B3A-4DCA-A640-E722A2BA1D3E"
            }
        }, {
            "resourceId": "oryx_13FFD098-121E-4634-935A-3E9697E73454",
            "properties": {
                "AreaVPath": "$IW_WORKAREA",
                "Brief Description": "Select the list of products to be sent for translation",
                "Description": "",
                "Name": "Select File List For Translation",
                "id": "Select File List For Translation",
                "CSSclass": "Task",
                "Owner": "$IW_USER",
                "CGIScriptName": "/iw-cc/customer/syndication/translation_file_list.jsp",
                "Immediate": "true",
                "Lock": "false",
                "Readonly": "false",
                "Transferonly": "false",
                "Variables": "CancelTransition=Cancel|BlackListTargetBranch=$IW_CV(BlackListTargetBranch)|SuccessTransition=Success",
                "Eafinishop": "",
                "Eastartop": "",
                "Wfvarfinishop": "",
                "Wfvarstartop": "",
                "ActivationCount": "0",
                "Status": "none",
                "Valid": "none",
                "BackgroundColor": "#c0c0c0",
                "TaskType": "ItsCGITask"
            },
            "stencil": {
                "id": "CGITask"
            },
            "childShapes": [],
            "outgoing": [{
                    "resourceId": "oryx_075F3E6C-F6DA-498B-8AC9-2B33ED998725"
                }, {
                    "resourceId": "oryx_152D2F8B-1D25-4A8E-B17D-68CD8D4A4211"
                }
            ],
            "bounds": {
                "lowerRight": {
                    "x": 134,
                    "y": 329
                },
                "upperLeft": {
                    "x": 34,
                    "y": 249
                }
            },
            "dockers": []
        }, {
            "resourceId": "oryx_152D2F8B-1D25-4A8E-B17D-68CD8D4A4211",
            "properties": {
                "Name": "Success",
                "id": "Flow15",
                "Type": "Default"
            },
            "stencil": {
                "id": "Flow"
            },
            "childShapes": [],
            "outgoing": [{
                    "resourceId": "oryx_BBF71B1F-9867-48C5-B3B7-9E57F522358B"
                }
            ],
            "bounds": {
                "lowerRight": {
                    "x": 156.80152651867814,
                    "y": 443.5064964954992
                },
                "upperLeft": {
                    "x": 117.81095667854521,
                    "y": 329.76338520279535
                }
            },
            "dockers": [{
                    "x": 83.81095667854521,
                    "y": 80.76338520279535
                }, {
                    "x": 117.81095667854521,
                    "y": 416.2653828599363
                }, {
                    "x": 65,
                    "y": 29.6875
                }
            ],
            "target": {
                "resourceId": "oryx_BBF71B1F-9867-48C5-B3B7-9E57F522358B"
            }
        }, {
            "resourceId": "oryx_075F3E6C-F6DA-498B-8AC9-2B33ED998725",
            "properties": {
                "Name": "Cancel",
                "id": "Flow16",
                "Type": "Default"
            },
            "stencil": {
                "id": "Flow"
            },
            "childShapes": [],
            "outgoing": [{
                    "resourceId": "oryx_594B28EE-3B3A-4DCA-A640-E722A2BA1D3E"
                }
            ],
            "bounds": {
                "lowerRight": {
                    "x": 946.5940631361465,
                    "y": 541
                },
                "upperLeft": {
                    "x": 84,
                    "y": 199.02948548203292
                }
            },
            "dockers": [{
                    "x": 50,
                    "y": 79
                }, {
                    "x": 84,
                    "y": 541
                }, {
                    "x": 851,
                    "y": 541
                }, {
                    "x": 8,
                    "y": 26
                }
            ],
            "target": {
                "resourceId": "oryx_594B28EE-3B3A-4DCA-A640-E722A2BA1D3E"
            }
        }, {
            "resourceId": "oryx_BBF71B1F-9867-48C5-B3B7-9E57F522358B",
            "properties": {
                "AreaVPath": "$IW_WORKAREA",
                "Brief Description": "Check if files are already send for translation for target branches",
                "Description": "PIM Data JSON Translation Workflow",
                "Name": "Already Send For Translation Check for Target Branches",
                "id": "Already Send For Translation Check for Target Branches",
                "CSSclass": "Task",
                "Owner": "$IW_USER",
                "CGIScriptName": "/iw-cc/customer/syndication/sendfortranslation_check.jsp",
                "Immediate": "true",
                "Lock": "false",
                "Readonly": "false",
                "Transferonly": "false",
                "Variables": "CancelTransition=Cancel|SuccessTransition=Success",
                "Eafinishop": "",
                "Eastartop": "",
                "Wfvarfinishop": "",
                "Wfvarstartop": "",
                "ActivationCount": "0",
                "Status": "none",
                "Valid": "none",
                "BackgroundColor": "#c0c0c0",
                "TaskType": "ItsCGITask"
            },
            "stencil": {
                "id": "CGITask"
            },
            "childShapes": [],
            "outgoing": [{
                    "resourceId": "oryx_0A57326C-8A42-4E36-A32A-25BBAA92DA41"
                }, {
                    "resourceId": "oryx_B1928272-3ECC-4116-AD6F-196B2F5702F8"
                }
            ],
            "bounds": {
                "lowerRight": {
                    "x": 235,
                    "y": 524
                },
                "upperLeft": {
                    "x": 135,
                    "y": 444
                }
            },
            "dockers": []
        }, {
            "resourceId": "oryx_0A57326C-8A42-4E36-A32A-25BBAA92DA41",
            "properties": {
                "Name": "Cancel",
                "id": "Flow17",
                "Type": "Default"
            },
            "stencil": {
                "id": "Flow"
            },
            "childShapes": [],
            "outgoing": [{
                    "resourceId": "oryx_594B28EE-3B3A-4DCA-A640-E722A2BA1D3E"
                }
            ],
            "bounds": {
                "lowerRight": {
                    "x": 1011.1723861020212,
                    "y": 526.8693851410513
                },
                "upperLeft": {
                    "x": 235.64424722818956,
                    "y": 202.01280434134725
                }
            },
            "dockers": [{
                    "x": 25.729089543471474,
                    "y": 61.21052103595912
                }, {
                    "x": 1011.1723861020212,
                    "y": 526.8693851410513
                }, {
                    "x": 17,
                    "y": 17
                }
            ],
            "target": {
                "resourceId": "oryx_594B28EE-3B3A-4DCA-A640-E722A2BA1D3E"
            }
        }, {
            "resourceId": "oryx_B1928272-3ECC-4116-AD6F-196B2F5702F8",
            "properties": {
                "Name": "Success",
                "id": "Flow18",
                "Type": "Default"
            },
            "stencil": {
                "id": "Flow"
            },
            "childShapes": [],
            "outgoing": [{
                    "resourceId": "oryx_B5D8E70F-A41C-4603-8115-B0147FCB689E"
                }
            ],
            "bounds": {
                "lowerRight": {
                    "x": 212.23782848815864,
                    "y": 443.0171122643771
                },
                "upperLeft": {
                    "x": 150.79801722542027,
                    "y": 193.20995028619092
                }
            },
            "dockers": [{
                    "x": 25,
                    "y": 1
                }, {
                    "x": 150.79801722542027,
                    "y": 193.20995028619092
                }, {
                    "x": 21.05109890907147,
                    "y": 69.20995028619092
                }
            ],
            "target": {
                "resourceId": "oryx_B5D8E70F-A41C-4603-8115-B0147FCB689E"
            }
        }
    ],
    "bounds": {
        "lowerRight": {
            "x": 1485,
            "y": 1050
        },
        "upperLeft": {
            "x": 0,
            "y": 0
        }
    },
    "stencilset": {
        "url": "/iw-wfm/editor/stencilsets/iwov_process_model/iwovprocessmodels.json",
        "namespace": "http://autonomy.com/stencilset/iwovwfm#"
    },
    "ssextensions": [],
    "modelVariables": [{
            "TaskId": "URLTask",
            "PropertyName": "Variables",
            "VariableId": "ReportingTemplate",
            "VariableValue": "",
            "TaskType": "",
            "isDeleted": ""
        }, {
            "TaskId": "URLTask",
            "PropertyName": "Variables",
            "VariableId": "PartialCheckoutIndicator",
            "VariableValue": "",
            "TaskType": "",
            "isDeleted": ""
        }, {
            "TaskId": "URLTask",
            "PropertyName": "Variables",
            "VariableId": "ProjectManager",
            "VariableValue": "",
            "TaskType": "",
            "isDeleted": ""
        }, {
            "TaskId": "URLTask",
            "PropertyName": "Variables",
            "VariableId": "PerformerType",
            "VariableValue": "",
            "TaskType": "",
            "isDeleted": ""
        }, {
            "TaskId": "URLTask",
            "PropertyName": "Variables",
            "VariableId": "ProjectPO",
            "VariableValue": "",
            "TaskType": "",
            "isDeleted": ""
        }, {
            "TaskId": "URLTask",
            "PropertyName": "Variables",
            "VariableId": "JobContact",
            "VariableValue": "",
            "TaskType": "",
            "isDeleted": ""
        }, {
            "TaskId": "URLTask",
            "PropertyName": "Variables",
            "VariableId": "Performer",
            "VariableValue": "",
            "TaskType": "",
            "isDeleted": ""
        }, {
            "TaskId": "URLTask",
            "PropertyName": "Variables",
            "VariableId": "WorkflowName",
            "VariableValue": "",
            "TaskType": "",
            "isDeleted": ""
        }, {
            "TaskId": "URLTask",
            "PropertyName": "Variables",
            "VariableId": "SettingTemplateName",
            "VariableValue": "",
            "TaskType": "",
            "isDeleted": ""
        }, {
            "TaskId": "URLTask",
            "PropertyName": "Variables",
            "VariableId": "ProjectDeadline",
            "VariableValue": "",
            "TaskType": "",
            "isDeleted": ""
        }, {
            "TaskId": "GroupTask",
            "PropertyName": "Shared by",
            "VariableId": "AdminUserGroup",
            "VariableValue": "",
            "TaskType": "",
            "isDeleted": ""
        }, {
            "TaskId": "URLTask",
            "PropertyName": "Variables",
            "VariableId": "ProjectDescription",
            "VariableValue": "",
            "TaskType": "",
            "isDeleted": ""
        }, {
            "TaskId": "URLTask",
            "PropertyName": "Variables",
            "VariableId": "ProjectType",
            "VariableValue": "",
            "TaskType": "",
            "isDeleted": ""
        }, {
            "TaskId": "URLTask",
            "PropertyName": "Variables",
            "VariableId": "ProjectSettingsName",
            "VariableValue": "",
            "TaskType": "",
            "isDeleted": ""
        }, {
            "TaskId": "Resolve Error",
            "PropertyName": "Shared by",
            "VariableId": "AdminUserGroup",
            "VariableValue": {
                "type": "$IW_CV",
                "value": {
                    "isReadOnly": false,
                    "defaultValue": "",
                    "description": "Administration User Group",
                    "id": "AdminUserGroup",
                    "label": "Admin User Group",
                    "isHidden": false
                }
            },
            "TaskType": "GroupTask",
            "isDeleted": ""
        }, {
            "TaskId": "Send for Translation",
            "PropertyName": "Variables",
            "VariableId": "WorkflowName",
            "VariableValue": {
                "type": "$IW_CV",
                "value": {
                    "isReadOnly": true,
                    "defaultValue": "Deere.com-002-Translation-Correction",
                    "description": "Translation project workflow name",
                    "id": "WorkflowName",
                    "label": "Workflow Name",
                    "isHidden": true
                }
            },
            "TaskType": "URLTask",
            "isDeleted": ""
        }, {
            "TaskId": "Send for Translation",
            "PropertyName": "Variables",
            "VariableId": "ProjectDeadline",
            "VariableValue": {
                "type": "$IW_CV",
                "value": {
                    "isReadOnly": false,
                    "defaultValue": "",
                    "description": "Translation project deadline date",
                    "id": "ProjectDeadline",
                    "label": "Project Deadline",
                    "isHidden": false
                }
            },
            "TaskType": "URLTask",
            "isDeleted": ""
        }, {
            "TaskId": "Send for Translation",
            "PropertyName": "Variables",
            "VariableId": "SettingTemplateName",
            "VariableValue": {
                "type": "$IW_CV",
                "value": {
                    "isReadOnly": true,
                    "defaultValue": "Deere.com-Marketing",
                    "description": "Translation project settings template name",
                    "id": "SettingTemplateName",
                    "label": "Setting Template Name",
                    "isHidden": true
                }
            },
            "TaskType": "URLTask",
            "isDeleted": ""
        }, {
            "TaskId": "Send for Translation",
            "PropertyName": "Variables",
            "VariableId": "JobContact",
            "VariableValue": {
                "type": "$IW_CV",
                "value": {
                    "isReadOnly": false,
                    "defaultValue": "",
                    "description": "Contact e-mail address for the translation project",
                    "id": "JobContact",
                    "label": "Job Contact",
                    "isHidden": false
                }
            },
            "TaskType": "URLTask",
            "isDeleted": ""
        }, {
            "TaskId": "Send for Translation",
            "PropertyName": "Variables",
            "VariableId": "PartialCheckoutIndicator",
            "VariableValue": {
                "type": "$IW_CV",
                "value": {
                    "isReadOnly": true,
                    "defaultValue": "Language",
                    "description": "Translation project partial checkout indicator",
                    "id": "PartialCheckoutIndicator",
                    "label": "Partial Checkout Indicator",
                    "isHidden": true
                }
            },
            "TaskType": "URLTask",
            "isDeleted": ""
        }, {
            "TaskId": "Send for Translation",
            "PropertyName": "Variables",
            "VariableId": "ReportingTemplate",
            "VariableValue": {
                "type": "$IW_CV",
                "value": {
                    "isReadOnly": false,
                    "defaultValue": "",
                    "description": "Translation project reporting template",
                    "id": "ReportingTemplate",
                    "label": "Reporting Template",
                    "isHidden": false
                }
            },
            "TaskType": "URLTask",
            "isDeleted": ""
        }, {
            "TaskId": "Send for Translation",
            "PropertyName": "Variables",
            "VariableId": "ProjectDescription",
            "VariableValue": {
                "type": "$IW_CV",
                "value": {
                    "isReadOnly": false,
                    "defaultValue": "",
                    "description": "Translation project description",
                    "id": "ProjectDescription",
                    "label": "Project Description",
                    "isHidden": false
                }
            },
            "TaskType": "URLTask",
            "isDeleted": ""
        }, {
            "TaskId": "Send for Translation",
            "PropertyName": "Variables",
            "VariableId": "ProjectPO",
            "VariableValue": {
                "type": "$IW_CV",
                "value": {
                    "isReadOnly": false,
                    "defaultValue": "",
                    "description": "Project PO",
                    "id": "ProjectPO",
                    "label": "Project PO",
                    "isHidden": false
                }
            },
            "TaskType": "URLTask",
            "isDeleted": ""
        }, {
            "TaskId": "Send for Translation",
            "PropertyName": "Variables",
            "VariableId": "PerformerType",
            "VariableValue": {
                "type": "$IW_CV",
                "value": {
                    "isReadOnly": false,
                    "defaultValue": "",
                    "description": "Translation project performer type",
                    "id": "PerformerType",
                    "label": "Performer Type",
                    "isHidden": false
                }
            },
            "TaskType": "URLTask",
            "isDeleted": ""
        }, {
            "TaskId": "Send for Translation",
            "PropertyName": "Variables",
            "VariableId": "ProjectManager",
            "VariableValue": {
                "type": "$IW_CV",
                "value": {
                    "isReadOnly": true,
                    "defaultValue": "vavp0m\\CROSS001Q00L",
                    "description": "Translation project manager",
                    "id": "ProjectManager",
                    "label": "Project Manager",
                    "isHidden": true
                }
            },
            "TaskType": "URLTask",
            "isDeleted": ""
        }, {
            "TaskId": "Send for Translation",
            "PropertyName": "Variables",
            "VariableId": "Performer",
            "VariableValue": {
                "type": "$IW_CV",
                "value": {
                    "isReadOnly": false,
                    "defaultValue": "",
                    "description": "Translation project performer",
                    "id": "Performer",
                    "label": "Performer",
                    "isHidden": false
                }
            },
            "TaskType": "URLTask",
            "isDeleted": ""
        }, {
            "TaskId": "Send for Translation",
            "PropertyName": "Variables",
            "VariableId": "ProjectType",
            "VariableValue": {
                "type": "$IW_CV",
                "value": {
                    "isReadOnly": true,
                    "defaultValue": "Released",
                    "description": "Translation project type",
                    "id": "ProjectType",
                    "label": "Project Type",
                    "isHidden": true
                }
            },
            "TaskType": "URLTask",
            "isDeleted": ""
        }, {
            "TaskId": "Send for Translation",
            "PropertyName": "Variables",
            "VariableId": "ProjectSettingsName",
            "VariableValue": {
                "type": "$IW_CV",
                "value": {
                    "isReadOnly": true,
                    "defaultValue": "Deere.com-Marketing",
                    "description": "Translation project settings name",
                    "id": "ProjectSettingsName",
                    "label": "Project Settings Name",
                    "isHidden": true
                }
            },
            "TaskType": "URLTask",
            "isDeleted": ""
        }, {
            "TaskId": "Send for Translation",
            "PropertyName": "Variables",
            "VariableId": "DefaultTransformTemplate",
            "VariableValue": {
                "type": "$IW_CV",
                "value": {
                    "id": "DefaultTransformTemplate",
                    "label": "Default Transform Template",
                    "defaultValue": "",
                    "description": "Default Across Transform Template",
                    "isHidden": false,
                    "isReadOnly": false
                }
            },
            "TaskType": "URLTask",
            "isDeleted": ""
        }, {
            "TaskId": "Send for Translation",
            "PropertyName": "Variables",
            "VariableId": "SPPageTransformTemplate",
            "VariableValue": {
                "type": "$IW_CV",
                "value": {
                    "id": "SPPageTransformTemplate",
                    "label": "SP Page Transform Template",
                    "defaultValue": "",
                    "description": "SitePublisher Across Page Transform Template",
                    "isHidden": false,
                    "isReadOnly": false
                }
            },
            "TaskType": "URLTask",
            "isDeleted": ""
        }, {
            "TaskId": "Send for Translation",
            "PropertyName": "Variables",
            "VariableId": "DCRTransformTemplate",
            "VariableValue": {
                "type": "$IW_CV",
                "value": {
                    "id": "DCRTransformTemplate",
                    "label": "DCR Transform Template",
                    "defaultValue": "",
                    "description": "DCR Across Transform Template",
                    "isHidden": false,
                    "isReadOnly": false
                }
            },
            "TaskType": "URLTask",
            "isDeleted": ""
        }, {
            "TaskId": "Send for Translation",
            "PropertyName": "Variables",
            "VariableId": "JSONTransformTemplate",
            "VariableValue": {
                "type": "$IW_CV",
                "value": {
                    "id": "JSONTransformTemplate",
                    "label": "JSON Transform Template",
                    "defaultValue": "",
                    "description": "JSON Across Transform Template",
                    "isHidden": false,
                    "isReadOnly": false
                }
            },
            "TaskType": "URLTask",
            "isDeleted": ""
        }, {
            "TaskId": "Workflow Properties1",
            "PropertyName": "Global Variables",
            "VariableId": "TargetBranches",
            "VariableValue": {
                "type": "$IW_CV",
                "value": {
                    "id": "TargetBranches",
                    "label": "TargetBranches",
                    "defaultValue": "",
                    "description": "Target branches for translation.",
                    "isHidden": false,
                    "isReadOnly": false
                }
            },
            "TaskType": "ModelProperties"
        }, {
            "TaskId": "Select File List For Translation",
            "PropertyName": "Variables",
            "VariableId": "BlackListTargetBranch",
            "VariableValue": {
                "type": "$IW_CV",
                "value": {
                    "id": "BlackListTargetBranch",
                    "label": "Black List Target Branch",
                    "defaultValue": "/default/main/deere/us/en",
                    "description": "Comma Separated list of target locales not allowed for translation.",
                    "isHidden": false,
                    "isReadOnly": false
                }
            },
            "TaskType": "CGITask"
        }
    ]
}
