{"resourceId":"oryx-canvas123","properties":{"Owner":"$IW_USER","Priority":"2","Brief Description":"","Description":"$IW_CV(JobDescription)","DueDate":"","Global Variables":"$IW_CV(ExternalTaskURL)|$IW_CV(SystemTimeout)|$IW_CV(ReviewRequired)","VAVariables":"","Variables":"","PostProcessorCommand":"","PreProcessorCommand":"","Name":"JSON Generate","id":"Workflow Properties1","ActivationCount":"","Version":"1.0.0.1","Status":"","Valid":"true","File Comments":"false"},"stencil":{"id":"ModelProperties"},"childShapes":[{"resourceId":"oryx_4B050687-A4B0-436F-B2F0-6037304FE62A","properties":{"Name":"Start1","id":"Start1","CSSclass":"Event"},"stencil":{"id":"Start"},"childShapes":[],"outgoing":[{"resourceId":"oryx_7EC8834D-77D8-4855-B896-A449C9892EBB"}],"bounds":{"lowerRight":{"x":124,"y":447},"upperLeft":{"x":90,"y":413}},"dockers":[]},{"resourceId":"oryx_C08D1CAE-C4A3-4D75-A80B-E85E3B4B5FC0","properties":{"Name":"End2","id":"End2","Brief Description":"","Eafinishop":"","Eastartop":"","Wfvarfinishop":"","Wfvarstartop":"","CSSclass":"Event"},"stencil":{"id":"End"},"childShapes":[],"outgoing":[],"bounds":{"lowerRight":{"x":1189,"y":432},"upperLeft":{"x":1155,"y":398}},"dockers":[]},{"resourceId":"oryx_FF4EFAD1-40D9-42F7-9040-2DD3E898695E","properties":{"AreaVPath":"$IW_WORKAREA","Brief Description":"","Description":"Submits all files to the STAGING area.","Name":"Submit Files","id":"Submit Files","CSSclass":"Task","Owner":"$IW_USER","SubmitComment":"Workflow Submission","SubmitInfo":"","Override":"true","Save Comments":"true","Skip Conflicts":"false","Skip Locked":"false","Unlock":"false","Variables":"","Eafinishop":"","Eastartop":"","Wfvarfinishop":"","Wfvarstartop":"","ActivationCount":"0","Status":"none","Valid":"none","BackgroundColor":"#c0c0c0","TaskType":"ItsSubmitTask"},"stencil":{"id":"SubmitTask"},"childShapes":[],"outgoing":[{"resourceId":"oryx_729B3EFA-4A79-415B-A300-93437240D55A"}],"bounds":{"lowerRight":{"x":985,"y":455},"upperLeft":{"x":885,"y":375}},"dockers":[]},{"resourceId":"oryx_E49CC3F6-2713-4429-8979-6A785B3DF349","properties":{"AreaVPath":"$IW_WORKAREA","Brief Description":"","Description":"Generates files for the attached DCRs","Name":"Generate Files","id":"Generate Files","CSSclass":"Task","Owner":"$IW_USER","URI":"$IW_CV(ExternalTaskURL)","Retry":"true","Lock":"false","Readonly":"false","Transferonly":"false","Variables":"ClassName=com.deere.livesite.workflow.GenerateFilesUrlTask|attachGeneratedFiles=$IW_CV(AttachGeneratedFiles)|generatePropertyPath=$IW_CV(GeneratePropertyPath)","Eafinishop":"","Eastartop":"","Wfvarfinishop":"","Wfvarstartop":"set:eh_task=Generate Files","ActivationCount":"0","Status":"none","Valid":"none","BackgroundColor":"#c0c0c0","TaskType":"ItsURLTask"},"stencil":{"id":"URLTask"},"childShapes":[],"outgoing":[{"resourceId":"oryx_FCC2F9E0-4E36-412D-87CC-12B32D4B25C3"},{"resourceId":"oryx_74DF933E-AAB5-4ECB-902C-BF048CAC467F"},{"resourceId":"oryx_5EFDE587-0FFA-4BBC-97F5-3E3F81CECCA4"}],"bounds":{"lowerRight":{"x":415,"y":470},"upperLeft":{"x":315,"y":390}},"dockers":[]},{"resourceId":"oryx_5034A60E-A8AC-4C5E-A0DF-9B6F129B94A8","properties":{"AreaVPath":"$IW_WORKAREA","Brief Description":"","Description":"Posts generated JSON files to Akeneo","Name":"Post to Akeneo","id":"Post to Akeneo","CSSclass":"Task","Owner":"$IW_USER","URI":"$IW_CV(ExternalTaskURL)","Retry":"true","Lock":"false","Readonly":"false","Transferonly":"false","Variables":"ClassName=com.deere.livesite.workflow.PostToAkeneoTask|port=$IW_CV(ConnectionPort)|protocol=$IW_CV(ConnectionProtocol)|host=$IW_CV(ConnectionHost)|file_type=application/json|endpoint_url=$IW_CV(ConnectionEndPointURL)|ReviewRequired=$IW_CV(ReviewRequired)","Eafinishop":"","Eastartop":"","Wfvarfinishop":"","Wfvarstartop":"set:eh_task=Post to Akeneo","ActivationCount":"0","Status":"none","Valid":"none","BackgroundColor":"#c0c0c0","TaskType":"ItsURLTask"},"stencil":{"id":"URLTask"},"childShapes":[],"outgoing":[{"resourceId":"oryx_8496C9ED-30F9-4206-B445-249F8E27FB28"},{"resourceId":"oryx_E38E05AE-E0EA-4540-9110-9E3BA3DBADEC"},{"resourceId":"oryx_3649E4DF-CDE1-47A1-AAA1-60BB2B762C4A"}],"bounds":{"lowerRight":{"x":730,"y":470},"upperLeft":{"x":630,"y":390}},"dockers":[]},{"resourceId":"oryx_4910A773-76F2-4E14-B619-A9F935548883","properties":{"AreaVPath":"$IW_WORKAREA","Brief Description":"","Description":"","Name":"Transition Back","id":"Transition Back","CSSclass":"Task","Owner":"$IW_USER","URI":"$IW_CV(ExternalTaskURL)","Retry":"true","Lock":"false","Readonly":"false","Transferonly":"false","Variables":"ErrorVariableName=eh_task|ClassName=com.deere.livesite.workflow.RetryHandlerTask","Eafinishop":"","Eastartop":"","Wfvarfinishop":"","Wfvarstartop":"","ActivationCount":"0","Status":"none","Valid":"none","BackgroundColor":"#c0c0c0","TaskType":"ItsURLTask"},"stencil":{"id":"URLTask"},"childShapes":[],"outgoing":[{"resourceId":"oryx_057E6856-B8C3-4AD7-9289-ED71BBF62834"},{"resourceId":"oryx_8E073244-F3BC-4AF6-A30A-40139EB90E9D"},{"resourceId":"oryx_BCA774EA-2EEE-411A-B198-A0C4958F288A"}],"bounds":{"lowerRight":{"x":460,"y":185},"upperLeft":{"x":360,"y":105}},"dockers":[]},{"resourceId":"oryx_7507180C-0CA1-46A9-8192-73FBEAB19053","properties":{"AreaVPath":"$IW_WORKAREA","Brief Description":"","Description":"Support team resolves error","Name":"Resolve Error","id":"Resolve Error","CSSclass":"Task","Shared by":"Groups=$IW_CV(SupportUserGroup)","Retain Owner":"false","Lock":"false","Readonly":"false","Transferonly":"false","Variables":"","Eafinishop":"","Eastartop":"","Wfvarfinishop":"","Wfvarstartop":"","ActivationCount":"0","Status":"none","Valid":"none","BackgroundColor":"#c0c0c0","TaskType":"ItsGroupTask"},"stencil":{"id":"GroupTask"},"childShapes":[],"outgoing":[{"resourceId":"oryx_9368274B-BFB5-484A-BBED-98F03A9ACBEA"}],"bounds":{"lowerRight":{"x":835,"y":185},"upperLeft":{"x":735,"y":105}},"dockers":[]},{"resourceId":"oryx_7EC8834D-77D8-4855-B896-A449C9892EBB","properties":{"Name":"Generate Files","id":"Flow8","Type":"Default"},"stencil":{"id":"Flow"},"childShapes":[],"outgoing":[{"resourceId":"oryx_E49CC3F6-2713-4429-8979-6A785B3DF349"}],"bounds":{"lowerRight":{"x":314.6171875,"y":431},"upperLeft":{"x":124.125,"y":429}},"dockers":[{"x":17,"y":17},{"x":50,"y":40}],"target":{"resourceId":"oryx_E49CC3F6-2713-4429-8979-6A785B3DF349"}},{"resourceId":"oryx_FCC2F9E0-4E36-412D-87CC-12B32D4B25C3","properties":{"Name":"Generate Files Success","id":"Flow9","Type":"Default"},"stencil":{"id":"Flow"},"childShapes":[],"outgoing":[{"resourceId":"oryx_5034A60E-A8AC-4C5E-A0DF-9B6F129B94A8"}],"bounds":{"lowerRight":{"x":629.9676227038358,"y":422},"upperLeft":{"x":415.70860433452265,"y":420}},"dockers":[{"x":76.83505431469138,"y":31},{"x":28,"y":31}],"target":{"resourceId":"oryx_5034A60E-A8AC-4C5E-A0DF-9B6F129B94A8"}},{"resourceId":"oryx_74DF933E-AAB5-4ECB-902C-BF048CAC467F","properties":{"Name":"Generate Files Failure","id":"Flow10","Type":"Default"},"stencil":{"id":"Flow"},"childShapes":[],"outgoing":[{"resourceId":"oryx_7507180C-0CA1-46A9-8192-73FBEAB19053"}],"bounds":{"lowerRight":{"x":757.6903714298983,"y":412.8765139984245},"upperLeft":{"x":415.3174410701017,"y":185.5336422515755}},"dockers":[{"x":67,"y":45},{"x":25,"y":79}],"target":{"resourceId":"oryx_7507180C-0CA1-46A9-8192-73FBEAB19053"}},{"resourceId":"oryx_729B3EFA-4A79-415B-A300-93437240D55A","properties":{"Name":"Files Submitted","id":"Flow1","Type":"Default"},"stencil":{"id":"Flow"},"childShapes":[],"outgoing":[{"resourceId":"oryx_C08D1CAE-C4A3-4D75-A80B-E85E3B4B5FC0"}],"bounds":{"lowerRight":{"x":1154.59375,"y":416},"upperLeft":{"x":985.96875,"y":414}},"dockers":[{"x":77,"y":40},{"x":17,"y":17}],"target":{"resourceId":"oryx_C08D1CAE-C4A3-4D75-A80B-E85E3B4B5FC0"}},{"resourceId":"oryx_8496C9ED-30F9-4206-B445-249F8E27FB28","properties":{"Name":"Post to Akeneo Success","id":"Flow2","Type":"Default"},"stencil":{"id":"Flow"},"childShapes":[],"outgoing":[{"resourceId":"oryx_FF4EFAD1-40D9-42F7-9040-2DD3E898695E"}],"bounds":{"lowerRight":{"x":884.8750964366654,"y":432.84548745050927},"upperLeft":{"x":730.7811535633346,"y":430.70529379949073}},"dockers":[{"x":50,"y":40},{"x":11,"y":58}],"target":{"resourceId":"oryx_FF4EFAD1-40D9-42F7-9040-2DD3E898695E"}},{"resourceId":"oryx_E38E05AE-E0EA-4540-9110-9E3BA3DBADEC","properties":{"Name":"Post to Akeneo Failure","id":"Flow3","Type":"Default"},"stencil":{"id":"Flow"},"childShapes":[],"outgoing":[{"resourceId":"oryx_7507180C-0CA1-46A9-8192-73FBEAB19053"}],"bounds":{"lowerRight":{"x":782.4453045737494,"y":389.84343061817145},"upperLeft":{"x":696.8398516762506,"y":185.70735063182852}},"dockers":[{"x":50,"y":40},{"x":62,"y":46}],"target":{"resourceId":"oryx_7507180C-0CA1-46A9-8192-73FBEAB19053"}},{"resourceId":"oryx_9368274B-BFB5-484A-BBED-98F03A9ACBEA","properties":{"Name":"Error Resolved","id":"Flow4","Type":"Default"},"stencil":{"id":"Flow"},"childShapes":[],"outgoing":[{"resourceId":"oryx_4910A773-76F2-4E14-B619-A9F935548883"}],"bounds":{"lowerRight":{"x":734.75,"y":146},"upperLeft":{"x":460.48828125,"y":144}},"dockers":[{"x":50,"y":40},{"x":31,"y":40}],"target":{"resourceId":"oryx_4910A773-76F2-4E14-B619-A9F935548883"}},{"resourceId":"oryx_057E6856-B8C3-4AD7-9289-ED71BBF62834","properties":{"Name":"Generate Files","id":"Flow5","Type":"Default"},"stencil":{"id":"Flow"},"childShapes":[],"outgoing":[{"resourceId":"oryx_E49CC3F6-2713-4429-8979-6A785B3DF349"}],"bounds":{"lowerRight":{"x":393.032475805996,"y":389.14455930939494},"upperLeft":{"x":374.947992944004,"y":185.87497194060504}},"dockers":[{"x":34,"y":70},{"x":54,"y":66}],"target":{"resourceId":"oryx_E49CC3F6-2713-4429-8979-6A785B3DF349"}},{"resourceId":"oryx_8E073244-F3BC-4AF6-A30A-40139EB90E9D","properties":{"Name":"Post to Akeneo","id":"Flow6","Type":"Default"},"stencil":{"id":"Flow"},"childShapes":[],"outgoing":[{"resourceId":"oryx_5034A60E-A8AC-4C5E-A0DF-9B6F129B94A8"}],"bounds":{"lowerRight":{"x":638.6552642382991,"y":389.62724642231},"upperLeft":{"x":451.821298261701,"y":185.30244107769}},"dockers":[{"x":76,"y":63},{"x":41,"y":35}],"target":{"resourceId":"oryx_5034A60E-A8AC-4C5E-A0DF-9B6F129B94A8"}},{"resourceId":"oryx_5EFDE587-0FFA-4BBC-97F5-3E3F81CECCA4","properties":{"Name":"System Timeout","id":"Flow7","Type":"Timeout","Timeout Duration":"+000010"},"stencil":{"id":"TimeoutLink"},"childShapes":[],"outgoing":[{"resourceId":"oryx_7507180C-0CA1-46A9-8192-73FBEAB19053"}],"bounds":{"lowerRight":{"x":742.5084557991167,"y":427.48941484750475},"upperLeft":{"x":415.3274817008833,"y":185.54769452749528}},"dockers":[{"x":78,"y":54},{"x":38,"y":58}],"target":{"resourceId":"oryx_7507180C-0CA1-46A9-8192-73FBEAB19053"}},{"resourceId":"oryx_3649E4DF-CDE1-47A1-AAA1-60BB2B762C4A","properties":{"Name":"System Timeout","id":"Flow11","Type":"Timeout","Timeout Duration":"+000010"},"stencil":{"id":"TimeoutLink"},"childShapes":[],"outgoing":[{"resourceId":"oryx_7507180C-0CA1-46A9-8192-73FBEAB19053"}],"bounds":{"lowerRight":{"x":799.5647276087524,"y":389.6546713355355},"upperLeft":{"x":690.8356630162476,"y":185.6988442894645}},"dockers":[{"x":26,"y":65},{"x":74,"y":63}],"target":{"resourceId":"oryx_7507180C-0CA1-46A9-8192-73FBEAB19053"}},{"resourceId":"oryx_BCA774EA-2EEE-411A-B198-A0C4958F288A","properties":{"Name":"System Timeout","id":"Flow12","Type":"Timeout","Timeout Duration":"+000010"},"stencil":{"id":"TimeoutLink"},"childShapes":[],"outgoing":[{"resourceId":"oryx_7507180C-0CA1-46A9-8192-73FBEAB19053"}],"bounds":{"lowerRight":{"x":734.3340531667588,"y":164.98045810166286},"upperLeft":{"x":460.60344683324115,"y":161.76954189833714}},"dockers":[{"x":35,"y":56},{"x":1,"y":60}],"target":{"resourceId":"oryx_7507180C-0CA1-46A9-8192-73FBEAB19053"}}],"bounds":{"lowerRight":{"x":1485,"y":1145},"upperLeft":{"x":0,"y":0}},"stencilset":{"url":"/iw-wfm/editor/stencilsets/iwov_process_model/iwovprocessmodels.json","namespace":"http://autonomy.com/stencilset/iwovwfm#"},"ssextensions":[],"modelVariables":[{"TaskId":"Workflow Properties1","PropertyName":"Description","VariableId":"JobDescription","VariableValue":{"type":"$IW_CV","value":{"id":"JobDescription","label":"JobDescription","defaultValue":"","description":"","isHidden":false,"isReadOnly":false}},"TaskType":"ModelProperties","isDeleted":""},{"TaskId":"Generate Files","PropertyName":"URI","VariableId":"ExternalTaskURL","VariableValue":"","TaskType":"URLTask","isDeleted":""},{"TaskId":"Transition Back","PropertyName":"URI","VariableId":"ExternalTaskURL","VariableValue":"","TaskType":"URLTask","isDeleted":""},{"TaskId":"Post to Akeneo","PropertyName":"URI","VariableId":"ExternalTaskURL","VariableValue":"","TaskType":"URLTask","isDeleted":""},{"TaskId":"Resolve Error","PropertyName":"Shared by","VariableId":"SupportUserGroup","VariableValue":{"type":"$IW_CV","value":{"id":"SupportUserGroup","label":"Support User Group","defaultValue":"","description":"","isHidden":false,"isReadOnly":false}},"TaskType":"GroupTask","isDeleted":""},{"TaskId":"Workflow Properties1","PropertyName":"Global Variables","VariableId":"ExternalTaskURL","VariableValue":{"type":"$IW_CV","value":{"id":"ExternalTaskURL","label":"External Task URL","defaultValue":"http://localhost:8080/iw-cc/urlexternaltask","description":"","isHidden":true,"isReadOnly":true}},"TaskType":"ModelProperties","isDeleted":""},{"TaskId":"Workflow Properties1","PropertyName":"Global Variables","VariableId":"SystemTimeout","VariableValue":{"type":"$IW_CV","value":{"id":"SystemTimeout","label":"System Timeout","defaultValue":"+000010","description":"","isHidden":false,"isReadOnly":false}},"TaskType":"ModelProperties","isDeleted":""},{"TaskId":"Generate Files","PropertyName":"Variables","VariableId":"AttachGeneratedFiles","VariableValue":{"type":"$IW_CV","value":{"id":"AttachGeneratedFiles","label":"Attach Generated Files","defaultValue":"true","description":"","isHidden":true,"isReadOnly":true}},"TaskType":"URLTask","isDeleted":""},{"TaskId":"Generate Files","PropertyName":"Variables","VariableId":"GeneratePropertyPath","VariableValue":{"type":"$IW_CV","value":{"id":"GeneratePropertyPath","label":"Generate Property File Path","defaultValue":"com/deere/config/json_generate.xml","description":"","isHidden":false,"isReadOnly":false}},"TaskType":"URLTask","isDeleted":""},{"TaskId":"Workflow Properties1","PropertyName":"Global Variables","VariableId":"ReviewRequired","VariableValue":{"type":"$IW_CV","value":{"id":"ReviewRequired","label":"ReviewRequired","defaultValue":"false","description":"ReviewRequired needs to be set to true when user checks it from custom instantiation configuration file","isHidden":false,"isReadOnly":false}},"TaskType":"ModelProperties"},{"TaskId":"Post to Akeneo","PropertyName":"Variables","VariableId":"ConnectionPort","VariableValue":{"type":"$IW_CV","value":{"id":"ConnectionPort","label":"Connection Port","defaultValue":"8283","description":"","isHidden":false,"isReadOnly":false}},"TaskType":"URLTask"},{"TaskId":"Post to Akeneo","PropertyName":"Variables","VariableId":"ConnectionProtocol","VariableValue":{"type":"$IW_CV","value":{"id":"ConnectionProtocol","label":"Connection Protocol","defaultValue":"http","description":"","isHidden":false,"isReadOnly":false}},"TaskType":"URLTask"},{"TaskId":"Post to Akeneo","PropertyName":"Variables","VariableId":"ConnectionHost","VariableValue":{"type":"$IW_CV","value":{"id":"ConnectionHost","label":"Connection Host","defaultValue":"10.212.200.76","description":"","isHidden":false,"isReadOnly":false}},"TaskType":"URLTask"},{"TaskId":"Post to Akeneo","PropertyName":"Variables","VariableId":"ConnectionEndPointURL","VariableValue":{"type":"$IW_CV","value":{"id":"ConnectionEndPointURL","label":"Connection End Point URL","defaultValue":"/akeneo/assets/v2/products?","description":"","isHidden":false,"isReadOnly":false}},"TaskType":"URLTask"},{"TaskId":"Post to Akeneo","PropertyName":"Variables","VariableId":"ReviewRequired","VariableValue":"","TaskType":"URLTask"}]}