{"resourceId":"oryx-canvas123","properties":{"Owner":"$IW_USER","Priority":"2","Brief Description":"","Description":"John Deere Private Deployment Workflow","DueDate":"2017-08-01","Global Variables":"$IW_CV(ExternalURLTask)|$IW_CV(imageWorkarea)|$IW_CV(DisableGlobalBlacklist)|$IW_CV(targetPath)|$IW_CV(targetFragmentPath)|$IW_CV(sitesFolderPath)|$IW_CV(TargetNodes)|$IW_CV(PrivateFlag)|$IW_CV(CopyFilesFlag)|$IW_CV(PrivateURL)","VAVariables":"","Variables":"","PostProcessorCommand":"","PreProcessorCommand":"","Name":"John Deere Private Deployment Workflow","id":"Workflow Properties1","ActivationCount":"","Version":"1.0.0.1","Status":"","Valid":"true","File Comments":"true"},"stencil":{"id":"ModelProperties"},"childShapes":[{"resourceId":"oryx_E898BE9A-85FF-4748-8CE2-583D65871B98","properties":{"x":"53.0","y":"706.0","Name":"Start","id":"Start","CSSclass":"Event"},"stencil":{"id":"Start"},"childShapes":[],"outgoing":[{"resourceId":"oryx_5E90EEDD-5607-416D-B6D5-804B1DF50C13"}],"bounds":{"lowerRight":{"x":1069,"y":1069},"upperLeft":{"x":1035,"y":1035}},"dockers":[]},{"resourceId":"oryx_0ED2C4AC-014E-4310-BDEF-8C9D45733E4E","properties":{"x":"-370.0","y":"148.0","AreaVPath":"$IW_WORKAREA","Brief Description":"","Description":"Resolve Error","Name":"Resolve Error","id":"Resolve Error","Eafinishop":"","Eastartop":"","Wfvarfinishop":"","Wfvarstartop":"","Lock":"false","Readonly":"false","Transferonly":"false","Owner":"$IW_USER","Variables":"","CSSclass":"Task","ActivationCount":"0","Status":"none","Valid":"true","BackgroundColor":"#c0c0c0","TaskType":"ItsUserTask"},"stencil":{"id":"UserTask"},"childShapes":[],"outgoing":[{"resourceId":"oryx_E7E4036E-3CD1-4B9F-824C-3992DC3B1996"},{"resourceId":"oryx_6B2DD3CA-0C5D-4220-90B8-01A05CF54600"}],"bounds":{"lowerRight":{"x":447,"y":907},"upperLeft":{"x":345,"y":825}},"dockers":[]},{"resourceId":"oryx_77300221-801A-424F-82F0-B47C06E6A6F7","properties":{"x":"287.0","y":"56.0","AreaVPath":"$IW_WORKAREA","Brief Description":"","Description":"Private deployment success email","Name":"Private deployment success email","id":"Private deployment success email","CSSclass":"Task","Owner":"$IW_USER","EMailCommand":"http://$IW_SERVER/iw-cc/urlexternaltask","Retry":"true","Lock":"false","Readonly":"false","Transferonly":"false","Variables":"serverName=private|mail_subject=John Deere Private Deployment Workflow - Deploy Files to Private webserver Email - Job |ClassName=com.deere.livesite.authoring.workflow.acpw.task.AutomatedDeploymentSuccessNotification|target_task_name=Private Deployment Success Email Sent|mail_template=/iwadmin/main/config/STAGING/workflow/email/deere/PrivateDeploymentSuccessNotification.xsl","Eafinishop":"","Eastartop":"","Wfvarfinishop":"","Wfvarstartop":"","ActivationCount":"0","Status":"none","Valid":"true","BackgroundColor":"#c0c0c0","TaskType":"ItsEmailTask"},"stencil":{"id":"EmailTask"},"childShapes":[],"outgoing":[{"resourceId":"oryx_210BC8F0-5EAF-42E4-919A-7385696416D3"}],"bounds":{"lowerRight":{"x":1872,"y":186},"upperLeft":{"x":1770,"y":104}},"dockers":[]},{"resourceId":"oryx_B7CAA833-4757-49B6-BE44-5CCE994820D4","properties":{"x":"123.0","y":"390.0","AreaVPath":"$IW_WORKAREA","Brief Description":"","Description":"Deployment to private server failure email","Name":"Private deployment failure email","id":"Private deployment failure email","CSSclass":"Task","Owner":"$IW_USER","EMailCommand":"http://$IW_SERVER/iw-cc/urlexternaltask","Retry":"true","Lock":"false","Readonly":"false","Transferonly":"false","Variables":"target_task_name=Private Deployment Failure Notification Sent|ClassName=com.deere.livesite.authoring.workflow.acpw.task.AutomatedDeploymentFailureNotification|mail_subject=John Deere Private Deployment Workflow - Deployment to Private Server Failure Email - Job|serverName=private|mail_template=/iwadmin/main/config/STAGING/workflow/email/deere/PrivateDeploymentFailureNotification.xslCONFIGURABLE","Eafinishop":"","Eastartop":"","Wfvarfinishop":"","Wfvarstartop":"set:ErrorTaskName=Retry Private Deployment","ActivationCount":"0","Status":"none","Valid":"true","BackgroundColor":"#c0c0c0","TaskType":"ItsEmailTask"},"stencil":{"id":"EmailTask"},"childShapes":[],"outgoing":[{"resourceId":"oryx_508DD18F-00CA-4FCF-B9C9-F8EFEE058B42"}],"bounds":{"lowerRight":{"x":1407,"y":1162},"upperLeft":{"x":1305,"y":1080}},"dockers":[]},{"resourceId":"oryx_6B373269-1EA1-4E2B-8179-CFD69222E626","properties":{"x":"-28.0","y":"253.0","AreaVPath":"$IW_WORKAREA","Brief Description":"","Description":"Submit Files","Name":"Submit Files","id":"Submit Files","CSSclass":"Task","Owner":"$IW_USER","SubmitComment":"Files Submitted","SubmitInfo":"Files Submitted","Override":"true","Save Comments":"false","Skip Conflicts":"false","Skip Locked":"false","Unlock":"true","Variables":"","Eafinishop":"","Eastartop":"","Wfvarfinishop":"","Wfvarstartop":"","ActivationCount":"0","Status":"none","Valid":"true","BackgroundColor":"#c0c0c0","TaskType":"ItsSubmitTask"},"stencil":{"id":"SubmitTask"},"childShapes":[],"outgoing":[{"resourceId":"oryx_FF39C709-1FDA-443E-8226-4C702C3F0A61"}],"bounds":{"lowerRight":{"x":1692,"y":802},"upperLeft":{"x":1590,"y":720}},"dockers":[]},{"resourceId":"oryx_ED2F8894-B9A0-4836-BB4C-CB6266B27D61","properties":{"x":"123.0","y":"227.0","AreaVPath":"$IW_WORKAREA","Brief Description":"Deploy Files to Private Webserver","Description":"","Name":"Private Deployment","id":"Private Deployment","CSSclass":"Task","Owner":"$IW_USER","DeployCommand":"http://$IW_SERVER/iw-cc/urlexternaltask","OD Variables":"imageWorkarea=$IW_CV(imageWorkarea)|targetPath=$IW_CV(targetPath)|targetFragmentPath=$IW_CV(targetFragmentPath)|sitesFolderPath=$IW_CV(sitesFolderPath)","Retry":"false","Lock":"false","Readonly":"false","Transferonly":"false","Variables":"ImmediateTransition=true|ClassName=com.deere.livesite.workflow.CustomDeploymentTask|odDeploymentName=private_webserver_custom_deployment|odDeploymentInst=_$IW_USER","Eafinishop":"","Eastartop":"","Wfvarfinishop":"","Wfvarstartop":"","ActivationCount":"0","Status":"none","Valid":"true","BackgroundColor":"#c0c0c0","TaskType":"ItsDeployTask"},"stencil":{"id":"DeployTask"},"childShapes":[],"outgoing":[{"resourceId":"oryx_6C738448-35A6-40FB-91A8-91147C894544"},{"resourceId":"oryx_AC8CF002-E750-4CA3-AF16-2F5C68B9CDE3"}],"bounds":{"lowerRight":{"x":1587,"y":186},"upperLeft":{"x":1485,"y":104}},"dockers":[]},{"resourceId":"oryx_5EB1D9E7-3F9B-4255-ACFF-1BAF18DA6938","properties":{"x":"-186.0","y":"232.0","AreaVPath":"$IW_WORKAREA","Brief Description":"","Description":"Attach Asset Dependencies","Name":"Attach Page Dependencies","id":"Attach Page Dependencies","CSSclass":"Task","Owner":"$IW_USER","URI":"$IW_CV(ExternalURLTask)","Retry":"true","Lock":"false","Readonly":"false","Transferonly":"false","Variables":"ImmediateTransition=true|ClassName=com.deere.livesite.workflow.AttachDependenciesTask|SuccessTransition=Attach Dependencies Success|FailureTransition=Attach Dependencies Failure|DisableGlobalBlacklist=$IW_CV(DisableGlobalBlacklist)","Eafinishop":"","Eastartop":"","Wfvarfinishop":"","Wfvarstartop":"set:ErrorTaskName=Retry Attach Dependencies","ActivationCount":"0","Status":"none","Valid":"true","BackgroundColor":"#c0c0c0","TaskType":"ItsURLTask"},"stencil":{"id":"URLTask"},"childShapes":[],"outgoing":[{"resourceId":"oryx_EA46FDE0-D0EB-4DDD-86D2-C0DFA3E4BC64"},{"resourceId":"oryx_F19556ED-8F09-42BB-8562-0F1F8F390C0F"}],"bounds":{"lowerRight":{"x":732,"y":952},"upperLeft":{"x":630,"y":870}},"dockers":[]},{"resourceId":"oryx_424C5E56-E9BE-483A-AC93-8ACFA859D7E0","properties":{"x":"-305.0","y":"-236.0","AreaVPath":"$IW_WORKAREA","Brief Description":"","Description":"Convert SitePublisher Pages to HTMLs","Name":"Generate HTML","id":"Generate HTML","CSSclass":"Task","Owner":"$IW_USER","URI":"$IW_CV(ExternalURLTask)","Retry":"true","Lock":"false","Readonly":"false","Transferonly":"false","Variables":"DestinationDirectory=html/deere|ImmediateTransition=true|Processor=com.interwoven.livesite.model.page.PostRenderingProcessor|Suffix=.html|TaskBeanId=workflow.task.HeadlessPageConversionTask|ClassName=com.interwoven.livesite.spring.workflow.task.DelegatingUrlExternalTaskProxy","Eafinishop":"","Eastartop":"","Wfvarfinishop":"","Wfvarstartop":"set:ErrorTaskName=Retry Generate HTML","ActivationCount":"0","Status":"none","Valid":"true","BackgroundColor":"#c0c0c0","TaskType":"ItsURLTask"},"stencil":{"id":"URLTask"},"childShapes":[],"outgoing":[{"resourceId":"oryx_1CC2B357-5C87-4D0E-B026-06EF6A8F6BC4"},{"resourceId":"oryx_5C1B388C-489F-456B-86A9-98F441D3617B"}],"bounds":{"lowerRight":{"x":707,"y":412},"upperLeft":{"x":605,"y":330}},"dockers":[]},{"resourceId":"oryx_DCAF223C-6FD6-49E0-BCAE-05786E1BF256","properties":{"x":"-193.0","y":"-67.0","AreaVPath":"$IW_WORKAREA","Brief Description":"","Description":"Check if HTML Generation is required","Name":"Check if HTML Generation is required","id":"Check if HTML Generation is required","CSSclass":"Task","Owner":"$IW_USER","URI":"$IW_CV(ExternalURLTask)","Retry":"true","Lock":"false","Readonly":"false","Transferonly":"false","Variables":"ClassName=com.deere.livesite.authoring.workflow.acpw.task.HTMLGenerationCheckTask|ImmediateTransition=true","Eafinishop":"","Eastartop":"set:DeploymentStatusEA=Deploy","Wfvarfinishop":"","Wfvarstartop":"","ActivationCount":"0","Status":"none","Valid":"true","BackgroundColor":"#c0c0c0","TaskType":"ItsURLTask"},"stencil":{"id":"URLTask"},"childShapes":[],"outgoing":[{"resourceId":"oryx_C3AABDCB-3404-46D3-8D5B-458A9AFCB995"},{"resourceId":"oryx_9590C1F2-A8F7-4533-9DE8-6A8D740626EF"}],"bounds":{"lowerRight":{"x":707,"y":562},"upperLeft":{"x":605,"y":480}},"dockers":[]},{"resourceId":"oryx_726A69CF-4143-4F14-95A3-5490D51DDC42","properties":{"x":"24.0","y":"-243.0","AreaVPath":"$IW_WORKAREA","Brief Description":"Export JSON for generating Fragments","Description":"This task exports JSON for creating the fragments.","Name":"Export JSON For Fragments","id":"Export JSON For Fragments","CSSclass":"Task","Owner":"$IW_USER","URI":"$IW_CV(ExternalURLTask)","Retry":"true","Lock":"false","Readonly":"false","Transferonly":"false","Variables":"includeFragmentPath=true|ClassName=com.interwoven.livesite.spring.workflow.task.DelegatingUrlExternalTaskProxy|TaskBeanId=workflow.task.ExportContentTask|configId=publications,contract-cards,events","Eafinishop":"","Eastartop":"","Wfvarfinishop":"","Wfvarstartop":"","ActivationCount":"0","Status":"none","Valid":"true","BackgroundColor":"#c0c0c0","TaskType":"ItsURLTask"},"stencil":{"id":"URLTask"},"childShapes":[],"outgoing":[{"resourceId":"oryx_A9665089-8730-4796-B156-E60010F4D860"},{"resourceId":"oryx_4E2DE7DE-6DD7-4443-A25F-3E6F074D2CA3"}],"bounds":{"lowerRight":{"x":707,"y":97},"upperLeft":{"x":605,"y":15}},"dockers":[]},{"resourceId":"oryx_3D33FBAB-3646-4E63-B8FB-30A9C2E2AE69","properties":{"x":"-36.0","y":"-122.0","AreaVPath":"$IW_WORKAREA","Brief Description":"Generate HTML Fragments","Description":"This task Generate HTML Fragments for certain page types.","Name":"Generate HTML Fragments","id":"Generate HTML Fragments","CSSclass":"Task","Owner":"$IW_USER","URI":"$IW_CV(ExternalURLTask)","Retry":"true","Lock":"false","Readonly":"false","Transferonly":"false","Variables":"ClassName=com.interwoven.livesite.spring.workflow.task.DelegatingUrlExternalTaskProxy|TaskBeanId=workflow.task.HtmlFragmentTask","Eafinishop":"","Eastartop":"","Wfvarfinishop":"","Wfvarstartop":"","ActivationCount":"0","Status":"none","Valid":"true","BackgroundColor":"#c0c0c0","TaskType":"ItsURLTask"},"stencil":{"id":"URLTask"},"childShapes":[],"outgoing":[{"resourceId":"oryx_D0CC133A-0FD4-4752-A9FA-562875FD7BF6"},{"resourceId":"oryx_7270D8A8-D50B-45E7-8F47-C03755D2E684"}],"bounds":{"lowerRight":{"x":942,"y":172},"upperLeft":{"x":840,"y":90}},"dockers":[]},{"resourceId":"oryx_9A44F203-5FD9-4E73-BD28-B8EFD4D9B1F5","properties":{"x":"-31.0","y":"-5.0","AreaVPath":"$IW_WORKAREA","Brief Description":"","Description":"Update ESI JSON for the HTML Fragments","Name":"Update ESI JSON","id":"Update ESI JSON","CSSclass":"Task","Owner":"$IW_USER","URI":"$IW_CV(ExternalURLTask)","Retry":"true","Lock":"false","Readonly":"false","Transferonly":"false","Variables":"ClassName=com.interwoven.livesite.spring.workflow.task.DelegatingUrlExternalTaskProxy|TaskBeanId=workflow.task.UpdateESITask|includeId=event","Eafinishop":"","Eastartop":"","Wfvarfinishop":"","Wfvarstartop":"","ActivationCount":"0","Status":"none","Valid":"true","BackgroundColor":"#c0c0c0","TaskType":"ItsURLTask"},"stencil":{"id":"URLTask"},"childShapes":[],"outgoing":[{"resourceId":"oryx_3B1D7033-709D-426F-8768-B55E863F0F7C"},{"resourceId":"oryx_F3A388F2-248A-4FED-AA8C-9307064AB903"}],"bounds":{"lowerRight":{"x":942,"y":412},"upperLeft":{"x":840,"y":330}},"dockers":[]},{"resourceId":"oryx_3DA8A8BC-DD9D-48D2-B8D0-961B9DCE725A","properties":{"x":"-186.0","y":"86.0","AreaVPath":"$IW_WORKAREA","Brief Description":"Find DCR Image Dependencies","Description":"This task finds the image associated with the DCRs and creates the file list.","Name":"Find DCR Image Dependencies","id":"Find DCR Image Dependencies","CSSclass":"Task","Owner":"$IW_USER","URI":"$IW_CV(ExternalURLTask)","Retry":"true","Lock":"false","Readonly":"false","Transferonly":"false","Variables":"ClassName=com.deere.livesite.workflow.FindDcrImageDependenciesTask|SuccessTransition=Find Image Dependency Success|FailureTransition=Find Image Dependency Failure|ValidImageExtensions=gif,jpg,swf,png,ipx,qt,qtl,qts,mov,mvr,jpeg,jpe,tif,eps,bmp,pcx,flv,xml,mp3,pdf|FileListPath=/tmp|ValidFileExtensions=json","Eafinishop":"","Eastartop":"","Wfvarfinishop":"","Wfvarstartop":"set:ErrorTaskName=Retry Find Image Dependencies","ActivationCount":"0","Status":"none","Valid":"true","BackgroundColor":"#c0c0c0","TaskType":"ItsURLTask"},"stencil":{"id":"URLTask"},"childShapes":[],"outgoing":[{"resourceId":"oryx_1E16D868-2F58-4338-9962-AF3253461967"},{"resourceId":"oryx_3529B0FE-ED8C-4338-AABB-C080F11760AD"}],"bounds":{"lowerRight":{"x":707,"y":742},"upperLeft":{"x":605,"y":660}},"dockers":[]},{"resourceId":"oryx_14AAA03C-3A37-46F0-B8A5-D17879718DED","properties":{"x":"844.0","y":"118.0","AreaVPath":"$IW_WORKAREA","Brief Description":"Submit DCR Asset Dependencies","Description":"This task submits the Assets associated with the DCR.","Name":"Submit Asset Dependencies","id":"Submit Asset Dependencies","CSSclass":"Task","Owner":"$IW_USER","URI":"$IW_CV(ExternalURLTask)","Retry":"true","Lock":"false","Readonly":"false","Transferonly":"false","Variables":"ClassName=com.deere.livesite.authoring.workflow.acpw.task.SubmitDcrAssetDependenciesTask|SuccessTransition=Submit DCR Asset Dependencies Success|FailureTransition=Submit DCR Asset Dependencies Failure","Eafinishop":"","Eastartop":"","Wfvarfinishop":"","Wfvarstartop":"","ActivationCount":"0","Status":"none","Valid":"true","BackgroundColor":"#c0c0c0","TaskType":"ItsURLTask"},"stencil":{"id":"URLTask"},"childShapes":[],"outgoing":[{"resourceId":"oryx_B6032D0A-9EAE-481B-A7F7-7B9BEB4E54A3"},{"resourceId":"oryx_D26288BA-E7E4-4F0C-9CB8-DA810747FFB5"}],"bounds":{"lowerRight":{"x":1872,"y":802},"upperLeft":{"x":1770,"y":720}},"dockers":[]},{"resourceId":"oryx_2E4A251F-6D00-44B1-B8B5-0E4181F27C26","properties":{"y":"12.0","x":"-373.0","AreaVPath":"$IW_WORKAREA","Brief Description":"","Description":"Retry Error Task","Name":"Retry Error task","id":"Retry Error task","CSSclass":"Task","Owner":"$IW_USER","URI":"$IW_CV(ExternalURLTask)","Retry":"true","Lock":"false","Readonly":"false","Transferonly":"false","Variables":"ClassName=com.deere.livesite.workflow.RetryHandlerTask","Eafinishop":"","Eastartop":"","Wfvarfinishop":"","Wfvarstartop":"","ActivationCount":"0","Status":"none","Valid":"true","BackgroundColor":"#c0c0c0","TaskType":"ItsURLTask"},"stencil":{"id":"URLTask"},"childShapes":[],"outgoing":[{"resourceId":"oryx_B61B293C-5B18-480F-9470-A6FB09273B9A"},{"resourceId":"oryx_F3A79006-FDF8-49E3-817C-3078CDFB3789"},{"resourceId":"oryx_4D8A45FE-9EB4-49CD-96BF-2B1339A45A96"},{"resourceId":"oryx_2D5DA3BC-AD2B-4A16-BA32-017241ED3DD4"}],"bounds":{"lowerRight":{"x":222,"y":690},"upperLeft":{"x":120,"y":608}},"dockers":[]},{"resourceId":"oryx_28D43492-E991-444E-851D-E1E6B96A099B","properties":{"x":"1331.0","y":"176.0","Name":"End","id":"End","Brief Description":"","Eafinishop":"","Eastartop":"","Wfvarfinishop":"","Wfvarstartop":"","CSSclass":"Event"},"stencil":{"id":"End"},"childShapes":[],"outgoing":[],"bounds":{"lowerRight":{"x":2029,"y":538},"upperLeft":{"x":1995,"y":504}},"dockers":[]},{"resourceId":"oryx_9967F3B6-A26C-48F2-A0AE-10B5FD246C46","properties":{"x":"274.0","y":"-246.0","AreaVPath":"$IW_WORKAREA","Brief Description":"Fix Issue For Fragments Generation","Description":"Fix Issue For Fragments Generation","Name":"Fix Issue For Fragments Generation","id":"Fix Issue For Fragments Generation","Eafinishop":"","Eastartop":"","Wfvarfinishop":"","Wfvarstartop":"","Lock":"false","Readonly":"false","Transferonly":"false","Owner":"$IW_USER","Variables":"","CSSclass":"Task","ActivationCount":"0","Status":"none","Valid":"true","BackgroundColor":"#c0c0c0","TaskType":"ItsUserTask"},"stencil":{"id":"UserTask"},"childShapes":[],"outgoing":[{"resourceId":"oryx_C0B6B0BA-81FC-4491-8807-7B2DC337FB82"}],"bounds":{"lowerRight":{"x":1212,"y":97},"upperLeft":{"x":1110,"y":15}},"dockers":[]},{"resourceId":"oryx_73307578-EDF3-46C2-83BE-F1FF4BD4EEBF","properties":{"AreaVPath":"$IW_WORKAREA","Brief Description":"","Description":"Checks whether the workarea is private or not","Name":"Is Private Workarea?","id":"Is Private Workarea?","CSSclass":"Task","Owner":"$IW_USER","URI":"$IW_CV(ExternalURLTask)","Retry":"true","Lock":"false","Readonly":"false","Transferonly":"false","Variables":"ClassName=com.deere.livesite.authoring.workflow.acpw.task.CheckWorkarea|SuccessTransistion=Private Workarea|FailureTransistion=Not Private Workarea","Eafinishop":"","Eastartop":"","Wfvarfinishop":"","Wfvarstartop":"","ActivationCount":"0","Status":"none","Valid":"none","BackgroundColor":"#c0c0c0","TaskType":"ItsURLTask"},"stencil":{"id":"URLTask"},"childShapes":[],"outgoing":[{"resourceId":"oryx_49B5AC99-6F53-4763-BA17-AF02A413A0E6"},{"resourceId":"oryx_9B8AFDED-0DBA-46DF-BDE3-06B605F61C58"}],"bounds":{"lowerRight":{"x":1525,"y":1025},"upperLeft":{"x":1425,"y":945}},"dockers":[]},{"resourceId":"oryx_89A22882-2E1A-4AA5-96C3-0436CA1A9260","properties":{"AreaVPath":"$IW_WORKAREA","Brief Description":"","Description":"Copy Files from private workarea to shared wokarea and asset branch","Name":"Copy Files Task","id":"Copy Files Task","CSSclass":"Task","Owner":"$IW_USER","URI":"$IW_CV(ExternalURLTask)","Retry":"true","Lock":"false","Readonly":"false","Transferonly":"false","Variables":"ClassName=com.deere.livesite.authoring.workflow.acpw.task.CopyFilesTask|Transistion=Copy Files Success|imageWorkArea=/default/main/deere/Assets/WORKAREA/shared","Eafinishop":"","Eastartop":"","Wfvarfinishop":"","Wfvarstartop":"","ActivationCount":"0","Status":"none","Valid":"none","BackgroundColor":"#c0c0c0","TaskType":"ItsURLTask"},"stencil":{"id":"URLTask"},"childShapes":[],"outgoing":[{"resourceId":"oryx_5F497FF7-EE88-4E0C-B22C-BE148AE15967"}],"bounds":{"lowerRight":{"x":1871,"y":650},"upperLeft":{"x":1771,"y":570}},"dockers":[]},{"resourceId":"oryx_33A73A70-9736-4A09-AE0B-A83E06170ECC","properties":{"Name":"Check Target Nodes","id":"Check Target Nodes","GatewayType":"OR"},"stencil":{"id":"OR"},"childShapes":[],"outgoing":[{"resourceId":"oryx_F4408140-562F-4C6B-94E9-CC9695E19C40"},{"resourceId":"oryx_0C8C0235-0AC6-4405-8F95-9B47C74DCD0F"}],"bounds":{"lowerRight":{"x":1421,"y":781},"upperLeft":{"x":1381,"y":741}},"dockers":[]},{"resourceId":"oryx_7923AAB9-AFC7-4346-9B9B-10ADE3796B63","properties":{"AreaVPath":"$IW_WORKAREA","Brief Description":"","Description":"Copy Files success email","Name":"Copy Files Success Email","id":"Copy Files Success Email","CSSclass":"Task","Owner":"$IW_USER","EMailCommand":"http://$IW_SERVER/iw-cc/urlexternaltask","Retry":"true","Lock":"false","Readonly":"false","Transferonly":"false","Variables":"mail_template=/iwadmin/main/config/STAGING/workflow/email/deere/CopyFilesSuccessNotification.xsl|ClassName=com.deere.livesite.authoring.workflow.acpw.task.CopyFilesSuccessNotification|serverName=CopyFiles|mail_subject=John Deere Private Deployment Workflow - Copy Files to Shared Workarea Success Email - Job|target_task_name=Copy Files Success Email Sent|WebURL=$IW_CV(PrivateURL)|imageWorkArea=/default/main/deere/Assets/WORKAREA/shared","Eafinishop":"","Eastartop":"","Wfvarfinishop":"","Wfvarstartop":"","ActivationCount":"0","Status":"none","Valid":"none","BackgroundColor":"#c0c0c0","TaskType":"ItsEmailTask"},"stencil":{"id":"EmailTask"},"childShapes":[],"outgoing":[{"resourceId":"oryx_94ACFF9B-54BD-4F2E-9FAF-CAEA7790FD0B"}],"bounds":{"lowerRight":{"x":1871,"y":365},"upperLeft":{"x":1771,"y":285}},"dockers":[]},{"resourceId":"oryx_5E90EEDD-5607-416D-B6D5-804B1DF50C13","properties":{"Name":"Start Lock Files","id":"Flow3","Type":"Default"},"stencil":{"id":"Flow"},"childShapes":[],"outgoing":[{"resourceId":"oryx_73307578-EDF3-46C2-83BE-F1FF4BD4EEBF"}],"bounds":{"lowerRight":{"x":1475,"y":1049.45},"upperLeft":{"x":1069.56650390625,"y":1025.27421875}},"dockers":[{"x":14.45,"y":14.45},{"x":1475,"y":1049.45},{"x":50,"y":40}],"target":{"resourceId":"oryx_73307578-EDF3-46C2-83BE-F1FF4BD4EEBF"}},{"resourceId":"oryx_1CC2B357-5C87-4D0E-B026-06EF6A8F6BC4","properties":{"Name":"Generate HTML Success","id":"Flow7","Type":"Default"},"stencil":{"id":"Flow"},"childShapes":[],"outgoing":[{"resourceId":"oryx_726A69CF-4143-4F14-95A3-5490D51DDC42"}],"bounds":{"lowerRight":{"x":656,"y":329.625},"upperLeft":{"x":654,"y":97.8359375}},"dockers":[{"x":50,"y":40},{"x":50,"y":40}],"target":{"resourceId":"oryx_726A69CF-4143-4F14-95A3-5490D51DDC42"}},{"resourceId":"oryx_AC8CF002-E750-4CA3-AF16-2F5C68B9CDE3","properties":{"x":"225.39841614137805","y":"223.34247330811357","Name":"Private Deployment Success","id":"Flow12","Type":"Success"},"stencil":{"id":"SuccessLink"},"childShapes":[],"outgoing":[{"resourceId":"oryx_77300221-801A-424F-82F0-B47C06E6A6F7"}],"bounds":{"lowerRight":{"x":1769.90234375,"y":146},"upperLeft":{"x":1587.09765625,"y":144}},"dockers":[{"x":51,"y":41},{"x":51,"y":41}],"target":{"resourceId":"oryx_77300221-801A-424F-82F0-B47C06E6A6F7"}},{"resourceId":"oryx_FF39C709-1FDA-443E-8226-4C702C3F0A61","properties":{"Name":"Submit Files Success","id":"Flow15","Type":"Default"},"stencil":{"id":"Flow"},"childShapes":[],"outgoing":[{"resourceId":"oryx_14AAA03C-3A37-46F0-B8A5-D17879718DED"}],"bounds":{"lowerRight":{"x":1769.1991950034253,"y":761},"upperLeft":{"x":1692.1894270953637,"y":759}},"dockers":[{"x":50,"y":40},{"x":12.440144961012265,"y":40}],"target":{"resourceId":"oryx_14AAA03C-3A37-46F0-B8A5-D17879718DED"}},{"resourceId":"oryx_F19556ED-8F09-42BB-8562-0F1F8F390C0F","properties":{"Name":"Attach Dependencies Failure","id":"Flow19","Type":"Default"},"stencil":{"id":"Flow"},"childShapes":[],"outgoing":[{"resourceId":"oryx_0ED2C4AC-014E-4310-BDEF-8C9D45733E4E"}],"bounds":{"lowerRight":{"x":629.52734375,"y":910},"upperLeft":{"x":447.53125,"y":865}},"dockers":[{"x":50,"y":40},{"x":531,"y":910},{"x":531,"y":865},{"x":50,"y":40}],"target":{"resourceId":"oryx_0ED2C4AC-014E-4310-BDEF-8C9D45733E4E"}},{"resourceId":"oryx_5C1B388C-489F-456B-86A9-98F441D3617B","properties":{"Name":"Generate HTML Failure","id":"Flow20","Type":"Default"},"stencil":{"id":"Flow"},"childShapes":[],"outgoing":[{"resourceId":"oryx_0ED2C4AC-014E-4310-BDEF-8C9D45733E4E"}],"bounds":{"lowerRight":{"x":655,"y":824.0703125},"upperLeft":{"x":395,"y":412.4921875}},"dockers":[{"x":50,"y":40},{"x":655,"y":596},{"x":395,"y":596},{"x":50,"y":40}],"target":{"resourceId":"oryx_0ED2C4AC-014E-4310-BDEF-8C9D45733E4E"}},{"resourceId":"oryx_C3AABDCB-3404-46D3-8D5B-458A9AFCB995","properties":{"Name":"HTML Generation Required","id":"Flow8","Type":"Default"},"stencil":{"id":"Flow"},"childShapes":[],"outgoing":[{"resourceId":"oryx_424C5E56-E9BE-483A-AC93-8ACFA859D7E0"}],"bounds":{"lowerRight":{"x":656,"y":479.15625},"upperLeft":{"x":654,"y":412.015625}},"dockers":[{"x":50,"y":40},{"x":50,"y":40}],"target":{"resourceId":"oryx_424C5E56-E9BE-483A-AC93-8ACFA859D7E0"}},{"resourceId":"oryx_508DD18F-00CA-4FCF-B9C9-F8EFEE058B42","properties":{"Name":"Private Deployment Failure Notification Sent","id":"Flow14","Type":"Default"},"stencil":{"id":"Flow"},"childShapes":[],"outgoing":[{"resourceId":"oryx_0ED2C4AC-014E-4310-BDEF-8C9D45733E4E"}],"bounds":{"lowerRight":{"x":1355.0000000860744,"y":1079.1579904177393},"upperLeft":{"x":447.56250000455583,"y":865.0006098713827}},"dockers":[{"x":50,"y":40},{"x":1355.0000000860744,"y":865.0111386735318},{"x":50,"y":40}],"target":{"resourceId":"oryx_0ED2C4AC-014E-4310-BDEF-8C9D45733E4E"}},{"resourceId":"oryx_9590C1F2-A8F7-4533-9DE8-6A8D740626EF","properties":{"Name":"HTML Generation Not Required","id":"Flow2","Type":"Default"},"stencil":{"id":"Flow"},"childShapes":[],"outgoing":[{"resourceId":"oryx_ED2F8894-B9A0-4836-BB4C-CB6266B27D61"}],"bounds":{"lowerRight":{"x":1504.5860130311867,"y":520},"upperLeft":{"x":707.4397781327477,"y":186.40970737652816}},"dockers":[{"x":50,"y":40},{"x":1504.5860130311867,"y":520},{"x":19.586013031186553,"y":54.58601303118655}],"target":{"resourceId":"oryx_ED2F8894-B9A0-4836-BB4C-CB6266B27D61"}},{"resourceId":"oryx_A9665089-8730-4796-B156-E60010F4D860","properties":{"Name":"Export JSON For Fragments Success","id":"Flow710","Type":"Default"},"stencil":{"id":"Flow"},"childShapes":[],"outgoing":[{"resourceId":"oryx_3D33FBAB-3646-4E63-B8FB-30A9C2E2AE69"}],"bounds":{"lowerRight":{"x":890,"y":89.15625},"upperLeft":{"x":707.40625,"y":55}},"dockers":[{"x":50,"y":40},{"x":890,"y":55},{"x":50,"y":40}],"target":{"resourceId":"oryx_3D33FBAB-3646-4E63-B8FB-30A9C2E2AE69"}},{"resourceId":"oryx_4E2DE7DE-6DD7-4443-A25F-3E6F074D2CA3","properties":{"Name":"Export JSON For Fragments Failure","id":"Flow714","Type":"Default"},"stencil":{"id":"Flow"},"childShapes":[],"outgoing":[{"resourceId":"oryx_9967F3B6-A26C-48F2-A0AE-10B5FD246C46"}],"bounds":{"lowerRight":{"x":1109.68359375,"y":56},"upperLeft":{"x":707.2890625,"y":54}},"dockers":[{"x":50,"y":40},{"x":50,"y":40}],"target":{"resourceId":"oryx_9967F3B6-A26C-48F2-A0AE-10B5FD246C46"}},{"resourceId":"oryx_D0CC133A-0FD4-4752-A9FA-562875FD7BF6","properties":{"Name":"Generate HTML Fragments Failure","id":"Flow715","Type":"Default"},"stencil":{"id":"Flow"},"childShapes":[],"outgoing":[{"resourceId":"oryx_9967F3B6-A26C-48F2-A0AE-10B5FD246C46"}],"bounds":{"lowerRight":{"x":1109.4317191728671,"y":89.2483423943504},"upperLeft":{"x":890.0060261620066,"y":55.03246810885241}},"dockers":[{"x":50,"y":40},{"x":890.0110650103476,"y":55.173350368784675},{"x":50,"y":40}],"target":{"resourceId":"oryx_9967F3B6-A26C-48F2-A0AE-10B5FD246C46"}},{"resourceId":"oryx_7270D8A8-D50B-45E7-8F47-C03755D2E684","properties":{"Name":"Generate HTML Fragments Success","id":"Flow720","Type":"Default"},"stencil":{"id":"Flow"},"childShapes":[],"outgoing":[{"resourceId":"oryx_9A44F203-5FD9-4E73-BD28-B8EFD4D9B1F5"}],"bounds":{"lowerRight":{"x":891,"y":329.625},"upperLeft":{"x":889,"y":172.25}},"dockers":[{"x":50,"y":40},{"x":50,"y":40}],"target":{"resourceId":"oryx_9A44F203-5FD9-4E73-BD28-B8EFD4D9B1F5"}},{"resourceId":"oryx_3B1D7033-709D-426F-8768-B55E863F0F7C","properties":{"Name":"Update ESI JSON Failure","id":"Flow723","Type":"Default"},"stencil":{"id":"Flow"},"childShapes":[],"outgoing":[{"resourceId":"oryx_9967F3B6-A26C-48F2-A0AE-10B5FD246C46"}],"bounds":{"lowerRight":{"x":1109.4336468654406,"y":329.658872168854},"upperLeft":{"x":890.0027639086434,"y":55.050753443958854}},"dockers":[{"x":50,"y":40},{"x":890.0215631617866,"y":55.270977332055274},{"x":50,"y":40}],"target":{"resourceId":"oryx_9967F3B6-A26C-48F2-A0AE-10B5FD246C46"}},{"resourceId":"oryx_C0B6B0BA-81FC-4491-8807-7B2DC337FB82","properties":{"Name":"Is Production Deployment Required","id":"Flow724","Type":"Default"},"stencil":{"id":"Flow"},"childShapes":[],"outgoing":[{"resourceId":"oryx_726A69CF-4143-4F14-95A3-5490D51DDC42"}],"bounds":{"lowerRight":{"x":1109.68359375,"y":56},"upperLeft":{"x":707.2890625,"y":54}},"dockers":[{"x":50,"y":40},{"x":50,"y":40}],"target":{"resourceId":"oryx_726A69CF-4143-4F14-95A3-5490D51DDC42"}},{"resourceId":"oryx_B6032D0A-9EAE-481B-A7F7-7B9BEB4E54A3","properties":{"Name":"Submit DCR Asset Dependencies Failure","id":"Flow624","Type":"Default"},"stencil":{"id":"Flow"},"childShapes":[],"outgoing":[{"resourceId":"oryx_28D43492-E991-444E-851D-E1E6B96A099B"}],"bounds":{"lowerRight":{"x":2012,"y":760},"upperLeft":{"x":1872.75,"y":538.8046875}},"dockers":[{"x":50,"y":40},{"x":2012,"y":760},{"x":17,"y":17}],"target":{"resourceId":"oryx_28D43492-E991-444E-851D-E1E6B96A099B"}},{"resourceId":"oryx_D26288BA-E7E4-4F0C-9CB8-DA810747FFB5","properties":{"Name":"Submit DCR Asset Dependencies Success","id":"Flow625","Type":"Default"},"stencil":{"id":"Flow"},"childShapes":[],"outgoing":[{"resourceId":"oryx_89A22882-2E1A-4AA5-96C3-0436CA1A9260"}],"bounds":{"lowerRight":{"x":1820,"y":719.15625},"upperLeft":{"x":1818,"y":650.095738919407}},"dockers":[{"x":50,"y":40},{"x":1820,"y":685},{"x":1818,"y":685},{"x":47,"y":10.551240492820511}],"target":{"resourceId":"oryx_89A22882-2E1A-4AA5-96C3-0436CA1A9260"}},{"resourceId":"oryx_6B2DD3CA-0C5D-4220-90B8-01A05CF54600","properties":{"Name":"Cancel","id":"Flow388","Type":"Default"},"stencil":{"id":"Flow"},"childShapes":[],"outgoing":[{"resourceId":"oryx_28D43492-E991-444E-851D-E1E6B96A099B"}],"bounds":{"lowerRight":{"x":2012,"y":864.6764330138586},"upperLeft":{"x":447.32078165906535,"y":422}},"dockers":[{"x":50,"y":40},{"x":2012,"y":855},{"x":2012,"y":422},{"x":17,"y":17}],"target":{"resourceId":"oryx_28D43492-E991-444E-851D-E1E6B96A099B"}},{"resourceId":"oryx_6C738448-35A6-40FB-91A8-91147C894544","properties":{"x":"173.0","y":"265.4374884432477","Name":"Private Deployment Failure","id":"Flow18","Type":"Failure"},"stencil":{"id":"FailureLink"},"childShapes":[],"outgoing":[{"resourceId":"oryx_B7CAA833-4757-49B6-BE44-5CCE994820D4"}],"bounds":{"lowerRight":{"x":1484.78125,"y":1079.921875},"upperLeft":{"x":1355,"y":144}},"dockers":[{"x":50,"y":40},{"x":1355,"y":144},{"x":50,"y":40}],"target":{"resourceId":"oryx_B7CAA833-4757-49B6-BE44-5CCE994820D4"}},{"resourceId":"oryx_F3A388F2-248A-4FED-AA8C-9307064AB903","properties":{"Name":"Update ESI JSON Success","id":"Flow56","Type":"Default"},"stencil":{"id":"Flow"},"childShapes":[],"outgoing":[{"resourceId":"oryx_ED2F8894-B9A0-4836-BB4C-CB6266B27D61"}],"bounds":{"lowerRight":{"x":1509,"y":371},"upperLeft":{"x":942.986326820068,"y":186.75}},"dockers":[{"x":50,"y":40},{"x":1509,"y":371},{"x":24,"y":59}],"target":{"resourceId":"oryx_ED2F8894-B9A0-4836-BB4C-CB6266B27D61"}},{"resourceId":"oryx_49B5AC99-6F53-4763-BA17-AF02A413A0E6","properties":{"Name":"Private Workarea","id":"Flow9","Type":"Default"},"stencil":{"id":"Flow"},"childShapes":[],"outgoing":[{"resourceId":"oryx_5EB1D9E7-3F9B-4255-ACFF-1BAF18DA6938"}],"bounds":{"lowerRight":{"x":1424.375,"y":985},"upperLeft":{"x":681,"y":952.46875}},"dockers":[{"x":50,"y":40},{"x":681,"y":985},{"x":51,"y":41}],"target":{"resourceId":"oryx_5EB1D9E7-3F9B-4255-ACFF-1BAF18DA6938"}},{"resourceId":"oryx_9B8AFDED-0DBA-46DF-BDE3-06B605F61C58","properties":{"Name":"Not Private Workarea","id":"Flow17","Type":"Default"},"stencil":{"id":"Flow"},"childShapes":[],"outgoing":[{"resourceId":"oryx_28D43492-E991-444E-851D-E1E6B96A099B"}],"bounds":{"lowerRight":{"x":2012,"y":985},"upperLeft":{"x":1525.294921875,"y":538.3125}},"dockers":[{"x":50,"y":40},{"x":2012,"y":985},{"x":17,"y":17}],"target":{"resourceId":"oryx_28D43492-E991-444E-851D-E1E6B96A099B"}},{"resourceId":"oryx_F4408140-562F-4C6B-94E9-CC9695E19C40","properties":{"Name":"Copy Files Required","id":"Flow4","Type":"Conditional","Expression":"$IW_CV(CopyFilesFlag)"},"stencil":{"id":"ConditionalLink"},"childShapes":[],"outgoing":[{"resourceId":"oryx_6B373269-1EA1-4E2B-8179-CFD69222E626"}],"bounds":{"lowerRight":{"x":1589.4804709292023,"y":761.4588498218773},"upperLeft":{"x":1421.2109353207977,"y":761.1075564281227}},"dockers":[{"x":20.5,"y":20.5},{"x":51,"y":41}],"target":{"resourceId":"oryx_6B373269-1EA1-4E2B-8179-CFD69222E626"}},{"resourceId":"oryx_0C8C0235-0AC6-4405-8F95-9B47C74DCD0F","properties":{"Name":"Private Deployment Required","id":"Flow6","Type":"Conditional","Expression":"$IW_CV(PrivateFlag)"},"stencil":{"id":"ConditionalLink"},"childShapes":[],"outgoing":[{"resourceId":"oryx_DCAF223C-6FD6-49E0-BCAE-05786E1BF256"}],"bounds":{"lowerRight":{"x":1380.115234375,"y":761.5},"upperLeft":{"x":656,"y":562.396484375}},"dockers":[{"x":20.5,"y":20.5},{"x":656,"y":761.5},{"x":51,"y":41}],"target":{"resourceId":"oryx_DCAF223C-6FD6-49E0-BCAE-05786E1BF256"}},{"resourceId":"oryx_5F497FF7-EE88-4E0C-B22C-BE148AE15967","properties":{"Name":"Copy Files Success","id":"Flow10","Type":"Default"},"stencil":{"id":"Flow"},"childShapes":[],"outgoing":[{"resourceId":"oryx_7923AAB9-AFC7-4346-9B9B-10ADE3796B63"}],"bounds":{"lowerRight":{"x":1822,"y":569.478515625},"upperLeft":{"x":1820,"y":365.521484375}},"dockers":[{"x":50,"y":40},{"x":50,"y":40}],"target":{"resourceId":"oryx_7923AAB9-AFC7-4346-9B9B-10ADE3796B63"}},{"resourceId":"oryx_94ACFF9B-54BD-4F2E-9FAF-CAEA7790FD0B","properties":{"Name":"Copy Files Success Email Sent","id":"Flow11","Type":"Default"},"stencil":{"id":"Flow"},"childShapes":[],"outgoing":[{"resourceId":"oryx_28D43492-E991-444E-851D-E1E6B96A099B"}],"bounds":{"lowerRight":{"x":2012,"y":503.15625},"upperLeft":{"x":1871.2421875,"y":325}},"dockers":[{"x":50,"y":40},{"x":2012,"y":325},{"x":17,"y":17}],"target":{"resourceId":"oryx_28D43492-E991-444E-851D-E1E6B96A099B"}},{"resourceId":"oryx_210BC8F0-5EAF-42E4-919A-7385696416D3","properties":{"Name":"Private Deployment Success Email Sent","id":"Flow27","Type":"Default"},"stencil":{"id":"Flow"},"childShapes":[],"outgoing":[{"resourceId":"oryx_28D43492-E991-444E-851D-E1E6B96A099B"}],"bounds":{"lowerRight":{"x":2012,"y":503.84375},"upperLeft":{"x":1872.734375,"y":145}},"dockers":[{"x":51,"y":41},{"x":2012,"y":145},{"x":17,"y":17}],"target":{"resourceId":"oryx_28D43492-E991-444E-851D-E1E6B96A099B"}},{"resourceId":"oryx_F3A79006-FDF8-49E3-817C-3078CDFB3789","properties":{"Name":"Retry Generate HTML","id":"Flow390","Type":"Default"},"stencil":{"id":"Flow"},"childShapes":[],"outgoing":[{"resourceId":"oryx_424C5E56-E9BE-483A-AC93-8ACFA859D7E0"}],"bounds":{"lowerRight":{"x":655,"y":607.501953125},"upperLeft":{"x":170,"y":412.30859375}},"dockers":[{"x":50,"y":40},{"x":170,"y":487.5},{"x":655,"y":487.5},{"x":50,"y":40}],"target":{"resourceId":"oryx_424C5E56-E9BE-483A-AC93-8ACFA859D7E0"}},{"resourceId":"oryx_E7E4036E-3CD1-4B9F-824C-3992DC3B1996","properties":{"Name":"Retry","id":"Flow387","Type":"Default"},"stencil":{"id":"Flow"},"childShapes":[],"outgoing":[{"resourceId":"oryx_2E4A251F-6D00-44B1-B8B5-0E4181F27C26"}],"bounds":{"lowerRight":{"x":344.125,"y":865},"upperLeft":{"x":167,"y":690.4578020572662}},"dockers":[{"x":50,"y":40},{"x":167,"y":865},{"x":47,"y":51.79998779296875}],"target":{"resourceId":"oryx_2E4A251F-6D00-44B1-B8B5-0E4181F27C26"}},{"resourceId":"oryx_B61B293C-5B18-480F-9470-A6FB09273B9A","properties":{"Name":"Retry Attach Dependencies","id":"Flow389","Type":"Default"},"stencil":{"id":"Flow"},"childShapes":[],"outgoing":[{"resourceId":"oryx_5EB1D9E7-3F9B-4255-ACFF-1BAF18DA6938"}],"bounds":{"lowerRight":{"x":630,"y":910},"upperLeft":{"x":222.48046875,"y":648}},"dockers":[{"x":50,"y":40},{"x":552,"y":648},{"x":552,"y":910},{"x":50,"y":40}],"target":{"resourceId":"oryx_5EB1D9E7-3F9B-4255-ACFF-1BAF18DA6938"}},{"resourceId":"oryx_2D5DA3BC-AD2B-4A16-BA32-017241ED3DD4","properties":{"Name":"Retry Private Deployment","id":"Flow1","Type":"Default"},"stencil":{"id":"Flow"},"childShapes":[],"outgoing":[{"resourceId":"oryx_ED2F8894-B9A0-4836-BB4C-CB6266B27D61"}],"bounds":{"lowerRight":{"x":1536,"y":649},"upperLeft":{"x":222.654296875,"y":186.359375}},"dockers":[{"x":51,"y":41},{"x":1536,"y":649},{"x":51,"y":41}],"target":{"resourceId":"oryx_ED2F8894-B9A0-4836-BB4C-CB6266B27D61"}},{"resourceId":"oryx_EA46FDE0-D0EB-4DDD-86D2-C0DFA3E4BC64","properties":{"Name":"Attach Dependencies Success","id":"Flow5","Type":"Default"},"stencil":{"id":"Flow"},"childShapes":[],"outgoing":[{"resourceId":"oryx_3DA8A8BC-DD9D-48D2-B8D0-961B9DCE725A"}],"bounds":{"lowerRight":{"x":680,"y":870},"upperLeft":{"x":655,"y":742.40625}},"dockers":[{"x":50,"y":40},{"x":680,"y":806},{"x":655,"y":806},{"x":50,"y":40}],"target":{"resourceId":"oryx_3DA8A8BC-DD9D-48D2-B8D0-961B9DCE725A"}},{"resourceId":"oryx_4D8A45FE-9EB4-49CD-96BF-2B1339A45A96","properties":{"Name":"Retry Find Image Dependencies","id":"Flow395","Type":"Default"},"stencil":{"id":"Flow"},"childShapes":[],"outgoing":[{"resourceId":"oryx_3DA8A8BC-DD9D-48D2-B8D0-961B9DCE725A"}],"bounds":{"lowerRight":{"x":741,"y":700},"upperLeft":{"x":222.30078125,"y":648}},"dockers":[{"x":50,"y":40},{"x":741,"y":648},{"x":741,"y":700},{"x":50,"y":40}],"target":{"resourceId":"oryx_3DA8A8BC-DD9D-48D2-B8D0-961B9DCE725A"}},{"resourceId":"oryx_1E16D868-2F58-4338-9962-AF3253461967","properties":{"Name":"Find Image Dependency Success","id":"Flow303","Type":"Default"},"stencil":{"id":"Flow"},"childShapes":[],"outgoing":[{"resourceId":"oryx_33A73A70-9736-4A09-AE0B-A83E06170ECC"}],"bounds":{"lowerRight":{"x":1380.4609375,"y":761.5},"upperLeft":{"x":707.90625,"y":700}},"dockers":[{"x":50,"y":40},{"x":1259,"y":700},{"x":1259,"y":761.5},{"x":20.5,"y":20.5}],"target":{"resourceId":"oryx_33A73A70-9736-4A09-AE0B-A83E06170ECC"}},{"resourceId":"oryx_3529B0FE-ED8C-4338-AABB-C080F11760AD","properties":{"Name":"Find Image Dependency Failure","id":"Flow304","Type":"Default"},"stencil":{"id":"Flow"},"childShapes":[],"outgoing":[{"resourceId":"oryx_0ED2C4AC-014E-4310-BDEF-8C9D45733E4E"}],"bounds":{"lowerRight":{"x":730,"y":865},"upperLeft":{"x":447.03515625,"y":700}},"dockers":[{"x":50,"y":40},{"x":730,"y":700},{"x":730,"y":865},{"x":50,"y":40}],"target":{"resourceId":"oryx_0ED2C4AC-014E-4310-BDEF-8C9D45733E4E"}}],"bounds":{"lowerRight":{"x":2129,"y":1262},"upperLeft":{"x":0,"y":0}},"stencilset":{"url":"/iw-wfm/editor/stencilsets/iwov_process_model/iwovprocessmodels.json","namespace":"http://autonomy.com/stencilset/iwovwfm#"},"ssextensions":[],"modelVariables":[{"TaskId":"URLTask","PropertyName":"Variables","VariableId":"UrlMappingFolderPath","VariableValue":{"type":"$IW_CV","value":{"isReadOnly":true,"defaultValue":"templatedata/URLMapping/MappingList/data/","description":"This variable contains the path to the URL Mapping files for translating the URLs.","id":"UrlMappingFolderPath","label":"Url Mapping Folder Path","isHidden":true}},"TaskType":"","isDeleted":""},{"TaskId":"URLTask","PropertyName":"Variables","VariableId":"RestURL","VariableValue":"","TaskType":"","isDeleted":""},{"TaskId":"URLTask","PropertyName":"Variables","VariableId":"RestURL","VariableValue":"","TaskType":"","isDeleted":""},{"TaskId":"DeployTask","PropertyName":"OD Variables","VariableId":"targetFragmentPathPreview","VariableValue":{"type":"$IW_CV","value":{"isReadOnly":true,"defaultValue":"/wwwpreview/deere/html","description":"Path on preview web server for the deployment of files under sites folder in Teamsite.","id":"targetFragmentPathPreview","label":"Target Fragment Path Preview","isHidden":true}},"TaskType":"","isDeleted":""},{"TaskId":"DeployTask","PropertyName":"OD Variables","VariableId":"targetFragmentPathProd","VariableValue":{"type":"$IW_CV","value":{"isReadOnly":true,"defaultValue":"/wwwpub/deere/html","description":"Path on production web server for the deployment of files under sites folder in Teamsite.","id":"targetFragmentPathProd","label":"Target Fragment Path Prod","isHidden":true}},"TaskType":"","isDeleted":""},{"TaskId":"DeployTask","PropertyName":"OD Variables","VariableId":"targetPathPreview","VariableValue":{"type":"$IW_CV","value":{"isReadOnly":true,"defaultValue":"/wwwpreview/deere","description":"Path for file deployment in preview server.","id":"targetPathPreview","label":"Target Path Preview","isHidden":true}},"TaskType":"","isDeleted":""},{"TaskId":"DeployTask","PropertyName":"OD Variables","VariableId":"sitesFolderPath","VariableValue":"","TaskType":"","isDeleted":""},{"TaskId":"URLTask","PropertyName":"Variables","VariableId":"PreviewURL","VariableValue":{"type":"$IW_CV","value":{"isReadOnly":true,"defaultValue":"https://us-previewdev.deere.com","description":"This represents the target preview URL","id":"PreviewURL","label":"Preview URL","isHidden":true}},"TaskType":"","isDeleted":""},{"TaskId":"URLTask","PropertyName":"Variables","VariableId":"DomainNamePreviewSiteMap","VariableValue":{"type":"$IW_CV","value":{"isReadOnly":true,"defaultValue":"https://us-previewdev.deere.com","description":"Domain Name for Preview Site Map","id":"DomainNamePreviewSiteMap","label":"Domain Name For Preview Site Map","isHidden":true}},"TaskType":"","isDeleted":""},{"TaskId":"GroupTask","PropertyName":"Shared by","VariableId":"ReviewerGroup","VariableValue":{"type":"$IW_CV","value":{"isReadOnly":true,"defaultValue":"dce-cms-us-reviewer","description":"","id":"ReviewerGroup","label":"Reviewer Group","isHidden":true}},"TaskType":"","isDeleted":""},{"TaskId":"DeployTask","PropertyName":"OD Variables","VariableId":"imageWorkarea","VariableValue":"","TaskType":"","isDeleted":""},{"TaskId":"URLTask","PropertyName":"Variables","VariableId":"WhiteListBranchNames","VariableValue":{"type":"$IW_CV","value":{"isReadOnly":true,"defaultValue":"Assets","description":"Comma separated list of branch names that do not require URL translation.","id":"WhiteListBranchNames","label":"White List Branch Names","isHidden":true}},"TaskType":"","isDeleted":""},{"TaskId":"URLTask","PropertyName":"Variables","VariableId":"ProdSiteMapFileName","VariableValue":{"type":"$IW_CV","value":{"isReadOnly":true,"defaultValue":"sitemap.xml","description":"File name for Production Sitemap.","id":"ProdSiteMapFileName","label":"Production Sitemap File Name","isHidden":true}},"TaskType":"","isDeleted":""},{"TaskId":"URLTask","PropertyName":"Variables","VariableId":"ProductionURL","VariableValue":{"type":"$IW_CV","value":{"isReadOnly":true,"defaultValue":"https://us-wwwdev.deere.com","description":"This represents the target production URL","id":"ProductionURL","label":"Production URL","isHidden":true}},"TaskType":"","isDeleted":""},{"TaskId":"URLTask","PropertyName":"Variables","VariableId":"PreviewSiteMapFileName","VariableValue":{"type":"$IW_CV","value":{"isReadOnly":true,"defaultValue":"preview/preview_sitemap.xml","description":"File Name for preview sitemap.","id":"PreviewSiteMapFileName","label":"Preview Sitemap File Name","isHidden":true}},"TaskType":"","isDeleted":""},{"TaskId":"URLTask","PropertyName":"Variables","VariableId":"DomainNameSiteMap","VariableValue":{"type":"$IW_CV","value":{"isReadOnly":true,"defaultValue":"https://us-wwwdev.deere.com","description":"Domain name for sitemap. Example: http://wwwdev.tal.deere.com","id":"DomainNameSiteMap","label":"Domain Name For SiteMap","isHidden":true}},"TaskType":"","isDeleted":""},{"TaskId":"URLTask","PropertyName":"URI","VariableId":"ExternalURLTask","VariableValue":"","TaskType":"","isDeleted":""},{"TaskId":"URLTask","PropertyName":"Variables","VariableId":"WhiteListPageLinks","VariableValue":{"type":"$IW_CV","value":{"isReadOnly":true,"defaultValue":".*/website/json/mapping/.*","description":"Comma separated list of page link patterns that do not require translation.","id":"WhiteListPageLinks","label":"White List Page Links","isHidden":true}},"TaskType":"","isDeleted":""},{"TaskId":"URLTask","PropertyName":"Variables","VariableId":"UrlMappingFolderPath","VariableValue":"","TaskType":"","isDeleted":""},{"TaskId":"URLTask","PropertyName":"Variables","VariableId":"WhiteListFileFolderNames","VariableValue":{"type":"$IW_CV","value":{"isReadOnly":true,"defaultValue":"index","description":"Comma separated list of file name or folder names that do not require URL translation.","id":"WhiteListFileFolderNames","label":"White List File Names Or Folder Names","isHidden":true}},"TaskType":"","isDeleted":""},{"TaskId":"URLTask","PropertyName":"Variables","VariableId":"SitemapNameSpaceURI","VariableValue":"","TaskType":"","isDeleted":""},{"TaskId":"URLTask","PropertyName":"Variables","VariableId":"SitemapNameSpaceURI","VariableValue":"","TaskType":"","isDeleted":""},{"TaskId":"DeployTask","PropertyName":"OD Variables","VariableId":"targetPathProd","VariableValue":{"type":"$IW_CV","value":{"isReadOnly":true,"defaultValue":"/wwwpub/deere","description":"Path for file deployment on production server.","id":"targetPathProd","label":"Target Path Prod","isHidden":true}},"TaskType":"","isDeleted":""},{"TaskId":"URLTask","PropertyName":"Variables","VariableId":"DomainNameSiteMap","VariableValue":"","TaskType":"","isDeleted":""},{"TaskId":"URLTask","PropertyName":"Variables","VariableId":"RequestType","VariableValue":{"type":"$IW_CV","value":{"isReadOnly":true,"defaultValue":"","description":"This is the request type either product or category and is used for taxonomy and cbyo tasks","id":"RequestType","label":"Request Type","isHidden":true}},"TaskType":"","isDeleted":""},{"TaskId":"URLTask","PropertyName":"Variables","VariableId":"WhiteListLanguages","VariableValue":{"type":"$IW_CV","value":{"isReadOnly":true,"defaultValue":"en","description":"Comma separated list of Languages which do not require the translation.","id":"WhiteListLanguages","label":"White List Languages","isHidden":true}},"TaskType":"","isDeleted":""},{"TaskId":"URLTask","PropertyName":"Variables","VariableId":"DisableGlobalBlacklist","VariableValue":"","TaskType":"","isDeleted":""},{"TaskId":"Is Private Workarea?","PropertyName":"URI","VariableId":"ExternalURLTask","VariableValue":"","TaskType":"URLTask","isDeleted":""},{"TaskId":"Copy Files Task","PropertyName":"URI","VariableId":"ExternalURLTask","VariableValue":"","TaskType":"URLTask","isDeleted":""},{"TaskId":"Workflow Properties1","PropertyName":"Description","VariableId":"JobDescription","VariableValue":{"type":"$IW_CV","value":{"isReadOnly":false,"defaultValue":"Content Publish Workflow","description":"","id":"JobDescription","label":"Job Description","isHidden":false}},"TaskType":"ModelProperties","isDeleted":""},{"TaskId":"Flow4","PropertyName":"Expression","VariableId":"CopyFilesFlag","VariableValue":"","TaskType":"ConditionalLink","isDeleted":""},{"TaskId":"Flow6","PropertyName":"Expression","VariableId":"PrivateFlag","VariableValue":"","TaskType":"ConditionalLink","isDeleted":""},{"TaskId":"Private Deployment","PropertyName":"OD Variables","VariableId":"targetFragmentPath","VariableValue":"","TaskType":"DeployTask","isDeleted":""},{"TaskId":"Private Deployment","PropertyName":"OD Variables","VariableId":"targetPath","VariableValue":"","TaskType":"DeployTask","isDeleted":""},{"TaskId":"Workflow Properties1","PropertyName":"Global Variables","VariableId":"DisableGlobalBlacklist","VariableValue":{"type":"$IW_CV","value":{"isReadOnly":true,"defaultValue":"","description":"","id":"DisableGlobalBlacklist","label":"DisableGlobalBlacklist","isHidden":true}},"TaskType":"ModelProperties","isDeleted":""},{"TaskId":"Workflow Properties1","PropertyName":"Global Variables","VariableId":"imageWorkarea","VariableValue":{"type":"$IW_CV","value":{"isReadOnly":true,"defaultValue":"/iwmnt/default/main/deere/Assets/WORKAREA/shared","description":"Path to the Image Workarea.","id":"imageWorkarea","label":"Image WorkArea","isHidden":true}},"TaskType":"ModelProperties","isDeleted":""},{"TaskId":"Workflow Properties1","PropertyName":"Global Variables","VariableId":"ExternalURLTask","VariableValue":{"type":"$IW_CV","value":{"isReadOnly":true,"defaultValue":"http://localhost:8080/iw-cc/urlexternaltask","description":"","id":"ExternalURLTask","label":"External URL Task","isHidden":true}},"TaskType":"ModelProperties","isDeleted":""},{"TaskId":"Workflow Properties1","PropertyName":"Global Variables","VariableId":"SitemapNameSpaceURI","VariableValue":{"type":"$IW_CV","value":{"isReadOnly":true,"defaultValue":"https://www.sitemaps.org/schemas/sitemap/0.9","description":"Name Space URI used in sitemap File","id":"SitemapNameSpaceURI","label":"Sitemap Name Space URI","isHidden":true}},"TaskType":"ModelProperties","isDeleted":""},{"TaskId":"Workflow Properties1","PropertyName":"Global Variables","VariableId":"targetFragmentPath","VariableValue":{"type":"$IW_CV","value":{"id":"targetFragmentPath","label":"Target Fragment Path","defaultValue":"/wwwprivate/deere/html","description":"Path on private web server for the deployment of files under sites folder in Teamsite.","isHidden":true,"isReadOnly":true}},"TaskType":"ModelProperties","isDeleted":""},{"TaskId":"Workflow Properties1","PropertyName":"Global Variables","VariableId":"sitesFolderPath","VariableValue":{"type":"$IW_CV","value":{"isReadOnly":true,"defaultValue":"sites","description":"This is the folder path which needs to be removed from the path of the json and html files deployed to web server.","id":"sitesFolderPath","label":"Sites Folder Path","isHidden":true}},"TaskType":"ModelProperties","isDeleted":""},{"TaskId":"Workflow Properties1","PropertyName":"Global Variables","VariableId":"RestURL","VariableValue":{"type":"$IW_CV","value":{"isReadOnly":true,"defaultValue":"http://dce-tsapi-devl.tal.deere.com/tscapi/akamai/invalidatecache","description":"The Akmai service end point","id":"RestURL","label":"Rest URL","isHidden":true}},"TaskType":"ModelProperties","isDeleted":true},{"TaskId":"Workflow Properties1","PropertyName":"Global Variables","VariableId":"targetPath","VariableValue":{"type":"$IW_CV","value":{"id":"targetPath","label":"Target Path","defaultValue":"/wwwprivate/deere","description":"Path for file deployment in preview server.","isHidden":true,"isReadOnly":true}},"TaskType":"ModelProperties","isDeleted":""},{"TaskId":"Workflow Properties1","PropertyName":"Global Variables","VariableId":"TargetNodes","VariableValue":{"type":"$IW_CV","value":{"id":"TargetNodes","label":"Target Nodes","defaultValue":"","description":"Please select the below target nodes","isHidden":false,"isReadOnly":false}},"TaskType":"ModelProperties","isDeleted":""},{"TaskId":"Workflow Properties1","PropertyName":"Global Variables","VariableId":"PrivateFlag","VariableValue":{"type":"$IW_CV","value":{"id":"PrivateFlag","label":"Private Flag","defaultValue":"","description":"","isHidden":false,"isReadOnly":false}},"TaskType":"ModelProperties","isDeleted":""},{"TaskId":"Workflow Properties1","PropertyName":"Global Variables","VariableId":"CopyFilesFlag","VariableValue":{"type":"$IW_CV","value":{"id":"CopyFilesFlag","label":"CopyFiles Flag","defaultValue":"","description":"","isHidden":false,"isReadOnly":false}},"TaskType":"ModelProperties","isDeleted":""},{"TaskId":"Workflow Properties1","PropertyName":"Global Variables","VariableId":"PrivateURL","VariableValue":{"type":"$IW_CV","value":{"id":"PrivateURL","label":"Private URL","defaultValue":"https://us-previewdev.deere.com","description":"This specified the private webserver URL","isHidden":true,"isReadOnly":true}},"TaskType":"ModelProperties","isDeleted":""},{"TaskId":"Copy Files Success Email","PropertyName":"Variables","VariableId":"PrivateURL","VariableValue":"","TaskType":"EmailTask"}]}