{"resourceId":"oryx-canvas123","properties":{"Owner":"$IW_USER","Priority":"2","Brief Description":"","Description":"A streamlined workflow for publishing content to LiveSite.","DueDate":"","Global Variables":"$IW_SCRIPT(TagFileIsFalse)|$IW_SCRIPT(TagFileIsTrue)|$IW_SCRIPT(SubmitFlagIsTrue)|$IW_SCRIPT(SubmitFlagIsFalse)|$IW_CV(TagFlag)|$IW_CV(SubmitFlag)|$IW_DS(Reviewer)|$IW_CV(TargetNodes)|$IW_CV(ReviewFlag)|$IW_CV(ProductionFlag)|$IW_SCRIPT(ProductionFlagIsFalse)|$IW_SCRIPT(ProductionFlagIsTrue)|$IW_SCRIPT(ReviewFlagIsFalse)|$IW_SCRIPT(ReviewFlagIsTrue)|$IW_SCRIPT(DeployFilesTargetNodes)|$IW_CV(JobDescription)|$IW_CV(AuthorCommentsForReviewer)|$IW_SCRIPT(GetJobDescription)|$IW_CV(DefaultJobDescription)|$IW_SCRIPT(ConvertPagesToHtmlIsFalse)|$IW_SCRIPT(ConvertPagesToHtmlIsTrue)|$IW_CV(ConvertPagesToHtmlFlag)","VAVariables":"va_show_cycles=all|va_create_snapshots=unlimited|va_default_page=snapshot|va_show_live_option=true|va_which_snapshot=last|va_show_save_button=true|va_show_reviewers=all|va_enabled=no","Variables":"","PostProcessorCommand":"","PreProcessorCommand":"","Name":"Publish Now","id":"Publish LiveSite Content","ActivationCount":"","Version":"1.0.0.1","Status":"","Valid":"true","File Comments":"true"},"stencil":{"id":"ModelProperties"},"childShapes":[{"resourceId":"oryx_47FC2882-D120-47E8-96C6-5F694988C32E","properties":{"y":"53.700073","x":"31.0","Name":"Start Job","id":"Start Job","CSSclass":"Event"},"stencil":{"id":"Start"},"childShapes":[],"outgoing":[{"resourceId":"oryx_AF3BF55E-9661-40CC-AF6D-5551A58E9F0A"}],"bounds":{"lowerRight":{"x":79,"y":338.75},"upperLeft":{"x":45,"y":304.75}},"dockers":[]},{"resourceId":"oryx_DAAA1918-A888-44B1-AB9D-142D2EF706A8","properties":{"y":"682.75","x":"1356.0","AreaVPath":"$IW_WORKAREA","Brief Description":"","Description":"Provides an opportunity to resolve errors that caused the production failure and retry the production deployment.","Name":"Resolve Production Deployment Error","id":"Resolve Production Deployment Error","Eafinishop":"","Eastartop":"","Wfvarfinishop":"","Wfvarstartop":"","Lock":"false","Readonly":"false","Transferonly":"false","Owner":"$IW_USER","Variables":"","CSSclass":"Task","ActivationCount":"0","Status":"none","Valid":"true","BackgroundColor":"#c0c0c0","TaskType":"ItsUserTask"},"stencil":{"id":"UserTask"},"childShapes":[],"outgoing":[{"resourceId":"oryx_ECD15663-7CDA-4721-AF62-854296A3F4F9"}],"bounds":{"lowerRight":{"x":1737,"y":982.75},"upperLeft":{"x":1635,"y":900.75}},"dockers":[]},{"resourceId":"oryx_F231D006-A187-4B82-AC3C-E6445A63430B","properties":{"y":"62.75","x":"1397.0","AreaVPath":"$IW_WORKAREA","Brief Description":"","Description":"Review the job files and either approve them or return them to the author for revision with comments.","Name":"Review Files","id":"Review Files","Eafinishop":"","Eastartop":"","Wfvarfinishop":"","Wfvarstartop":"","Lock":"false","Readonly":"false","Transferonly":"false","Owner":"$IW_DS(Reviewer)","Variables":"","CSSclass":"Task","ActivationCount":"0","Status":"none","Valid":"true","BackgroundColor":"#c0c0c0","TaskType":"ItsUserTask"},"stencil":{"id":"UserTask"},"childShapes":[],"outgoing":[{"resourceId":"oryx_D4965DDD-5BC1-4EAC-BFF7-46B15BDA2629"},{"resourceId":"oryx_B0AA9774-EAD9-4B0A-8F74-DD5B66C117A2"}],"bounds":{"lowerRight":{"x":1697,"y":362.75},"upperLeft":{"x":1595,"y":280.75}},"dockers":[]},{"resourceId":"oryx_40CBA59D-11D7-41BF-8DB0-C64C101632B6","properties":{"y":"398.75","x":"1402.0","AreaVPath":"$IW_WORKAREA","Brief Description":"","Description":"Update job assets based on reviewer feedback.","Name":"Revise Files","id":"Revise Files","Eafinishop":"","Eastartop":"","Wfvarfinishop":"","Wfvarstartop":"","Lock":"false","Readonly":"false","Transferonly":"false","Owner":"$IW_USER","Variables":"","CSSclass":"Task","ActivationCount":"0","Status":"none","Valid":"true","BackgroundColor":"#c0c0c0","TaskType":"ItsUserTask"},"stencil":{"id":"UserTask"},"childShapes":[],"outgoing":[{"resourceId":"oryx_FD27AA51-C7D1-48B0-9AA9-853980B8F92D"}],"bounds":{"lowerRight":{"x":1737,"y":712},"upperLeft":{"x":1635,"y":630}},"dockers":[]},{"resourceId":"oryx_2840B6DC-DD6D-429E-B7FE-9B8F5A2C8939","properties":{"y":"482.59998","x":"923.0","AreaVPath":"$IW_WORKAREA","Brief Description":"","Description":"Submits all files to the STAGING area.","Name":"Submit Files","id":"Submit Files","CSSclass":"Task","Owner":"$IW_USER","SubmitComment":"","SubmitInfo":"","Override":"true","Save Comments":"true","Skip Conflicts":"false","Skip Locked":"false","Unlock":"true","Variables":"","Eafinishop":"","Eastartop":"","Wfvarfinishop":"","Wfvarstartop":"","ActivationCount":"0","Status":"none","Valid":"true","BackgroundColor":"#c0c0c0","TaskType":"ItsSubmitTask"},"stencil":{"id":"SubmitTask"},"childShapes":[],"outgoing":[{"resourceId":"oryx_C9B4DF19-EA35-470E-BA19-3B6118AF1D3C"}],"bounds":{"lowerRight":{"x":1220,"y":1087},"upperLeft":{"x":1118,"y":1005}},"dockers":[]},{"resourceId":"oryx_63D52D1F-CF03-4965-85EA-6983EE53FEBA","properties":{"y":"536.75","x":"1360.0","AreaVPath":"$IW_WORKAREA","Brief Description":"","Description":"Deploys content and metadata to one or more target environments.","Name":"Production Deployment","id":"Production Deployment","CSSclass":"Task","Owner":"$IW_USER","URI":"http://$IW_SERVER:$IW_PORT/iw-cc/urlexternaltask","Retry":"true","Lock":"false","Readonly":"false","Transferonly":"false","Variables":"ClassName=com.interwoven.livesite.spring.workflow.task.DelegatingUrlExternalTaskProxy|TargetNodes=production|TaskBeanId=workflow.task.HeadlessDeploymentTask","Eafinishop":"","Eastartop":"","Wfvarfinishop":"","Wfvarstartop":"","ActivationCount":"0","Status":"none","Valid":"true","BackgroundColor":"#c0c0c0","TaskType":"ItsURLTask"},"stencil":{"id":"URLTask"},"childShapes":[],"outgoing":[{"resourceId":"oryx_13FD7740-8045-4775-9838-B7583AD6D216"},{"resourceId":"oryx_D55EF97E-BFA7-45E2-B4B1-183A659B00F9"}],"bounds":{"lowerRight":{"x":1660,"y":836.75},"upperLeft":{"x":1558,"y":754.75}},"dockers":[]},{"resourceId":"oryx_E63CB25F-728C-48FE-B036-00ABF875CF00","properties":{"y":"633.75","x":"920.0","AreaVPath":"$IW_WORKAREA","Brief Description":"","Description":"Sends a notification to all job participants that the job is complete.","Name":"Job Complete Email","id":"Job Complete Email","CSSclass":"Task","Owner":"$IW_USER","URI":"http://$IW_SERVER:$IW_PORT/iw-cc/urlexternaltask","Retry":"true","Lock":"false","Readonly":"false","Transferonly":"false","Variables":"TaskBeanId=workflow.task.EmailTask|Sender=noreply@interwoven.com|ClassName=com.interwoven.livesite.spring.workflow.task.DelegatingUrlExternalTaskProxy|Recipients=$IW_USER,$IW_DS(Reviewer)|Subject=Job ${jobId} Complete [${jobName}]|BodyStylesheet=workflow/JobCompleteNotification.xsl","Eafinishop":"","Eastartop":"","Wfvarfinishop":"","Wfvarstartop":"","ActivationCount":"0","Status":"none","Valid":"true","BackgroundColor":"#c0c0c0","TaskType":"ItsURLTask"},"stencil":{"id":"URLTask"},"childShapes":[],"outgoing":[{"resourceId":"oryx_11E4E018-7DDB-4AF2-8013-B94CE6F61D52"},{"resourceId":"oryx_0E369B84-72D0-4F7B-A104-82BEA8C6FB37"},{"resourceId":"oryx_CDA90AA9-3788-4678-AB4F-8C29743E9246"}],"bounds":{"lowerRight":{"x":1220,"y":933.75},"upperLeft":{"x":1118,"y":851.75}},"dockers":[]},{"resourceId":"oryx_A1BCA663-D87B-450B-97DA-B12187246AA2","properties":{"y":"190.75","x":"1399.0","AreaVPath":"$IW_WORKAREA","Brief Description":"","Description":"Sends a revision notification to the job creator.","Name":"Revision Notification Email","id":"Revision Notification Email","CSSclass":"Task","Owner":"$IW_USER","URI":"http://$IW_SERVER:$IW_PORT/iw-cc/urlexternaltask","Retry":"true","Lock":"false","Readonly":"false","Transferonly":"false","Variables":"TaskBeanId=workflow.task.EmailTask|Sender=noreply@interwoven.com|ClassName=com.interwoven.livesite.spring.workflow.task.DelegatingUrlExternalTaskProxy|Recipients=$IW_USER|Subject=Please revise [${jobName}, Task ${taskId}]|BodyStylesheet=workflow/RevisionNotification.xsl","Eafinishop":"","Eastartop":"","Wfvarfinishop":"","Wfvarstartop":"","ActivationCount":"0","Status":"none","Valid":"true","BackgroundColor":"#c0c0c0","TaskType":"ItsURLTask"},"stencil":{"id":"URLTask"},"childShapes":[],"outgoing":[{"resourceId":"oryx_641EB7BD-B7C4-4A95-B7BB-DAFF504FFE1D"},{"resourceId":"oryx_9BD9F5B7-DA20-4A6F-AE7F-8A1A857EB313"},{"resourceId":"oryx_425531B7-3D28-47D8-9297-D8C9C6D4DCF4"}],"bounds":{"lowerRight":{"x":1699,"y":490.75},"upperLeft":{"x":1597,"y":408.75}},"dockers":[]},{"resourceId":"oryx_0B54071F-D2D7-4625-9201-C3AB8F84DF8F","properties":{"y":"190.75","x":"1233.0","AreaVPath":"$IW_WORKAREA","Brief Description":"","Description":"Sends a notification email to the reviewer.","Name":"Review Notification Email","id":"Review Notification Email","CSSclass":"Task","Owner":"$IW_USER","URI":"http://$IW_SERVER:$IW_PORT/iw-cc/urlexternaltask","Retry":"true","Lock":"false","Readonly":"false","Transferonly":"false","Variables":"TaskBeanId=workflow.task.EmailTask|Sender=noreply@interwoven.com|ClassName=com.interwoven.livesite.spring.workflow.task.DelegatingUrlExternalTaskProxy|Recipients=$IW_DS(Reviewer)|Subject=Please review [${jobName}, Task ${taskId}]|BodyStylesheet=workflow/ReviewNotification.xsl|Comments=$IW_CV(AuthorCommentsForReviewer)","Eafinishop":"","Eastartop":"","Wfvarfinishop":"","Wfvarstartop":"","ActivationCount":"0","Status":"none","Valid":"true","BackgroundColor":"#c0c0c0","TaskType":"ItsURLTask"},"stencil":{"id":"URLTask"},"childShapes":[],"outgoing":[{"resourceId":"oryx_F14C896C-83B2-476A-8975-594D41401446"},{"resourceId":"oryx_90804EA7-D053-49AA-9A69-5710DF64B23A"},{"resourceId":"oryx_FDCC6984-1CDF-4C0F-A6FC-0560516535DB"}],"bounds":{"lowerRight":{"x":1533,"y":490.75},"upperLeft":{"x":1431,"y":408.75}},"dockers":[]},{"resourceId":"oryx_6C4B34E4-DB83-4908-AA14-5CB167365461","properties":{"y":"840.0","x":"1248.0","AreaVPath":"$IW_WORKAREA","Brief Description":"","Description":"Activates Optimost Experiment","Name":"OptimostActivate","id":"OptimostActivate","CSSclass":"Task","Owner":"$IW_USER","URI":"http://$IW_SERVER:$IW_PORT/iw-cc/urlexternaltask","Retry":"true","Lock":"false","Readonly":"false","Transferonly":"false","Variables":"TaskBeanId=workflow.task.optimost.Activate|ClassName=com.interwoven.livesite.spring.workflow.task.DelegatingUrlExternalTaskProxy","Eafinishop":"","Eastartop":"","Wfvarfinishop":"","Wfvarstartop":"","ActivationCount":"0","Status":"none","Valid":"true","BackgroundColor":"#c0c0c0","TaskType":"ItsURLTask"},"stencil":{"id":"URLTask"},"childShapes":[],"outgoing":[{"resourceId":"oryx_429B9C3B-525D-4BF6-BF59-9C867B59356E"},{"resourceId":"oryx_0D3B91E6-564D-4B07-91EF-EB04BD97D8BE"}],"bounds":{"lowerRight":{"x":1512,"y":1140},"upperLeft":{"x":1410,"y":1058}},"dockers":[]},{"resourceId":"oryx_FCAB07D3-31F4-4941-AD9C-91ED07068D1A","properties":{"y":"635.75","x":"643.0","Name":"End Job","id":"End Job","Brief Description":"","Eafinishop":"","Eastartop":"","Wfvarfinishop":"","Wfvarstartop":"","CSSclass":"Event"},"stencil":{"id":"End"},"childShapes":[],"outgoing":[],"bounds":{"lowerRight":{"x":1084,"y":994},"upperLeft":{"x":1050,"y":960}},"dockers":[]},{"resourceId":"oryx_101E7E22-AAC2-479D-AE20-86B25BD32C8A","properties":{"y":"454.3506","x":"1215.3516","Name":"Is Production Deployment Required","id":"Is Production Deployment Required","GatewayType":"OR"},"stencil":{"id":"OR"},"childShapes":[],"outgoing":[{"resourceId":"oryx_3A4B7B50-3DB2-4AA9-A586-E84996A31236"},{"resourceId":"oryx_C66FA47F-9980-4D6C-9DD5-854B1C7620E0"}],"bounds":{"lowerRight":{"x":1515.3516,"y":754.3506},"upperLeft":{"x":1475.3516,"y":714.3506}},"dockers":[]},{"resourceId":"oryx_4A9BC0DB-D68E-45BD-8190-35D384F1E9E5","properties":{"y":"199.35059","x":"1061.3516","Name":"Is Review Required","id":"Is Review Required","GatewayType":"OR"},"stencil":{"id":"OR"},"childShapes":[],"outgoing":[{"resourceId":"oryx_D2E1F4E3-2E1C-43C2-9CC7-C46DEE6B72A6"},{"resourceId":"oryx_D87B13D3-AAA2-4E2E-9C6B-761BB5DD0413"}],"bounds":{"lowerRight":{"x":1361.3516,"y":469.75},"upperLeft":{"x":1321.3516,"y":429.75}},"dockers":[]},{"resourceId":"oryx_56C687B9-FDD2-4AF0-87A0-9DC758E61A1C","properties":{"y":"667.3506","x":"1144.6885","Name":"Is Submit Required","id":"Is Submit Required","GatewayType":"OR"},"stencil":{"id":"OR"},"childShapes":[],"outgoing":[{"resourceId":"oryx_312E2BF0-E84D-43DC-8B92-6AE90EF13BA3"},{"resourceId":"oryx_6982D66B-7241-4F5B-800A-E7EE99AE3BD8"}],"bounds":{"lowerRight":{"x":1444.6885,"y":912.75},"upperLeft":{"x":1404.6885,"y":872.75}},"dockers":[]},{"resourceId":"oryx_A3985677-B367-422E-9738-4977E8E62CFB","properties":{"y":"728.3506","x":"1259.6885","Name":"Is Optimost Activate Required","id":"Is Optimost Activate Required","GatewayType":"OR"},"stencil":{"id":"OR"},"childShapes":[],"outgoing":[{"resourceId":"oryx_CE67CB99-7081-4D81-87C9-835314CA035A"},{"resourceId":"oryx_82269EC5-4852-4313-B654-A56C86D1B298"}],"bounds":{"lowerRight":{"x":1480,"y":997},"upperLeft":{"x":1440,"y":957}},"dockers":[]},{"resourceId":"oryx_4498C07A-E277-41F7-A600-3FD16FA6D1DB","properties":{"Name":"Deploy Files Failure","id":"Deploy Files Failure","Type":"Default"},"stencil":{"id":"Flow"},"childShapes":[],"outgoing":[{"resourceId":"oryx_1FC3FC35-6BC8-4A6E-8386-C579A3899669"}],"bounds":{"lowerRight":{"x":1150.4732497880361,"y":645.0752636631885},"upperLeft":{"x":1060.547132874276,"y":363.59764493272144}},"dockers":[{"x":25.5,"y":81},{"x":1150.4732497880361,"y":578.8790222367884},{"x":77.71960180122824,"y":30.879022236788387}],"target":{"resourceId":"oryx_1FC3FC35-6BC8-4A6E-8386-C579A3899669"}},{"resourceId":"oryx_C9B4DF19-EA35-470E-BA19-3B6118AF1D3C","properties":{"Name":"Submit Files Success","id":"Submit Files Success","Type":"Default"},"stencil":{"id":"Flow"},"childShapes":[],"outgoing":[{"resourceId":"oryx_E63CB25F-728C-48FE-B036-00ABF875CF00"}],"bounds":{"lowerRight":{"x":1169,"y":1004.490234375},"upperLeft":{"x":1167,"y":934.654296875}},"dockers":[{"x":50,"y":40},{"x":50,"y":40}],"target":{"resourceId":"oryx_E63CB25F-728C-48FE-B036-00ABF875CF00"}},{"resourceId":"oryx_11E4E018-7DDB-4AF2-8013-B94CE6F61D52","properties":{"Name":"Job Complete Email Timeout","id":"Job Complete Email Timeout","Type":"Timeout","Timeout Duration":"+000003"},"stencil":{"id":"TimeoutLink"},"childShapes":[],"outgoing":[{"resourceId":"oryx_FCAB07D3-31F4-4941-AD9C-91ED07068D1A"}],"bounds":{"lowerRight":{"x":1117.651953125,"y":959.2359375000001},"upperLeft":{"x":1064.45,"y":891.75}},"dockers":[{"x":50,"y":40},{"x":1064.45,"y":891.75},{"x":14.45,"y":14.45}],"target":{"resourceId":"oryx_FCAB07D3-31F4-4941-AD9C-91ED07068D1A"}},{"resourceId":"oryx_0E369B84-72D0-4F7B-A104-82BEA8C6FB37","properties":{"Name":"Job Complete Email Success","id":"Job Complete Email Success","Type":"Default"},"stencil":{"id":"Flow"},"childShapes":[],"outgoing":[{"resourceId":"oryx_FCAB07D3-31F4-4941-AD9C-91ED07068D1A"}],"bounds":{"lowerRight":{"x":1117.651953125,"y":959.2359375000001},"upperLeft":{"x":1064.45,"y":891.75}},"dockers":[{"x":50,"y":40},{"x":1064.45,"y":891.75},{"x":14.45,"y":14.45}],"target":{"resourceId":"oryx_FCAB07D3-31F4-4941-AD9C-91ED07068D1A"}},{"resourceId":"oryx_99ABDA5B-7123-461C-868C-C746D8BC6BA7","properties":{"Name":"Add Required Tags Success","id":"Add Required Tags Success","Type":"Default"},"stencil":{"id":"Flow"},"childShapes":[],"outgoing":[{"resourceId":"oryx_5613A2C9-92B2-43EB-B037-BC4B44FAD0AE"}],"bounds":{"lowerRight":{"x":879.6602687131431,"y":455},"upperLeft":{"x":775.7578554605755,"y":412.4213666901551}},"dockers":[{"x":99,"y":20},{"x":871.0054989536594,"y":455},{"x":25,"y":79}],"target":{"resourceId":"oryx_5613A2C9-92B2-43EB-B037-BC4B44FAD0AE"}},{"resourceId":"oryx_9D40012E-2D4A-489A-ADC3-3FFBFD42003F","properties":{"Name":"Add Required Tags Failure","id":"Add Required Tags Failure","Type":"Default"},"stencil":{"id":"Flow"},"childShapes":[],"outgoing":[{"resourceId":"oryx_1FC3FC35-6BC8-4A6E-8386-C579A3899669"}],"bounds":{"lowerRight":{"x":1013.5600277539587,"y":630.4573630530698},"upperLeft":{"x":775.8043325123529,"y":467.35062}},"dockers":[{"x":99,"y":40},{"x":980.0852883110673,"y":467.35062},{"x":57.0852883110673,"y":16.634308339362406}],"target":{"resourceId":"oryx_1FC3FC35-6BC8-4A6E-8386-C579A3899669"}},{"resourceId":"oryx_5669309F-1351-4591-9D56-F4375508F489","properties":{"Name":"Transform Taxonomy Files Success","id":"Transform Taxonomy Files Success","Type":"Default"},"stencil":{"id":"Flow"},"childShapes":[],"outgoing":[{"resourceId":"oryx_95A95BF5-8DA3-4582-AFF9-D67EAC5F3638"}],"bounds":{"lowerRight":{"x":1117.2968751276383,"y":371.7338544560034},"upperLeft":{"x":955.9374652795861,"y":321.7272637890265}},"dockers":[{"x":99,"y":40},{"x":1074,"y":370.75},{"x":1074,"y":321.7272637890265},{"x":1,"y":41}],"target":{"resourceId":"oryx_95A95BF5-8DA3-4582-AFF9-D67EAC5F3638"}},{"resourceId":"oryx_8181F868-74E5-4BEA-923F-F9F9C0D13367","properties":{"Name":"Transform Taxonomy Files Failure","id":"Transform Taxonomy Files Failure","Type":"Default"},"stencil":{"id":"Flow"},"childShapes":[],"outgoing":[{"resourceId":"oryx_1FC3FC35-6BC8-4A6E-8386-C579A3899669"}],"bounds":{"lowerRight":{"x":1026.418684805612,"y":630.7604405067525},"upperLeft":{"x":905,"y":412.6953125}},"dockers":[{"x":50,"y":79},{"x":905,"y":441},{"x":995,"y":441},{"x":70,"y":21.390625}],"target":{"resourceId":"oryx_1FC3FC35-6BC8-4A6E-8386-C579A3899669"}},{"resourceId":"oryx_A52516EE-8F1B-4CC5-B534-24DF68C09717","properties":{"ToGatewayPosition":"Top","Name":"Deploy Files Success","id":"Deploy Files Success","Type":"Default"},"stencil":{"id":"Flow"},"childShapes":[],"outgoing":[{"resourceId":"oryx_4A9BC0DB-D68E-45BD-8190-35D384F1E9E5"}],"bounds":{"lowerRight":{"x":1341.3516,"y":429.7482017779166},"upperLeft":{"x":1220.9558718700982,"y":321.7378856617545}},"dockers":[{"x":101,"y":41},{"x":1341.3516,"y":321.7378856617545},{"x":20,"y":20}],"target":{"resourceId":"oryx_4A9BC0DB-D68E-45BD-8190-35D384F1E9E5"}},{"resourceId":"oryx_B0AA9774-EAD9-4B0A-8F74-DD5B66C117A2","properties":{"Name":"Approve Changes","id":"Approve Changes","Type":"Default"},"stencil":{"id":"Flow"},"childShapes":[],"outgoing":[{"resourceId":"oryx_101E7E22-AAC2-479D-AE20-86B25BD32C8A"}],"bounds":{"lowerRight":{"x":1620,"y":714.52066875},"upperLeft":{"x":1495.3516,"y":363.2059224227655}},"dockers":[{"x":25,"y":57.64944829097351},{"x":1620,"y":397},{"x":1558,"y":397},{"x":1558,"y":688},{"x":1495.3516,"y":688},{"x":20,"y":20}],"target":{"resourceId":"oryx_101E7E22-AAC2-479D-AE20-86B25BD32C8A"}},{"resourceId":"oryx_D55EF97E-BFA7-45E2-B4B1-183A659B00F9","properties":{"Name":"Production Deployment Success","id":"Production Deployment Success","Type":"Default"},"stencil":{"id":"Flow"},"childShapes":[],"outgoing":[{"resourceId":"oryx_56C687B9-FDD2-4AF0-87A0-9DC758E61A1C"}],"bounds":{"lowerRight":{"x":1557.78125,"y":877.256327230368},"upperLeft":{"x":1429.9550049027102,"y":794.75}},"dockers":[{"x":50,"y":40},{"x":1458,"y":794.75},{"x":20,"y":20}],"target":{"resourceId":"oryx_56C687B9-FDD2-4AF0-87A0-9DC758E61A1C"}},{"resourceId":"oryx_13FD7740-8045-4775-9838-B7583AD6D216","properties":{"Name":"Production Deployment Failure","id":"Production Deployment Failure","Type":"Default"},"stencil":{"id":"Flow"},"childShapes":[],"outgoing":[{"resourceId":"oryx_DAAA1918-A888-44B1-AB9D-142D2EF706A8"}],"bounds":{"lowerRight":{"x":1764,"y":930.216796875},"upperLeft":{"x":1660.1875,"y":794.75}},"dockers":[{"x":50,"y":40},{"x":1764,"y":794.75},{"x":1764,"y":930.216796875},{"x":54,"y":29.466796875}],"target":{"resourceId":"oryx_DAAA1918-A888-44B1-AB9D-142D2EF706A8"}},{"resourceId":"oryx_ECD15663-7CDA-4721-AF62-854296A3F4F9","properties":{"Name":"Retry Production Deployment","id":"Retry Production Deployment","Type":"Default"},"stencil":{"id":"Flow"},"childShapes":[],"outgoing":[{"resourceId":"oryx_63D52D1F-CF03-4965-85EA-6983EE53FEBA"}],"bounds":{"lowerRight":{"x":1634.671875,"y":940.75},"upperLeft":{"x":1608,"y":836.8125}},"dockers":[{"x":50,"y":40},{"x":1608,"y":940.75},{"x":50,"y":40}],"target":{"resourceId":"oryx_63D52D1F-CF03-4965-85EA-6983EE53FEBA"}},{"resourceId":"oryx_425531B7-3D28-47D8-9297-D8C9C6D4DCF4","properties":{"Name":"Revision Notification Email Success","id":"Revision Notification Email Success","Type":"Default"},"stencil":{"id":"Flow"},"childShapes":[],"outgoing":[{"resourceId":"oryx_40CBA59D-11D7-41BF-8DB0-C64C101632B6"}],"bounds":{"lowerRight":{"x":1680.668235626174,"y":629.5354494826058},"upperLeft":{"x":1678.668235626174,"y":491.25525012346566}},"dockers":[{"x":82.66823562617401,"y":67.69528231090777},{"x":44.66823562617401,"y":32.51642757484501}],"target":{"resourceId":"oryx_40CBA59D-11D7-41BF-8DB0-C64C101632B6"}},{"resourceId":"oryx_641EB7BD-B7C4-4A95-B7BB-DAFF504FFE1D","properties":{"Name":"Revision Notification Email Timeout","id":"Revision Notification Email Timeout","Type":"Timeout","Timeout Duration":"+000003"},"stencil":{"id":"TimeoutLink"},"childShapes":[],"outgoing":[{"resourceId":"oryx_40CBA59D-11D7-41BF-8DB0-C64C101632B6"}],"bounds":{"lowerRight":{"x":1760,"y":670},"upperLeft":{"x":1699.203125,"y":448.75}},"dockers":[{"x":50,"y":40},{"x":1760,"y":448.75},{"x":1760,"y":670},{"x":50,"y":40}],"target":{"resourceId":"oryx_40CBA59D-11D7-41BF-8DB0-C64C101632B6"}},{"resourceId":"oryx_D4965DDD-5BC1-4EAC-BFF7-46B15BDA2629","properties":{"Name":"Revisions Needed","id":"Revisions Needed","Type":"Default"},"stencil":{"id":"Flow"},"childShapes":[],"outgoing":[{"resourceId":"oryx_A1BCA663-D87B-450B-97DA-B12187246AA2"}],"bounds":{"lowerRight":{"x":1646.3671894069994,"y":408.2501220479653},"upperLeft":{"x":1645.6718730930006,"y":363.7498779520347}},"dockers":[{"x":50,"y":40},{"x":50,"y":40}],"target":{"resourceId":"oryx_A1BCA663-D87B-450B-97DA-B12187246AA2"}},{"resourceId":"oryx_E18BA5EC-3532-4F38-9478-2B51D2369858","properties":{"Name":"Validate Files Success","id":"Validate Files Success","Type":"Default"},"stencil":{"id":"Flow"},"childShapes":[],"outgoing":[{"resourceId":"oryx_EA03EE96-9F1F-4FEE-AECE-B587CEA3BDF2"}],"bounds":{"lowerRight":{"x":674.3407004609124,"y":694.238271875},"upperLeft":{"x":507,"y":468}},"dockers":[{"x":57,"y":10.125},{"x":507,"y":468},{"x":1,"y":40}],"target":{"resourceId":"oryx_EA03EE96-9F1F-4FEE-AECE-B587CEA3BDF2"}},{"resourceId":"oryx_6875E837-8D5F-4259-B719-BB26225CC929","properties":{"Name":"Validate Files Failure","id":"Validate Files Failure","Type":"Default"},"stencil":{"id":"Flow"},"childShapes":[],"outgoing":[{"resourceId":"oryx_1FC3FC35-6BC8-4A6E-8386-C579A3899669"}],"bounds":{"lowerRight":{"x":959.5573793873191,"y":694.11118125},"upperLeft":{"x":532.3656272888184,"y":671}},"dockers":[{"x":82.36562728881836,"y":36},{"x":532.3656272888184,"y":671},{"x":50,"y":40}],"target":{"resourceId":"oryx_1FC3FC35-6BC8-4A6E-8386-C579A3899669"}},{"resourceId":"oryx_FD27AA51-C7D1-48B0-9AA9-853980B8F92D","properties":{"Name":"Send for Review","id":"Send for Review","Type":"Default"},"stencil":{"id":"Flow"},"childShapes":[],"outgoing":[{"resourceId":"oryx_0B54071F-D2D7-4625-9201-C3AB8F84DF8F"}],"bounds":{"lowerRight":{"x":1634.2004359127309,"y":670},"upperLeft":{"x":1507.9348832452658,"y":490.8643697834407}},"dockers":[{"x":50,"y":40},{"x":1507.9348832452658,"y":670},{"x":76.93488324526584,"y":62.479649416210464}],"target":{"resourceId":"oryx_0B54071F-D2D7-4625-9201-C3AB8F84DF8F"}},{"resourceId":"oryx_FDCC6984-1CDF-4C0F-A6FC-0560516535DB","properties":{"Name":"Review Notification Email Timeout","id":"Review Notification Email Timeout","Type":"Timeout","Timeout Duration":"+000003"},"stencil":{"id":"TimeoutLink"},"childShapes":[],"outgoing":[{"resourceId":"oryx_F231D006-A187-4B82-AC3C-E6445A63430B"}],"bounds":{"lowerRight":{"x":1594.410786401119,"y":407.807639952112},"upperLeft":{"x":1511.3203737716644,"y":341.75}},"dockers":[{"x":80.32037377166444,"y":24.31253099862056},{"x":1511.3203737716644,"y":341.75},{"x":16.914512244283287,"y":61}],"target":{"resourceId":"oryx_F231D006-A187-4B82-AC3C-E6445A63430B"}},{"resourceId":"oryx_90804EA7-D053-49AA-9A69-5710DF64B23A","properties":{"Name":"Review Notification Email Success","id":"Review Notification Email Success","Type":"Default"},"stencil":{"id":"Flow"},"childShapes":[],"outgoing":[{"resourceId":"oryx_F231D006-A187-4B82-AC3C-E6445A63430B"}],"bounds":{"lowerRight":{"x":1594.5387317024595,"y":408.17621585421307},"upperLeft":{"x":1446.7782877466773,"y":301.3381797057501}},"dockers":[{"x":15.778287746677279,"y":15.831649589707808},{"x":1446.7782877466773,"y":301.3381797057501},{"x":14.5247563478747,"y":20.58817970575012}],"target":{"resourceId":"oryx_F231D006-A187-4B82-AC3C-E6445A63430B"}},{"resourceId":"oryx_343B76F1-A108-4E66-9030-D0BBD8751E69","properties":{"Name":"Validate Files Cancel Job","id":"Validate Files Cancel Job","Type":"Default"},"stencil":{"id":"Flow"},"childShapes":[],"outgoing":[{"resourceId":"oryx_FCAB07D3-31F4-4941-AD9C-91ED07068D1A"}],"bounds":{"lowerRight":{"x":1049.939453019018,"y":974.4496442641713},"upperLeft":{"x":487.99999546527647,"y":774.4384627185138}},"dockers":[{"x":38,"y":22.808589256489086},{"x":487.99999546527647,"y":974.435867940031},{"x":14.45,"y":14.45}],"target":{"resourceId":"oryx_FCAB07D3-31F4-4941-AD9C-91ED07068D1A"}},{"resourceId":"oryx_AF3BF55E-9661-40CC-AF6D-5551A58E9F0A","properties":{"Name":"Start Attach Dependencies","id":"Start Attach Dependencies","Type":"Default"},"stencil":{"id":"Flow"},"childShapes":[],"outgoing":[{"resourceId":"oryx_9BD1A1B3-F5E1-42A3-A34A-64C99ACDC2C9"}],"bounds":{"lowerRight":{"x":179.34376105972493,"y":321.75},"upperLeft":{"x":79.3515625,"y":292.0050504406386}},"dockers":[{"x":17,"y":17},{"x":107.5,"y":321.75},{"x":107.5,"y":292.0050504406386},{"x":11.500012753556689,"y":37.00505044063863}],"target":{"resourceId":"oryx_9BD1A1B3-F5E1-42A3-A34A-64C99ACDC2C9"}},{"resourceId":"oryx_BDADEFC6-35C2-4396-BC1B-280D83B76517","properties":{"Name":"Attach Dependencies Failure","id":"Attach Dependencies Failure","Type":"Default"},"stencil":{"id":"Flow"},"childShapes":[],"outgoing":[{"resourceId":"oryx_1FC3FC35-6BC8-4A6E-8386-C579A3899669"}],"bounds":{"lowerRight":{"x":1021,"y":630.5381757673964},"upperLeft":{"x":280.2795376628182,"y":313.01044811077156}},"dockers":[{"x":75.35312747955322,"y":57.75},{"x":1021,"y":320.75},{"x":57,"y":60.66728723462734}],"target":{"resourceId":"oryx_1FC3FC35-6BC8-4A6E-8386-C579A3899669"}},{"resourceId":"oryx_429B9C3B-525D-4BF6-BF59-9C867B59356E","properties":{"Name":"OptimostActivate Success","id":"OptimostActivate Success","Type":"Default"},"stencil":{"id":"Flow"},"childShapes":[],"outgoing":[{"resourceId":"oryx_2840B6DC-DD6D-429E-B7FE-9B8F5A2C8939"}],"bounds":{"lowerRight":{"x":1409.7774205698465,"y":1106.2801316422954},"upperLeft":{"x":1220.75,"y":1045}},"dockers":[{"x":12.180754898658506,"y":48.28013164229537},{"x":1260,"y":1106.2801316422954},{"x":1260,"y":1045},{"x":50,"y":40}],"target":{"resourceId":"oryx_2840B6DC-DD6D-429E-B7FE-9B8F5A2C8939"}},{"resourceId":"oryx_0D3B91E6-564D-4B07-91EF-EB04BD97D8BE","properties":{"Name":"OptimostActivate Failure","id":"OptimostActivate Failure","Type":"Default"},"stencil":{"id":"Flow"},"childShapes":[],"outgoing":[{"resourceId":"oryx_1FC3FC35-6BC8-4A6E-8386-C579A3899669"}],"bounds":{"lowerRight":{"x":1409.734375,"y":1081},"upperLeft":{"x":1060.3678924142707,"y":635.4352410598152}},"dockers":[{"x":11,"y":23},{"x":1275,"y":1081},{"x":1275,"y":635.4352410598152},{"x":85.01583433950896,"y":53.43524105981521}],"target":{"resourceId":"oryx_1FC3FC35-6BC8-4A6E-8386-C579A3899669"}},{"resourceId":"oryx_CDA90AA9-3788-4678-AB4F-8C29743E9246","properties":{"Name":"Job Complete Email Failure","id":"Job Complete Email Failure","Type":"Default"},"stencil":{"id":"Flow"},"childShapes":[],"outgoing":[{"resourceId":"oryx_1FC3FC35-6BC8-4A6E-8386-C579A3899669"}],"bounds":{"lowerRight":{"x":1117.375718717128,"y":869},"upperLeft":{"x":1000.660500047017,"y":711.5303594907213}},"dockers":[{"x":28.648436015088464,"y":17.25},{"x":1033.5575668232464,"y":869},{"x":35.55756682324636,"y":56.103954980071876}],"target":{"resourceId":"oryx_1FC3FC35-6BC8-4A6E-8386-C579A3899669"}},{"resourceId":"oryx_F14C896C-83B2-476A-8975-594D41401446","properties":{"Name":"Review Notification Email Failure","id":"Review Notification Email Failure","Type":"Default"},"stencil":{"id":"Flow"},"childShapes":[],"outgoing":[{"resourceId":"oryx_1FC3FC35-6BC8-4A6E-8386-C579A3899669"}],"bounds":{"lowerRight":{"x":1458,"y":663.8335745400623},"upperLeft":{"x":1060.8652202937233,"y":491.21468254652814}},"dockers":[{"x":27,"y":59.0259773274787},{"x":1458,"y":607.8810635732508},{"x":50,"y":40}],"target":{"resourceId":"oryx_1FC3FC35-6BC8-4A6E-8386-C579A3899669"}},{"resourceId":"oryx_9BD9F5B7-DA20-4A6F-AE7F-8A1A857EB313","properties":{"Name":"Revision Notification Email Failure","id":"Revision Notification Email Failure","Type":"Default"},"stencil":{"id":"Flow"},"childShapes":[],"outgoing":[{"resourceId":"oryx_1FC3FC35-6BC8-4A6E-8386-C579A3899669"}],"bounds":{"lowerRight":{"x":1618,"y":670.5665354471589},"upperLeft":{"x":1060.6221525662727,"y":491.3001217605138}},"dockers":[{"x":21,"y":66.04046107485851},{"x":1618,"y":621.8450216499601},{"x":74.55609598989031,"y":41.84502164996013}],"target":{"resourceId":"oryx_1FC3FC35-6BC8-4A6E-8386-C579A3899669"}},{"resourceId":"oryx_312E2BF0-E84D-43DC-8B92-6AE90EF13BA3","properties":{"Name":"Deploy Files Submit","id":"Deploy Files Submit","Type":"Conditional","Expression":"$IW_SCRIPT(SubmitFlagIsTrue)"},"stencil":{"id":"ConditionalLink"},"childShapes":[],"outgoing":[{"resourceId":"oryx_A3985677-B367-422E-9738-4977E8E62CFB"}],"bounds":{"lowerRight":{"x":1459.9451104593736,"y":956.9121131081743},"upperLeft":{"x":1444.3254350121651,"y":892.75}},"dockers":[{"x":20,"y":20},{"x":1459.769789434664,"y":892.75},{"x":20,"y":20}],"target":{"resourceId":"oryx_A3985677-B367-422E-9738-4977E8E62CFB"}},{"resourceId":"oryx_6982D66B-7241-4F5B-800A-E7EE99AE3BD8","properties":{"FromGatewayPosition":"Bottom","Name":"Deploy Files Job Complete Email","id":"Deploy Files Job Complete Email","Type":"Conditional","Expression":"$IW_SCRIPT(SubmitFlagIsFalse)"},"stencil":{"id":"ConditionalLink"},"childShapes":[],"outgoing":[{"resourceId":"oryx_E63CB25F-728C-48FE-B036-00ABF875CF00"}],"bounds":{"lowerRight":{"x":1404.6374079790603,"y":892.6718855070603},"upperLeft":{"x":1220.13715452094,"y":891.9531144929397}},"dockers":[{"x":20,"y":20},{"x":50,"y":40}],"target":{"resourceId":"oryx_E63CB25F-728C-48FE-B036-00ABF875CF00"}},{"resourceId":"oryx_D2E1F4E3-2E1C-43C2-9CC7-C46DEE6B72A6","properties":{"Name":"No Review","id":"No Review","Type":"Conditional","Expression":"$IW_SCRIPT(ReviewFlagIsFalse)"},"stencil":{"id":"ConditionalLink"},"childShapes":[],"outgoing":[{"resourceId":"oryx_56C687B9-FDD2-4AF0-87A0-9DC758E61A1C"}],"bounds":{"lowerRight":{"x":1415.5983585811014,"y":881.4332582900165},"upperLeft":{"x":1341.3516,"y":469.302734375}},"dockers":[{"x":20,"y":20},{"x":1341.3516,"y":789},{"x":20,"y":20}],"target":{"resourceId":"oryx_56C687B9-FDD2-4AF0-87A0-9DC758E61A1C"}},{"resourceId":"oryx_D87B13D3-AAA2-4E2E-9C6B-761BB5DD0413","properties":{"Name":"Review Required","id":"Review Required","Type":"Conditional","Expression":"$IW_SCRIPT(ReviewFlagIsTrue)"},"stencil":{"id":"ConditionalLink"},"childShapes":[],"outgoing":[{"resourceId":"oryx_0B54071F-D2D7-4625-9201-C3AB8F84DF8F"}],"bounds":{"lowerRight":{"x":1430.9048850128365,"y":449.61002684250474},"upperLeft":{"x":1360.8986274871631,"y":449.10872315749526}},"dockers":[{"x":20,"y":20},{"x":50,"y":40}],"target":{"resourceId":"oryx_0B54071F-D2D7-4625-9201-C3AB8F84DF8F"}},{"resourceId":"oryx_3A4B7B50-3DB2-4AA9-A586-E84996A31236","properties":{"Name":"Production Deployment Required","id":"Production Deployment Required","Type":"Conditional","Expression":"$IW_SCRIPT(ProductionFlagIsTrue)"},"stencil":{"id":"ConditionalLink"},"childShapes":[],"outgoing":[{"resourceId":"oryx_63D52D1F-CF03-4965-85EA-6983EE53FEBA"}],"bounds":{"lowerRight":{"x":1609,"y":754.1130307799443},"upperLeft":{"x":1514.997040625,"y":734.3506}},"dockers":[{"x":20,"y":20},{"x":1609,"y":734.3506},{"x":50,"y":40}],"target":{"resourceId":"oryx_63D52D1F-CF03-4965-85EA-6983EE53FEBA"}},{"resourceId":"oryx_C66FA47F-9980-4D6C-9DD5-854B1C7620E0","properties":{"ToGatewayPosition":"Top","Name":"No Production Deployment","id":"No Production Deployment","Type":"Conditional","Expression":"$IW_SCRIPT(ProductionFlagIsFalse)"},"stencil":{"id":"ConditionalLink"},"childShapes":[],"outgoing":[{"resourceId":"oryx_56C687B9-FDD2-4AF0-87A0-9DC758E61A1C"}],"bounds":{"lowerRight":{"x":1475.6644686676034,"y":873.1464863001181},"upperLeft":{"x":1424.726966107197,"y":734}},"dockers":[{"x":20,"y":20},{"x":1425,"y":734},{"x":20,"y":20}],"target":{"resourceId":"oryx_56C687B9-FDD2-4AF0-87A0-9DC758E61A1C"}},{"resourceId":"oryx_CE67CB99-7081-4D81-87C9-835314CA035A","properties":{"Name":"Optimost Activation Required","id":"Optimost Activation Required","Type":"Conditional","Expression":"$IW_SCRIPT(ProductionFlagIsTrue)"},"stencil":{"id":"ConditionalLink"},"childShapes":[],"outgoing":[{"resourceId":"oryx_6C4B34E4-DB83-4908-AA14-5CB167365461"}],"bounds":{"lowerRight":{"x":1461,"y":1057.4996495769362},"upperLeft":{"x":1459,"y":997.3662533648164}},"dockers":[{"x":20,"y":20},{"x":50,"y":22.286684612354748}],"target":{"resourceId":"oryx_6C4B34E4-DB83-4908-AA14-5CB167365461"}},{"resourceId":"oryx_82269EC5-4852-4313-B654-A56C86D1B298","properties":{"Name":"No Optimost Activation Required","id":"No Optimost Activation Required","Type":"Conditional","Expression":"$IW_SCRIPT(ProductionFlagIsFalse)"},"stencil":{"id":"ConditionalLink"},"childShapes":[],"outgoing":[{"resourceId":"oryx_56C687B9-FDD2-4AF0-87A0-9DC758E61A1C"}],"bounds":{"lowerRight":{"x":1440.2407656250002,"y":977},"upperLeft":{"x":1424.6885,"y":912.837890625}},"dockers":[{"x":20,"y":20},{"x":1424.6885,"y":977},{"x":20,"y":20}],"target":{"resourceId":"oryx_56C687B9-FDD2-4AF0-87A0-9DC758E61A1C"}},{"resourceId":"oryx_3260E19F-884C-4341-8D28-63F637991957","properties":{"Name":"Attach Dependencies Success","id":"Attach Dependencies Success","Type":"Default"},"stencil":{"id":"Flow"},"childShapes":[],"outgoing":[{"resourceId":"oryx_FE3B27CE-8A29-40E2-9321-F50E0FE0CCF7"}],"bounds":{"lowerRight":{"x":284.7812505422007,"y":550.109341374882},"upperLeft":{"x":230,"y":335.84417711474566}},"dockers":[{"x":50,"y":79},{"x":230,"y":550.109341374882},{"x":50,"y":40}],"target":{"resourceId":"oryx_FE3B27CE-8A29-40E2-9321-F50E0FE0CCF7"}},{"resourceId":"oryx_42C69D26-6F68-48D5-BD3B-CDE7B2F3C316","properties":{"ToGatewayPosition":"Bottom","Name":"Attach Deployment Target Success","id":"Attach Deployment Target Success","Type":"Default"},"stencil":{"id":"Flow"},"childShapes":[],"outgoing":[{"resourceId":"oryx_B0F96F05-386C-46D3-989A-DBA43F4FDB7E"}],"bounds":{"lowerRight":{"x":449.4358332369677,"y":734.3506},"upperLeft":{"x":321.289764910757,"y":590.501581137883}},"dockers":[{"x":36.289764910757015,"y":73.61340963942291},{"x":321.289764910757,"y":734.3506},{"x":50,"y":40}],"target":{"resourceId":"oryx_B0F96F05-386C-46D3-989A-DBA43F4FDB7E"}},{"resourceId":"oryx_1E5E00F8-DD34-46F5-89BB-85F5B205720B","properties":{"Name":"Attach Deployment Target Failure","id":"Attach Deployment Target Failure","Type":"Default"},"stencil":{"id":"Flow"},"childShapes":[],"outgoing":[{"resourceId":"oryx_1FC3FC35-6BC8-4A6E-8386-C579A3899669"}],"bounds":{"lowerRight":{"x":959.5421403806201,"y":647.2106504982567},"upperLeft":{"x":385.6640625,"y":550}},"dockers":[{"x":50,"y":40},{"x":661,"y":550},{"x":661,"y":588.107977400546},{"x":49.535973190368395,"y":26.10797740054602}],"target":{"resourceId":"oryx_1FC3FC35-6BC8-4A6E-8386-C579A3899669"}},{"resourceId":"oryx_9BD1A1B3-F5E1-42A3-A34A-64C99ACDC2C9","properties":{"AreaVPath":"$IW_WORKAREA","Brief Description":"","Description":"Attaches dependent files to a job.","Name":"Attach Dependencies","id":"Attach Dependencies","CSSclass":"Task","Owner":"$IW_USER","URI":"http://$IW_SERVER:$IW_PORT/iw-cc/urlexternaltask","Retry":"true","Lock":"false","Readonly":"false","Transferonly":"false","Variables":"TaskBeanId=workflow.task.HeadlessDependencyTask|ClassName=com.interwoven.livesite.spring.workflow.task.DelegatingUrlExternalTaskProxy","Eafinishop":"","Eastartop":"","Wfvarfinishop":"","Wfvarstartop":"","ActivationCount":"0","Status":"none","Valid":"none","BackgroundColor":"#c0c0c0","TaskType":"ItsURLTask"},"stencil":{"id":"URLTask"},"childShapes":[],"outgoing":[{"resourceId":"oryx_BDADEFC6-35C2-4396-BC1B-280D83B76517"},{"resourceId":"oryx_3260E19F-884C-4341-8D28-63F637991957"}],"bounds":{"lowerRight":{"x":280,"y":335},"upperLeft":{"x":180,"y":255}},"dockers":[]},{"resourceId":"oryx_FE3B27CE-8A29-40E2-9321-F50E0FE0CCF7","properties":{"AreaVPath":"$IW_WORKAREA","Brief Description":"","Description":"Attach Deployment Target","Name":"Attach Deployment Target","id":"Attach Deployment Target","CSSclass":"Task","Owner":"$IW_USER","URI":"http://$IW_SERVER:$IW_PORT/iw-cc/urlexternaltask","Retry":"true","Lock":"false","Readonly":"false","Transferonly":"false","Variables":"TaskBeanId=workflow.task.HeadlessAttachDeploymentTarget|ClassName=com.interwoven.livesite.spring.workflow.task.DelegatingUrlExternalTaskProxy|TargetNodes=$IW_SCRIPT(ID1400541838745)","Eafinishop":"","Eastartop":"","Wfvarfinishop":"","Wfvarstartop":"","ActivationCount":"0","Status":"none","Valid":"none","BackgroundColor":"#c0c0c0","TaskType":"ItsURLTask"},"stencil":{"id":"URLTask"},"childShapes":[],"outgoing":[{"resourceId":"oryx_1E5E00F8-DD34-46F5-89BB-85F5B205720B"},{"resourceId":"oryx_42C69D26-6F68-48D5-BD3B-CDE7B2F3C316"}],"bounds":{"lowerRight":{"x":385,"y":590},"upperLeft":{"x":285,"y":510}},"dockers":[]},{"resourceId":"oryx_B0F96F05-386C-46D3-989A-DBA43F4FDB7E","properties":{"AreaVPath":"$IW_WORKAREA","Brief Description":"","Description":"Validate Files","Name":"Validate Files","id":"Validate Files","CSSclass":"Task","Owner":"$IW_USER","URI":"http://$IW_SERVER:$IW_PORT/iw-cc/urlexternaltask","Retry":"true","Lock":"false","Readonly":"false","Transferonly":"false","Variables":"TaskBeanId=workflow.task.HeadlessValidationTask|ClassName=com.interwoven.livesite.spring.workflow.task.DelegatingUrlExternalTaskProxy","Eafinishop":"","Eastartop":"","Wfvarfinishop":"","Wfvarstartop":"","ActivationCount":"0","Status":"none","Valid":"none","BackgroundColor":"#c0c0c0","TaskType":"ItsURLTask"},"stencil":{"id":"URLTask"},"childShapes":[],"outgoing":[{"resourceId":"oryx_6875E837-8D5F-4259-B719-BB26225CC929"},{"resourceId":"oryx_343B76F1-A108-4E66-9030-D0BBD8751E69"},{"resourceId":"oryx_E18BA5EC-3532-4F38-9478-2B51D2369858"}],"bounds":{"lowerRight":{"x":550,"y":774.3506},"upperLeft":{"x":450,"y":694.3506}},"dockers":[]},{"resourceId":"oryx_EA03EE96-9F1F-4FEE-AECE-B587CEA3BDF2","properties":{"AreaVPath":"$IW_WORKAREA","Brief Description":"","Description":"An automated task which auto-tags all required metadata fields.","Name":"Add Required Tags","id":"Add Required Tags","CSSclass":"Task","Owner":"$IW_USER","URI":"http://$IW_SERVER:$IW_PORT/iw-cc/urlexternaltask","Retry":"true","Lock":"false","Readonly":"false","Transferonly":"false","Variables":"TaskBeanId=workflow.task.HeadlessSetMetaTagsTask|ClassName=com.interwoven.livesite.spring.workflow.task.DelegatingUrlExternalTaskProxy|RequiredTagsOnly=true","Eafinishop":"","Eastartop":"","Wfvarfinishop":"","Wfvarstartop":"","ActivationCount":"0","Status":"none","Valid":"none","BackgroundColor":"#c0c0c0","TaskType":"ItsURLTask"},"stencil":{"id":"URLTask"},"childShapes":[],"outgoing":[{"resourceId":"oryx_9D40012E-2D4A-489A-ADC3-3FFBFD42003F"},{"resourceId":"oryx_99ABDA5B-7123-461C-868C-C746D8BC6BA7"}],"bounds":{"lowerRight":{"x":775,"y":515},"upperLeft":{"x":675,"y":435}},"dockers":[]},{"resourceId":"oryx_5613A2C9-92B2-43EB-B037-BC4B44FAD0AE","properties":{"AreaVPath":"$IW_WORKAREA","Brief Description":"","Description":"If one or more taxonomies are being deployed, the source files are transformed for DataDeploy deployment.","Name":"Transform Taxonomy Files","id":"Transform Taxonomy Files","CSSclass":"Task","Owner":"$IW_USER","URI":"http://$IW_SERVER:$IW_PORT/iw-cc/urlexternaltask","Retry":"true","Lock":"false","Readonly":"false","Transferonly":"false","Variables":"TaskBeanId=workflow.task.HeadlessTaxonomyTransformationTask|ClassName=com.interwoven.livesite.spring.workflow.task.DelegatingUrlExternalTaskProxy","Eafinishop":"","Eastartop":"","Wfvarfinishop":"","Wfvarstartop":"","ActivationCount":"0","Status":"none","Valid":"none","BackgroundColor":"#c0c0c0","TaskType":"ItsURLTask"},"stencil":{"id":"URLTask"},"childShapes":[],"outgoing":[{"resourceId":"oryx_8181F868-74E5-4BEA-923F-F9F9C0D13367"},{"resourceId":"oryx_5669309F-1351-4591-9D56-F4375508F489"}],"bounds":{"lowerRight":{"x":955,"y":411.75},"upperLeft":{"x":855,"y":331.75}},"dockers":[]},{"resourceId":"oryx_95A95BF5-8DA3-4582-AFF9-D67EAC5F3638","properties":{"y":"536.75","x":"1360.0","AreaVPath":"$IW_WORKAREA","Brief Description":"","Description":"Deploys content and metadata to one or more target environments.","Name":"Deploy Files","id":"Deploy Files","CSSclass":"Task","Owner":"$IW_USER","URI":"http://$IW_SERVER:$IW_PORT/iw-cc/urlexternaltask","Retry":"true","Lock":"false","Readonly":"false","Transferonly":"false","Variables":"ClassName=com.interwoven.livesite.spring.workflow.task.DelegatingUrlExternalTaskProxy|TargetNodes=$IW_SCRIPT(DeployFilesTargetNodes)|TaskBeanId=workflow.task.HeadlessDeploymentTask","Eafinishop":"","Eastartop":"","Wfvarfinishop":"","Wfvarstartop":"","ActivationCount":"0","Status":"none","Valid":"true","BackgroundColor":"#c0c0c0","TaskType":"ItsURLTask"},"stencil":{"id":"URLTask"},"childShapes":[],"outgoing":[{"resourceId":"oryx_A52516EE-8F1B-4CC5-B534-24DF68C09717"},{"resourceId":"oryx_4498C07A-E277-41F7-A600-3FD16FA6D1DB"}],"bounds":{"lowerRight":{"x":1220,"y":362.75},"upperLeft":{"x":1118,"y":280.75}},"dockers":[]},{"resourceId":"oryx_1FC3FC35-6BC8-4A6E-8386-C579A3899669","properties":{"AreaVPath":"$IW_WORKAREA","Brief Description":"","Description":"","Name":"Resolve Job Error","id":"Resolve Job Error","Eafinishop":"","Eastartop":"","Wfvarfinishop":"","Wfvarstartop":"","Lock":"false","Readonly":"false","Transferonly":"false","Owner":"$IW_USER","Variables":"","CSSclass":"Task","ActivationCount":"0","Status":"none","Valid":"none","BackgroundColor":"#c0c0c0","TaskType":"ItsUserTask"},"stencil":{"id":"UserTask"},"childShapes":[],"outgoing":[{"resourceId":"oryx_1C52A691-A802-452B-871D-FEC58CAD6B99"},{"resourceId":"oryx_F0537606-6270-4C9E-8BBE-DFF00A0B508B"}],"bounds":{"lowerRight":{"x":1060,"y":711},"upperLeft":{"x":960,"y":631}},"dockers":[]},{"resourceId":"oryx_1C52A691-A802-452B-871D-FEC58CAD6B99","properties":{"Name":"Timeout Publish Now Workflow","id":"Flow2","Type":"Timeout","Timeout Duration":"+000010"},"stencil":{"id":"TimeoutLink"},"childShapes":[],"outgoing":[{"resourceId":"oryx_FCAB07D3-31F4-4941-AD9C-91ED07068D1A"}],"bounds":{"lowerRight":{"x":1050.0344499620135,"y":972.7078608450906},"upperLeft":{"x":774.5,"y":701.8447131125533}},"dockers":[{"x":25.263190521415936,"y":63.70566980665308},{"x":794.5,"y":748},{"x":774.5,"y":903},{"x":17,"y":17}],"target":{"resourceId":"oryx_FCAB07D3-31F4-4941-AD9C-91ED07068D1A"}},{"resourceId":"oryx_F0537606-6270-4C9E-8BBE-DFF00A0B508B","properties":{"Name":"End Publish Now Workflow","id":"Flow3","Type":"Default"},"stencil":{"id":"Flow"},"childShapes":[],"outgoing":[{"resourceId":"oryx_FCAB07D3-31F4-4941-AD9C-91ED07068D1A"}],"bounds":{"lowerRight":{"x":1057.3654952486872,"y":962.4588732454034},"upperLeft":{"x":845.5,"y":711.371390676354}},"dockers":[{"x":28.5,"y":69},{"x":878.5,"y":744},{"x":845.5,"y":781},{"x":11.5,"y":6}],"target":{"resourceId":"oryx_FCAB07D3-31F4-4941-AD9C-91ED07068D1A"}}],"bounds":{"lowerRight":{"x":1837,"y":1240},"upperLeft":{"x":0,"y":0}},"stencilset":{"url":"/iw-wfm/editor/stencilsets/iwov_process_model/iwovprocessmodels.json","namespace":"http://autonomy.com/stencilset/iwovwfm#"},"ssextensions":[],"modelVariables":[{"TaskId":"Publish LiveSite Content","PropertyName":"Global Variables","VariableId":"TagFileIsTrue","VariableValue":{"value":{"id":"TagFileIsTrue","code":"\"$IW_CV(TagFlag)\" == \"true\" ? \"true\" : \"false\";"},"type":"$IW_SCRIPT"},"TaskType":"ModelProperties","isDeleted":""},{"TaskId":"Publish LiveSite Content","PropertyName":"Global Variables","VariableId":"Reviewer","VariableValue":{"value":{"id":"Reviewer","isHidden":false,"description":"","isReadOnly":false,"label":"Reviewer","defaultValue":"","datasource":"LiveSite Reviewers"},"type":"$IW_DS"},"TaskType":"ModelProperties","isDeleted":""},{"TaskId":"Publish LiveSite Content","PropertyName":"Global Variables","VariableId":"ReviewFlag","VariableValue":{"value":{"id":"ReviewFlag","isHidden":true,"description":"","isReadOnly":false,"label":"Review Required?","defaultValue":"false"},"type":"$IW_CV"},"TaskType":"ModelProperties","isDeleted":""},{"TaskId":"Publish LiveSite Content","PropertyName":"Global Variables","VariableId":"JobDescription","VariableValue":{"value":{"id":"JobDescription","isHidden":false,"description":"The description of the current job.","isReadOnly":false,"label":"Job Description","defaultValue":""},"type":"$IW_CV"},"TaskType":"ModelProperties","isDeleted":""},{"TaskId":"Publish LiveSite Content","PropertyName":"Global Variables","VariableId":"ScriptProductionFlag","VariableValue":{"value":{"id":"ScriptProductionFlag","code":"\"$IW_CV(TargetNodes)\".indexOf(\"production\") > -1 ? \"true\" : \"false\""},"type":"$IW_SCRIPT"},"TaskType":"ModelProperties","isDeleted":""},{"TaskId":"Publish LiveSite Content","PropertyName":"Global Variables","VariableId":"DefaultJobDescription","VariableValue":{"value":{"id":"DefaultJobDescription","isHidden":false,"description":"The default job description, used if one is not provided at instantiation time by the job creator.","isReadOnly":false,"label":"Default Job Description","defaultValue":"Publishes content to one or more target nodes, optionally including a review / revision loop."},"type":"$IW_CV"},"TaskType":"ModelProperties","isDeleted":""},{"TaskId":"Publish LiveSite Content","PropertyName":"Global Variables","VariableId":"ProductionFlag","VariableValue":{"value":{"id":"ProductionFlag","isHidden":true,"description":"","isReadOnly":false,"label":"Deploy to Production?","defaultValue":"false"},"type":"$IW_CV"},"TaskType":"ModelProperties","isDeleted":""},{"TaskId":"Publish LiveSite Content","PropertyName":"Global Variables","VariableId":"SubmitFlag","VariableValue":{"value":{"id":"SubmitFlag","isHidden":true,"description":"","isReadOnly":true,"label":"Submit Files?","defaultValue":"false"},"type":"$IW_CV"},"TaskType":"ModelProperties","isDeleted":""},{"TaskId":"Publish LiveSite Content","PropertyName":"Global Variables","VariableId":"ReviewFlagIsTrue","VariableValue":{"value":{"id":"ReviewFlagIsTrue","code":"\"$IW_CV(ReviewFlag)\" == \"true\" ? \"true\" : \"false\""},"type":"$IW_SCRIPT"},"TaskType":"ModelProperties","isDeleted":""},{"TaskId":"Publish LiveSite Content","PropertyName":"Global Variables","VariableId":"AuthorCommentsForReviewer","VariableValue":{"value":{"id":"AuthorCommentsForReviewer","isHidden":false,"description":"These comments are included in the reviewer notification email.","isReadOnly":false,"label":"Comments For Reviewer","defaultValue":""},"type":"$IW_CV"},"TaskType":"ModelProperties","isDeleted":""},{"TaskId":"Publish LiveSite Content","PropertyName":"Global Variables","VariableId":"ProductionFlagIsTrue","VariableValue":{"value":{"id":"ProductionFlagIsTrue","code":"\"$IW_CV(ProductionFlag)\" == \"true\" ? \"true\" : \"false\""},"type":"$IW_SCRIPT"},"TaskType":"ModelProperties","isDeleted":""},{"TaskId":"Publish LiveSite Content","PropertyName":"Global Variables","VariableId":"SubmitFlagIsTrue","VariableValue":{"value":{"id":"SubmitFlagIsTrue","code":"\"$IW_CV(SubmitFlag)\" == \"true\" ? \"true\" : \"false\";"},"type":"$IW_SCRIPT"},"TaskType":"ModelProperties","isDeleted":""},{"TaskId":"Publish LiveSite Content","PropertyName":"Global Variables","VariableId":"ReviewFlagIsFalse","VariableValue":{"value":{"id":"ReviewFlagIsFalse","code":"\"$IW_CV(ReviewFlag)\" == \"false\" ? \"true\" : \"false\""},"type":"$IW_SCRIPT"},"TaskType":"ModelProperties","isDeleted":""},{"TaskId":"CGITask","PropertyName":"Variables","VariableId":"AttachFilesTargetNodes","VariableValue":"","TaskType":"","isDeleted":""},{"TaskId":"CGITask","PropertyName":"Variables","VariableId":"DeployFilesTargetNodes","VariableValue":"","TaskType":"","isDeleted":""},{"TaskId":"Publish LiveSite Content","PropertyName":"Global Variables","VariableId":"ConvertPagesToHtmlIsTrue","VariableValue":{"value":{"id":"ConvertPagesToHtmlIsTrue","code":"\"$IW_CV(ConvertPagesToHtmlFlag)\" == \"true\" ? \"true\" : \"false\";"},"type":"$IW_SCRIPT"},"TaskType":"ModelProperties","isDeleted":""},{"TaskId":"URLTask","PropertyName":"Variables","VariableId":"Reviewer","VariableValue":"","TaskType":"","isDeleted":""},{"TaskId":"CGITask","PropertyName":"Variables","VariableId":"TargetNodes","VariableValue":"","TaskType":"","isDeleted":""},{"TaskId":"Publish LiveSite Content","PropertyName":"Global Variables","VariableId":"TagFlag","VariableValue":{"value":{"id":"TagFlag","isHidden":true,"description":"","isReadOnly":true,"label":"Tag Files?","defaultValue":"true"},"type":"$IW_CV"},"TaskType":"ModelProperties","isDeleted":""},{"TaskId":"UserTask","PropertyName":"Owner","VariableId":"Reviewer","VariableValue":"","TaskType":"","isDeleted":""},{"TaskId":"Publish LiveSite Content","PropertyName":"Global Variables","VariableId":"ProductionFlagIsFalse","VariableValue":{"value":{"id":"ProductionFlagIsFalse","code":"\"$IW_CV(ProductionFlag)\" == \"false\" ? \"true\" : \"false\""},"type":"$IW_SCRIPT"},"TaskType":"ModelProperties","isDeleted":""},{"TaskId":"CGITask","PropertyName":"Variables","VariableId":"DeployFilesSuccessMessage","VariableValue":"","TaskType":"","isDeleted":""},{"TaskId":"Publish LiveSite Content","PropertyName":"Global Variables","VariableId":"SubmitFlagIsFalse","VariableValue":{"value":{"id":"SubmitFlagIsFalse","code":"\"$IW_CV(SubmitFlag)\" == \"false\" ? \"true\" : \"false\";"},"type":"$IW_SCRIPT"},"TaskType":"ModelProperties","isDeleted":""},{"TaskId":"URLTask","PropertyName":"Variables","VariableId":"AuthorCommentsForReviewer","VariableValue":"","TaskType":"","isDeleted":""},{"TaskId":"Publish LiveSite Content","PropertyName":"Global Variables","VariableId":"ConvertPagesToHtmlFlag","VariableValue":{"value":{"id":"ConvertPagesToHtmlFlag","isHidden":false,"description":"Converts LiveSite pages to static html.","isReadOnly":false,"label":"Convert Pages to HTML","defaultValue":"false"},"type":"$IW_CV"},"TaskType":"ModelProperties","isDeleted":""},{"TaskId":"Publish LiveSite Content","PropertyName":"Global Variables","VariableId":"DeployFilesTargetNodes","VariableValue":{"value":{"id":"DeployFilesTargetNodes","code":"\"development\" + (  /** if production is true and there's no review, all in one step! */  ( \"$IW_CV(ProductionFlag)\" == \"true\"      && \"$IW_CV(ReviewFlag)\" == \"false\" )  ? \",production\"   : \"\");"},"type":"$IW_SCRIPT"},"TaskType":"ModelProperties","isDeleted":""},{"TaskId":"Publish LiveSite Content","PropertyName":"Global Variables","VariableId":"GetJobDescription","VariableValue":{"value":{"id":"GetJobDescription","code":"var d = \"$IW_CV(JobDescription)\";if ( d == \"\" ){   \"$IW_CV(DefaultJobDescription)\" }else{  d;}"},"type":"$IW_SCRIPT"},"TaskType":"ModelProperties","isDeleted":""},{"TaskId":"CGITask","PropertyName":"Variables","VariableId":"CreativePageType","VariableValue":"","TaskType":"","isDeleted":""},{"TaskId":"Publish LiveSite Content","PropertyName":"Global Variables","VariableId":"TargetNodes","VariableValue":{"value":{"id":"TargetNodes","isHidden":false,"description":"","isReadOnly":false,"label":"Target Nodes","defaultValue":"development"},"type":"$IW_CV"},"TaskType":"ModelProperties","isDeleted":""},{"TaskId":"Publish LiveSite Content","PropertyName":"Global Variables","VariableId":"ConvertPagesToHtmlIsFalse","VariableValue":{"value":{"id":"ConvertPagesToHtmlIsFalse","code":"\"$IW_CV(ConvertPagesToHtmlFlag)\"  == \"false\" ? \"true\" : \"false\";"},"type":"$IW_SCRIPT"},"TaskType":"ModelProperties","isDeleted":""},{"TaskId":"Publish LiveSite Content","PropertyName":"Global Variables","VariableId":"TagFileIsFalse","VariableValue":{"value":{"id":"TagFileIsFalse","code":"\"$IW_CV(TagFlag)\" == \"false\" ? \"true\" : \"false\";"},"type":"$IW_SCRIPT"},"TaskType":"ModelProperties","isDeleted":""},{"TaskId":"Attach Deployment Target","PropertyName":"Variables","VariableId":"ID1400541838745","VariableValue":{"type":"$IW_SCRIPT","value":{"id":"ID1400541838745","code":"\"development\" + (  /** if production is true then append the production string */  ( \"$IW_CV(ProductionFlag)\" == \"true\" )  ? \",production\"   : \"\");"}},"TaskType":"URLTask","isDeleted":""},{"TaskId":"Deploy Files","PropertyName":"Variables","VariableId":"DeployFilesTargetNodes","VariableValue":"","TaskType":"URLTask","isDeleted":""}]}