{"resourceId":"oryx-canvas123","properties":{"Owner":"$IW_USER","Priority":"2","Brief Description":"","Description":"","DueDate":"","Global Variables":"","VAVariables":"","Variables":"custom_job_params=$IW_CV(custom_job_params)","PostProcessorCommand":"","PreProcessorCommand":"","Name":"Workflow Properties","id":"Workflow Properties1","ActivationCount":"","Version":"1.0.0.1","Status":"","Valid":"true","File Comments":"true"},"stencil":{"id":"ModelProperties"},"childShapes":[{"resourceId":"oryx_308E7527-2399-4DA6-9148-14D65850BB01","properties":{"Name":"Start1","id":"Start1","CSSclass":"Event"},"stencil":{"id":"Start"},"childShapes":[],"outgoing":[{"resourceId":"oryx_EBA09E88-1D8A-4009-88CC-2E277B5D4A24"}],"bounds":{"lowerRight":{"x":56,"y":149},"upperLeft":{"x":22,"y":115}},"dockers":[]},{"resourceId":"oryx_50789745-390B-459A-BE65-7175DC167379","properties":{"Name":"End3","id":"End3","Brief Description":"","Eafinishop":"","Eastartop":"","Wfvarfinishop":"","Wfvarstartop":"","CSSclass":"Event"},"stencil":{"id":"End"},"childShapes":[],"outgoing":[],"bounds":{"lowerRight":{"x":409,"y":139},"upperLeft":{"x":375,"y":105}},"dockers":[]},{"resourceId":"oryx_EBA09E88-1D8A-4009-88CC-2E277B5D4A24","properties":{"Name":"Flow4","id":"Flow4","Type":"Default"},"stencil":{"id":"Flow"},"childShapes":[],"outgoing":[{"resourceId":"oryx_5A96E99C-4EAB-485A-A91D-4DD0544BD383"}],"bounds":{"lowerRight":{"x":134.96463921695283,"y":115},"upperLeft":{"x":39,"y":100}},"dockers":[{"x":17,"y":17},{"x":39,"y":100},{"x":36.03695552946772,"y":40}],"target":{"resourceId":"oryx_5A96E99C-4EAB-485A-A91D-4DD0544BD383"}},{"resourceId":"oryx_072D5772-DF82-4EA8-9B93-A7C5B179C4FC","properties":{"Name":"Flow5","id":"Flow5","Type":"Default"},"stencil":{"id":"Flow"},"childShapes":[],"outgoing":[{"resourceId":"oryx_50789745-390B-459A-BE65-7175DC167379"}],"bounds":{"lowerRight":{"x":374.8515625,"y":122},"upperLeft":{"x":235.5857140736809,"y":100}},"dockers":[{"x":66.6885711270128,"y":40},{"x":312.5,"y":100},{"x":312.5,"y":122},{"x":17,"y":17}],"target":{"resourceId":"oryx_50789745-390B-459A-BE65-7175DC167379"}},{"resourceId":"oryx_5A96E99C-4EAB-485A-A91D-4DD0544BD383","properties":{"AreaVPath":"$IW_WORKAREA","Brief Description":"","Description":"","Name":"Publish Campaign","id":"Publish Campaign","CSSclass":"Task","Owner":"$IW_USER","CGIScriptName":"/iw-cc/Workflow/WebTask.do","Immediate":"true","Lock":"false","Readonly":"false","Transferonly":"false","Variables":"TaskBeanId=workflow.task.DelegatingCampaignPublishTask|ImmediateTransition=true","Eafinishop":"","Eastartop":"","Wfvarfinishop":"","Wfvarstartop":"","ActivationCount":"0","Status":"none","Valid":"none","BackgroundColor":"#c0c0c0","TaskType":"ItsCGITask"},"stencil":{"id":"CGITask"},"childShapes":[],"outgoing":[{"resourceId":"oryx_072D5772-DF82-4EA8-9B93-A7C5B179C4FC"}],"bounds":{"lowerRight":{"x":235,"y":140},"upperLeft":{"x":135,"y":60}},"dockers":[]}],"bounds":{"lowerRight":{"x":1837,"y":1240},"upperLeft":{"x":0,"y":0}},"stencilset":{"url":"/iw-wfm/editor/stencilsets/iwov_process_model/iwovprocessmodels.json","namespace":"http://autonomy.com/stencilset/iwovwfm#"},"ssextensions":[],"modelVariables":[{"TaskId":"Workflow Properties1","PropertyName":"Variables","VariableId":"custom_job_params","VariableValue":{"type":"$IW_CV","value":{"id":"custom_job_params","label":"custom job params","defaultValue":"","description":"","isHidden":false,"isReadOnly":false}},"TaskType":"ModelProperties","isDeleted":""}]}