{"resourceId":"oryx-canvas123","properties":{"Owner":"$IW_USER","Priority":"2","Brief Description":" - Deploy Primary Dependent Files","Description":"$IW_CV(JobDescription)","DueDate":"","Global Variables":"$IW_CV(URLExternalTask)|$IW_CV(BlackListFileFolderNames)|$IW_CV(BlackListBranchNames)|$IW_CV(BlackListPageLinks)|$IW_CV(BlackListLanguages)|$IW_CV(UrlMappingFolderPath)|$IW_CV(PreviewOnly)|$IW_CV(DeployedThrough)|$IW_CV(imageWorkarea)|$IW_CV(targetPathPreview)|$IW_CV(targetFragmentPathPreview)|$IW_CV(targetPathProd)|$IW_CV(targetFragmentPathProd)|$IW_CV(sitesFolderPath)|$IW_CV(ReviewerGroup)|$IW_CV(ReviewFlag)|$IW_SCRIPT(ReviewFlagIsTrue)|$IW_SCRIPT(ReviewFlagIsFalse)","VAVariables":"va_approve=$IW_CV(ID)","Variables":"","PostProcessorCommand":"","PreProcessorCommand":"","Name":"Workflow Properties","id":"Workflow Properties1","ActivationCount":"","Version":"1.0.0.1","Status":"","Valid":"true","File Comments":"true"},"stencil":{"id":"ModelProperties"},"childShapes":[{"resourceId":"oryx_68A891A8-5E9A-4B38-BEE6-D1195CFC12F5","properties":{"Name":"Start1","id":"Start1","CSSclass":"Event"},"stencil":{"id":"Start"},"childShapes":[],"outgoing":[{"resourceId":"oryx_ABEE2032-0E2B-4437-B3C5-B8B8668BF9DA"}],"bounds":{"lowerRight":{"x":94,"y":334},"upperLeft":{"x":60,"y":300}},"dockers":[]},{"resourceId":"oryx_ABEE2032-0E2B-4437-B3C5-B8B8668BF9DA","properties":{"Name":"Get All Dependency","id":"Flow3","Type":"Default"},"stencil":{"id":"Flow"},"childShapes":[],"outgoing":[{"resourceId":"oryx_D574C6F1-DB06-42C9-A7AD-DE12260B8DC6"}],"bounds":{"lowerRight":{"x":164.64398423120366,"y":317},"upperLeft":{"x":94.40625,"y":311.65022871522183}},"dockers":[{"x":17,"y":17},{"x":129.5,"y":317},{"x":125,"y":312},{"x":36.50625000000002,"y":41.32499999999999}],"target":{"resourceId":"oryx_D574C6F1-DB06-42C9-A7AD-DE12260B8DC6"}},{"resourceId":"oryx_7A6EC499-AE14-4C64-A0CE-030AB4E3CFBC","properties":{"AreaVPath":"$IW_WORKAREA","Brief Description":"","Description":"Resolve Error","Name":"Resolve Error","id":"Resolve Error","Eafinishop":"","Eastartop":"","Wfvarfinishop":"","Wfvarstartop":"","Lock":"false","Readonly":"false","Transferonly":"false","Owner":"$IW_USER","Variables":"","CSSclass":"Task","ActivationCount":"0","Status":"none","Valid":"none","BackgroundColor":"#c0c0c0","TaskType":"ItsUserTask"},"stencil":{"id":"UserTask"},"childShapes":[],"outgoing":[{"resourceId":"oryx_333C11F4-98E7-43A7-B93F-0AA680DA0F3C"}],"bounds":{"lowerRight":{"x":430,"y":357},"upperLeft":{"x":330,"y":277}},"dockers":[]},{"resourceId":"oryx_333C11F4-98E7-43A7-B93F-0AA680DA0F3C","properties":{"Name":"Retry","id":"Flow7","Type":"Default"},"stencil":{"id":"Flow"},"childShapes":[],"outgoing":[{"resourceId":"oryx_2B86377E-A7DA-44CE-8D29-9262DBE8A438"}],"bounds":{"lowerRight":{"x":524.48828125,"y":289},"upperLeft":{"x":430.0960693359375,"y":235}},"dockers":[{"x":86.7578125,"y":12},{"x":477.5,"y":289},{"x":477.5,"y":235},{"x":50,"y":40}],"target":{"resourceId":"oryx_2B86377E-A7DA-44CE-8D29-9262DBE8A438"}},{"resourceId":"oryx_D574C6F1-DB06-42C9-A7AD-DE12260B8DC6","properties":{"AreaVPath":"$IW_WORKAREA","Brief Description":"","Description":"Select the Dependent Files","Name":"List all the Dependencies","id":"List all the Dependencies","CSSclass":"Task","Owner":"$IW_USER","CGIScriptName":"/iw-cc/customer/workflow/checkdependency.jsp","Immediate":"true","Lock":"false","Readonly":"false","Transferonly":"false","Variables":"ImmediateTransition=true|NextTransition=Pages Selected|EndTransition=End Workflow","Eafinishop":"","Eastartop":"","Wfvarfinishop":"","Wfvarstartop":"","ActivationCount":"0","Status":"none","Valid":"none","BackgroundColor":"#c0c0c0","TaskType":"ItsCGITask"},"stencil":{"id":"CGITask"},"childShapes":[],"outgoing":[{"resourceId":"oryx_F89CF3A5-00ED-4AFC-ADFD-82C1412F7334"},{"resourceId":"oryx_72802BF9-04DC-4560-95EE-BC5B122C963E"}],"bounds":{"lowerRight":{"x":265,"y":350},"upperLeft":{"x":165,"y":270}},"dockers":[]},{"resourceId":"oryx_F89CF3A5-00ED-4AFC-ADFD-82C1412F7334","properties":{"Name":"Pages Selected","id":"Flow2","Type":"Default"},"stencil":{"id":"Flow"},"childShapes":[],"outgoing":[{"resourceId":"oryx_634F664C-A988-4E34-ADAB-B7153F33C768"}],"bounds":{"lowerRight":{"x":215,"y":269.15625},"upperLeft":{"x":215,"y":95.84375}},"dockers":[{"x":50,"y":40},{"x":50,"y":40}],"target":{"resourceId":"oryx_634F664C-A988-4E34-ADAB-B7153F33C768"}},{"resourceId":"oryx_AC818090-8EB6-40BC-A77C-F3111F3FD366","properties":{"AreaVPath":"$IW_WORKAREA","Brief Description":"","Description":"Convert SitePublisher Pages to HTMLs","Name":"Generate HTML","id":"Generate HTML","CSSclass":"Task","Owner":"$IW_USER","URI":"$IW_CV(URLExternalTask)","Retry":"true","Lock":"false","Readonly":"false","Transferonly":"false","Variables":"DestinationDirectory=html/deere|ImmediateTransition=true|Processor=com.interwoven.livesite.model.page.PostRenderingProcessor|Suffix=.html|TaskBeanId=workflow.task.HeadlessPageConversionTask|ClassName=com.interwoven.livesite.spring.workflow.task.DelegatingUrlExternalTaskProxy|BlackListLanguages=$IW_CV(BlackListLanguages)|BlackListPageLinks=$IW_CV(BlackListPageLinks)|BlackListBranchNames=$IW_CV(BlackListBranchNames)|BlackListFileFolderNames=$IW_CV(BlackListFileFolderNames)|UrlMappingFolderPath=$IW_CV(UrlMappingFolderPath)","Eafinishop":"","Eastartop":"","Wfvarfinishop":"","Wfvarstartop":"set:ErrorTaskName=Retry Generate HTML","ActivationCount":"0","Status":"none","Valid":"none","BackgroundColor":"#c0c0c0","TaskType":"ItsURLTask"},"stencil":{"id":"URLTask"},"childShapes":[],"outgoing":[{"resourceId":"oryx_F76EF74C-1950-4455-B822-B1575B32629C"},{"resourceId":"oryx_DA96CD83-D689-4532-B213-37A12168C6FA"}],"bounds":{"lowerRight":{"x":430,"y":104},"upperLeft":{"x":330,"y":24}},"dockers":[]},{"resourceId":"oryx_E8957390-4DE3-4122-B47C-B2B21FB0F495","properties":{"Name":"Success","id":"Flow4","Type":"Default"},"stencil":{"id":"Flow"},"childShapes":[],"outgoing":[{"resourceId":"oryx_AC818090-8EB6-40BC-A77C-F3111F3FD366"}],"bounds":{"lowerRight":{"x":329.845703125,"y":64},"upperLeft":{"x":265.62890625,"y":55}},"dockers":[{"x":50,"y":40},{"x":297.5,"y":55},{"x":297.5,"y":64},{"x":26.78125,"y":40}],"target":{"resourceId":"oryx_AC818090-8EB6-40BC-A77C-F3111F3FD366"}},{"resourceId":"oryx_F76EF74C-1950-4455-B822-B1575B32629C","properties":{"Name":"Generate HTML Failure","id":"Flow5","Type":"Default"},"stencil":{"id":"Flow"},"childShapes":[],"outgoing":[{"resourceId":"oryx_7A6EC499-AE14-4C64-A0CE-030AB4E3CFBC"}],"bounds":{"lowerRight":{"x":381,"y":276.7109375},"upperLeft":{"x":379,"y":104.8359375}},"dockers":[{"x":50,"y":79},{"x":50,"y":40}],"target":{"resourceId":"oryx_7A6EC499-AE14-4C64-A0CE-030AB4E3CFBC"}},{"resourceId":"oryx_2B86377E-A7DA-44CE-8D29-9262DBE8A438","properties":{"AreaVPath":"$IW_WORKAREA","Brief Description":"","Description":"Retry Error task","Name":"Retry Error task","id":"Retry Error task","CSSclass":"Task","Owner":"$IW_USER","URI":"$IW_CV(URLExternalTask)","Retry":"true","Lock":"false","Readonly":"false","Transferonly":"false","Variables":"ClassName=com.deere.livesite.workflow.RetryHandlerTask","Eafinishop":"","Eastartop":"","Wfvarfinishop":"","Wfvarstartop":"","ActivationCount":"0","Status":"none","Valid":"none","BackgroundColor":"#c0c0c0","TaskType":"ItsURLTask"},"stencil":{"id":"URLTask"},"childShapes":[],"outgoing":[{"resourceId":"oryx_8DE9203E-47A9-4FA8-8D23-FA7D53FE57E0"},{"resourceId":"oryx_BE60853D-2C3B-4EE7-8CBC-119041985F78"},{"resourceId":"oryx_EE012D5B-9E85-47B8-8A1B-1C88BB2B2B44"}],"bounds":{"lowerRight":{"x":625,"y":275},"upperLeft":{"x":525,"y":195}},"dockers":[]},{"resourceId":"oryx_8DE9203E-47A9-4FA8-8D23-FA7D53FE57E0","properties":{"Name":"Retry Generate HTML","id":"Flow8","Type":"Default"},"stencil":{"id":"Flow"},"childShapes":[],"outgoing":[{"resourceId":"oryx_AC818090-8EB6-40BC-A77C-F3111F3FD366"}],"bounds":{"lowerRight":{"x":537,"y":194.69921875},"upperLeft":{"x":430.82303494000274,"y":89}},"dockers":[{"x":12,"y":7.8125},{"x":537,"y":89},{"x":72.50341639529756,"y":65}],"target":{"resourceId":"oryx_AC818090-8EB6-40BC-A77C-F3111F3FD366"}},{"resourceId":"oryx_1AAC999F-D4D8-4F5C-89AA-F2983AD5AF83","properties":{"AreaVPath":"$IW_WORKAREA","Brief Description":"Deploy Files to Preview Webserver","Description":"Deploy Files to Preview Webserver","Name":"Preview Deployment","id":"Preview Deployment","CSSclass":"Task","Owner":"$IW_USER","DeployCommand":"http://$IW_SERVER/iw-cc/urlexternaltask","OD Variables":"imageWorkarea=$IW_CV(imageWorkarea)|targetPath=$IW_CV(targetPathPreview)|targetFragmentPath=$IW_CV(targetFragmentPathPreview)|sitesFolderPath=$IW_CV(sitesFolderPath)","Retry":"false","Lock":"false","Readonly":"false","Transferonly":"false","Variables":"ImmediateTransition=true|ClassName=com.deere.livesite.workflow.CustomDeploymentTask|odDeploymentInst=_preview_$IW_USER|odDeploymentName=preview_webserver_custom_deployment_withoutassets","Eafinishop":"","Eastartop":"","Wfvarfinishop":"","Wfvarstartop":"","ActivationCount":"0","Status":"none","Valid":"none","BackgroundColor":"#c0c0c0","TaskType":"ItsDeployTask"},"stencil":{"id":"DeployTask"},"childShapes":[],"outgoing":[{"resourceId":"oryx_AACA4760-D0CB-4184-AD65-9B69FED06D73"},{"resourceId":"oryx_A7082EDA-5AC9-4DBB-97BE-8EEBBED56743"}],"bounds":{"lowerRight":{"x":760,"y":95},"upperLeft":{"x":660,"y":15}},"dockers":[]},{"resourceId":"oryx_DA96CD83-D689-4532-B213-37A12168C6FA","properties":{"Name":"Generate HTML Success","id":"Flow10","Type":"Default"},"stencil":{"id":"Flow"},"childShapes":[],"outgoing":[{"resourceId":"oryx_1AAC999F-D4D8-4F5C-89AA-F2983AD5AF83"}],"bounds":{"lowerRight":{"x":659.2671221412635,"y":45},"upperLeft":{"x":430.9636130089219,"y":43}},"dockers":[{"x":99,"y":20},{"x":15.6849302840144,"y":29}],"target":{"resourceId":"oryx_1AAC999F-D4D8-4F5C-89AA-F2983AD5AF83"}},{"resourceId":"oryx_AACA4760-D0CB-4184-AD65-9B69FED06D73","properties":{"Name":"Preview Deployment Failure","id":"Flow13","Type":"Failure"},"stencil":{"id":"FailureLink"},"childShapes":[],"outgoing":[{"resourceId":"oryx_9C5D0226-82EE-4E7F-9D5C-2791F414E8D7"}],"bounds":{"lowerRight":{"x":711,"y":194.6953125},"upperLeft":{"x":709,"y":95.62109375}},"dockers":[{"x":50,"y":40},{"x":50,"y":67}],"target":{"resourceId":"oryx_9C5D0226-82EE-4E7F-9D5C-2791F414E8D7"}},{"resourceId":"oryx_44350768-98CE-4719-BBCF-3AEEE1997BB2","properties":{"Name":"Preview Deployment Failure Notification Sent","id":"Flow14","Type":"Default"},"stencil":{"id":"Flow"},"childShapes":[],"outgoing":[{"resourceId":"oryx_7A6EC499-AE14-4C64-A0CE-030AB4E3CFBC"}],"bounds":{"lowerRight":{"x":710,"y":405},"upperLeft":{"x":380,"y":275.84375}},"dockers":[{"x":50,"y":40},{"x":710,"y":405},{"x":380,"y":405},{"x":50,"y":40}],"target":{"resourceId":"oryx_7A6EC499-AE14-4C64-A0CE-030AB4E3CFBC"}},{"resourceId":"oryx_BE60853D-2C3B-4EE7-8CBC-119041985F78","properties":{"Name":"Retry Preview Deployment","id":"Flow15","Type":"Default"},"stencil":{"id":"Flow"},"childShapes":[],"outgoing":[{"resourceId":"oryx_1AAC999F-D4D8-4F5C-89AA-F2983AD5AF83"}],"bounds":{"lowerRight":{"x":660,"y":195},"upperLeft":{"x":575,"y":75}},"dockers":[{"x":50,"y":1},{"x":575,"y":75},{"x":1,"y":60}],"target":{"resourceId":"oryx_1AAC999F-D4D8-4F5C-89AA-F2983AD5AF83"}},{"resourceId":"oryx_9C5D0226-82EE-4E7F-9D5C-2791F414E8D7","properties":{"AreaVPath":"$IW_WORKAREA","Brief Description":"","Description":"Preview deployment a email","Name":"Preview deployment a email","id":"Preview deployment a email","CSSclass":"Task","Owner":"$IW_USER","EMailCommand":"http://$IW_SERVER/iw-cc/urlexternaltask","Retry":"true","Lock":"false","Readonly":"false","Transferonly":"false","Variables":"target_task_name=Preview Deployment Failure Notification Sent|mail_template=/iwadmin/main/config/STAGING/workflow/email/deere/AutomatedDeploymentFailureNotification.xsl|serverName=preview|ClassName=com.deere.livesite.authoring.workflow.acpw.task.AutomatedDeploymentFailureNotification|mail_subject=Content Publish Workflow - Deployment to Preview Server Failure Email - Job","Eafinishop":"","Eastartop":"","Wfvarfinishop":"","Wfvarstartop":"set:ErrorTaskName=Retry Preview Deployment","ActivationCount":"0","Status":"none","Valid":"none","BackgroundColor":"#c0c0c0","TaskType":"ItsEmailTask"},"stencil":{"id":"EmailTask"},"childShapes":[],"outgoing":[{"resourceId":"oryx_44350768-98CE-4719-BBCF-3AEEE1997BB2"}],"bounds":{"lowerRight":{"x":760,"y":275},"upperLeft":{"x":660,"y":195}},"dockers":[]},{"resourceId":"oryx_4AD8D4E5-E188-4791-A6D1-8D861D26ED68","properties":{"AreaVPath":"$IW_WORKAREA","Brief Description":"","Description":"Preview deployment success email","Name":"Preview deployment success email","id":"Preview deployment success email","CSSclass":"Task","Owner":"$IW_USER","EMailCommand":"http://$IW_SERVER/iw-cc/urlexternaltask","Retry":"true","Lock":"false","Readonly":"false","Transferonly":"false","Variables":"mail_template=/iwadmin/main/config/STAGING/workflow/email/deere/AutomatedDeploymentSuccessNotification.xsl|serverName=preview|target_task_name=Preview deployment success email sent|ClassName=com.deere.livesite.authoring.workflow.acpw.task.AutomatedDeploymentSuccessNotification|mail_subject=Content Publish Workflow - Deployment to Preview Server Success Email - Job","Eafinishop":"","Eastartop":"","Wfvarfinishop":"","Wfvarstartop":"","ActivationCount":"0","Status":"none","Valid":"none","BackgroundColor":"#c0c0c0","TaskType":"ItsEmailTask"},"stencil":{"id":"EmailTask"},"childShapes":[],"outgoing":[{"resourceId":"oryx_FE03A1DF-7AB1-480F-890C-82F8E9C947AC"}],"bounds":{"lowerRight":{"x":940,"y":95},"upperLeft":{"x":840,"y":15}},"dockers":[]},{"resourceId":"oryx_A7082EDA-5AC9-4DBB-97BE-8EEBBED56743","properties":{"Name":"Preview Deployment Success","id":"Flow20","Type":"Success"},"stencil":{"id":"SuccessLink"},"childShapes":[],"outgoing":[{"resourceId":"oryx_4AD8D4E5-E188-4791-A6D1-8D861D26ED68"}],"bounds":{"lowerRight":{"x":839.78125,"y":56},"upperLeft":{"x":760.21875,"y":54}},"dockers":[{"x":50,"y":40},{"x":50,"y":40}],"target":{"resourceId":"oryx_4AD8D4E5-E188-4791-A6D1-8D861D26ED68"}},{"resourceId":"oryx_61C5CF05-B1B7-46D5-9F4B-2CEF9A92984F","properties":{"AreaVPath":"$IW_WORKAREA","Brief Description":"","Description":"Preview deployment success email","Name":"Production Deployment Check Task","id":"Production Deployment Check Task","CSSclass":"Task","Owner":"$IW_USER","URI":"$IW_CV(URLExternalTask)","Retry":"true","Lock":"false","Readonly":"false","Transferonly":"false","Variables":"ClassName=com.deere.livesite.workflow.ProductionDeploymentCheckTask|SuccessTransition=Deployed To Production|FailureTransition=Not Deployed To Production|DeployedThrough=$IW_CV(DeployedThrough)|PreviewOnly=$IW_CV(PreviewOnly)","Eafinishop":"","Eastartop":"","Wfvarfinishop":"","Wfvarstartop":"","ActivationCount":"0","Status":"none","Valid":"none","BackgroundColor":"#c0c0c0","TaskType":"ItsURLTask"},"stencil":{"id":"URLTask"},"childShapes":[],"outgoing":[{"resourceId":"oryx_F9BBE29E-7605-4754-ABB3-A48604BDCA0E"},{"resourceId":"oryx_BEF97ED6-3662-4513-A76D-5DB0E5910C30"},{"resourceId":"oryx_5059E603-624C-4872-9FDC-257DFC280327"}],"bounds":{"lowerRight":{"x":940,"y":365},"upperLeft":{"x":840,"y":285}},"dockers":[]},{"resourceId":"oryx_FE03A1DF-7AB1-480F-890C-82F8E9C947AC","properties":{"Name":"Preview deployment success email sent","id":"Flow22","Type":"Default"},"stencil":{"id":"Flow"},"childShapes":[],"outgoing":[{"resourceId":"oryx_579AB4CB-FD08-4C72-9B40-17E5329B0A1E"}],"bounds":{"lowerRight":{"x":891,"y":164.15625},"upperLeft":{"x":889,"y":95.84375}},"dockers":[{"x":50,"y":40},{"x":50,"y":40}],"target":{"resourceId":"oryx_579AB4CB-FD08-4C72-9B40-17E5329B0A1E"}},{"resourceId":"oryx_DB24236F-A3EB-4102-B49F-ED789B218668","properties":{"Name":"End","id":"End","Brief Description":"","Eafinishop":"","Eastartop":"","Wfvarfinishop":"","Wfvarstartop":"","CSSclass":"Event"},"stencil":{"id":"End"},"childShapes":[],"outgoing":[],"bounds":{"lowerRight":{"x":1204,"y":124},"upperLeft":{"x":1170,"y":90}},"dockers":[]},{"resourceId":"oryx_F9BBE29E-7605-4754-ABB3-A48604BDCA0E","properties":{"Name":"Deploy To Preview Only","id":"Flow24","Type":"Default"},"stencil":{"id":"Flow"},"childShapes":[],"outgoing":[{"resourceId":"oryx_DB24236F-A3EB-4102-B49F-ED789B218668"}],"bounds":{"lowerRight":{"x":1176.6439567847372,"y":325},"upperLeft":{"x":940.453125,"y":120.5923067200325}},"dockers":[{"x":50,"y":40},{"x":1101,"y":325},{"x":1091,"y":233},{"x":17,"y":17}],"target":{"resourceId":"oryx_DB24236F-A3EB-4102-B49F-ED789B218668"}},{"resourceId":"oryx_579AB4CB-FD08-4C72-9B40-17E5329B0A1E","properties":{"AreaVPath":"$IW_WORKAREA","Brief Description":"","Description":"Submit Files to Teamsite afteraPreview Deployment","Name":"Submit Files to Teamsite afteraPreview Deployment","id":"Submit Files to Teamsite afteraPreview Deployment","CSSclass":"Task","Owner":"$IW_USER","SubmitComment":"","SubmitInfo":"","Override":"false","Save Comments":"false","Skip Conflicts":"false","Skip Locked":"false","Unlock":"false","Variables":"","Eafinishop":"","Eastartop":"","Wfvarfinishop":"","Wfvarstartop":"","ActivationCount":"0","Status":"none","Valid":"none","BackgroundColor":"#c0c0c0","TaskType":"ItsSubmitTask"},"stencil":{"id":"SubmitTask"},"childShapes":[],"outgoing":[{"resourceId":"oryx_37C78D35-D531-4652-905F-67300D4790F9"}],"bounds":{"lowerRight":{"x":940,"y":245},"upperLeft":{"x":840,"y":165}},"dockers":[]},{"resourceId":"oryx_37C78D35-D531-4652-905F-67300D4790F9","properties":{"Name":"Submit Files To Teamsite Sucess","id":"Flow27","Type":"Default"},"stencil":{"id":"Flow"},"childShapes":[],"outgoing":[{"resourceId":"oryx_61C5CF05-B1B7-46D5-9F4B-2CEF9A92984F"}],"bounds":{"lowerRight":{"x":891,"y":284.625},"upperLeft":{"x":889,"y":245.375}},"dockers":[{"x":50,"y":40},{"x":50,"y":40}],"target":{"resourceId":"oryx_61C5CF05-B1B7-46D5-9F4B-2CEF9A92984F"}},{"resourceId":"oryx_BEF97ED6-3662-4513-A76D-5DB0E5910C30","properties":{"Name":"Deployed To Production","id":"Flow29","Type":"Default"},"stencil":{"id":"Flow"},"childShapes":[],"outgoing":[{"resourceId":"oryx_5DFD9F8A-7586-410F-8765-BBE8FCD7969C"}],"bounds":{"lowerRight":{"x":898.2452961984748,"y":392.14026904472337},"upperLeft":{"x":894.9617350515252,"y":365.40269970527663}},"dockers":[{"x":50,"y":40},{"x":20.5,"y":20.5}],"target":{"resourceId":"oryx_5DFD9F8A-7586-410F-8765-BBE8FCD7969C"}},{"resourceId":"oryx_F290F097-39DB-412C-8B56-4011AC125405","properties":{"AreaVPath":"$IW_WORKAREA","Brief Description":"Deploy Files to Prod Webserver","Description":"","Name":"Production Deployment","id":"Production Deployment","CSSclass":"Task","Owner":"$IW_USER","DeployCommand":"http://$IW_SERVER/iw-cc/urlexternaltask","OD Variables":"imageWorkarea=$IW_CV(imageWorkarea)|targetPath=$IW_CV(targetPathProd)|targetFragmentPath=$IW_CV(targetFragmentPathProd)|sitesFolderPath=$IW_CV(sitesFolderPath)","Retry":"false","Lock":"false","Readonly":"false","Transferonly":"false","Variables":"ImmediateTransition=true|ClassName=com.deere.livesite.workflow.CustomDeploymentTask|odDeploymentInst=_prod_$IW_USER|odDeploymentName=webserver_custom_deployment_withoutassets","Eafinishop":"","Eastartop":"","Wfvarfinishop":"","Wfvarstartop":"","ActivationCount":"0","Status":"none","Valid":"none","BackgroundColor":"#c0c0c0","TaskType":"ItsDeployTask"},"stencil":{"id":"DeployTask"},"childShapes":[],"outgoing":[{"resourceId":"oryx_D6F4FFE8-E9BD-467D-9515-0C736E938176"},{"resourceId":"oryx_053DA800-508F-4337-930F-7C47FF32CB76"}],"bounds":{"lowerRight":{"x":850,"y":515},"upperLeft":{"x":750,"y":435}},"dockers":[]},{"resourceId":"oryx_EDF7B64F-C6D4-4577-9319-24A4C70D5C12","properties":{"AreaVPath":"$IW_WORKAREA","Brief Description":"","Description":"","Name":"Prod Deployment Success Notification","id":"Prod Deployment Success Notification","CSSclass":"Task","Owner":"$IW_USER","EMailCommand":"http://$IW_SERVER/iw-cc/urlexternaltask","Retry":"true","Lock":"false","Readonly":"false","Transferonly":"false","Variables":"target_task_name=Prod Deployment Success Notification Sent|serverName=prod|mail_subject=Content Publish Workflow - Deployment to Production Server Success Email - Job|mail_template=/iwadmin/main/config/STAGING/workflow/email/deere/AutomatedDeploymentSuccessNotification.xsl|ClassName=com.deere.livesite.authoring.workflow.acpw.task.AutomatedDeploymentSuccessNotification","Eafinishop":"","Eastartop":"","Wfvarfinishop":"","Wfvarstartop":"","ActivationCount":"0","Status":"none","Valid":"none","BackgroundColor":"#c0c0c0","TaskType":"ItsEmailTask"},"stencil":{"id":"EmailTask"},"childShapes":[],"outgoing":[{"resourceId":"oryx_CF582183-8931-445A-8E91-1833E1F02F97"}],"bounds":{"lowerRight":{"x":850,"y":650},"upperLeft":{"x":750,"y":570}},"dockers":[]},{"resourceId":"oryx_D6F4FFE8-E9BD-467D-9515-0C736E938176","properties":{"Name":"Prod Deployment Success","id":"Flow33","Type":"Success"},"stencil":{"id":"SuccessLink"},"childShapes":[],"outgoing":[{"resourceId":"oryx_EDF7B64F-C6D4-4577-9319-24A4C70D5C12"}],"bounds":{"lowerRight":{"x":801,"y":569.9765625},"upperLeft":{"x":799,"y":515.0234375}},"dockers":[{"x":50,"y":40},{"x":50,"y":40}],"target":{"resourceId":"oryx_EDF7B64F-C6D4-4577-9319-24A4C70D5C12"}},{"resourceId":"oryx_F44190FC-6CCF-44DC-A8B7-324BAAA36461","properties":{"AreaVPath":"$IW_WORKAREA","Brief Description":"","Description":"Prod Deployment Failure Notification","Name":"Prod Deployment Failure Notification","id":"Prod Deployment Failure Notification","CSSclass":"Task","Owner":"$IW_USER","EMailCommand":"http://$IW_SERVER/iw-cc/urlexternaltask","Retry":"true","Lock":"false","Readonly":"false","Transferonly":"false","Variables":"target_task_name=Prod Deployment Failure Notification Sent|serverName=prod|ClassName=com.deere.livesite.authoring.workflow.acpw.task.AutomatedDeploymentFailureNotification|mail_subject=Content Publish Workflow - Deployment to Production Server Failure Email - Job|mail_template=/iwadmin/main/config/STAGING/workflow/email/deere/AutomatedDeploymentFailureNotification.xsl","Eafinishop":"","Eastartop":"","Wfvarfinishop":"","Wfvarstartop":"set:ErrorTaskName=Retry Production Deployment","ActivationCount":"0","Status":"none","Valid":"none","BackgroundColor":"#c0c0c0","TaskType":"ItsEmailTask"},"stencil":{"id":"EmailTask"},"childShapes":[],"outgoing":[{"resourceId":"oryx_3ED41D09-F3AE-465D-BAC8-565DBF99000A"}],"bounds":{"lowerRight":{"x":625,"y":515},"upperLeft":{"x":525,"y":435}},"dockers":[]},{"resourceId":"oryx_053DA800-508F-4337-930F-7C47FF32CB76","properties":{"Name":"Prod Deployment Failure","id":"Flow36","Type":"Failure"},"stencil":{"id":"FailureLink"},"childShapes":[],"outgoing":[{"resourceId":"oryx_F44190FC-6CCF-44DC-A8B7-324BAAA36461"}],"bounds":{"lowerRight":{"x":749.78125,"y":476},"upperLeft":{"x":625.21875,"y":474}},"dockers":[{"x":50,"y":40},{"x":50,"y":40}],"target":{"resourceId":"oryx_F44190FC-6CCF-44DC-A8B7-324BAAA36461"}},{"resourceId":"oryx_3ED41D09-F3AE-465D-BAC8-565DBF99000A","properties":{"Name":"Prod Deployment Failure Notification Sent","id":"Flow37","Type":"Default"},"stencil":{"id":"Flow"},"childShapes":[],"outgoing":[{"resourceId":"oryx_7A6EC499-AE14-4C64-A0CE-030AB4E3CFBC"}],"bounds":{"lowerRight":{"x":524.15625,"y":475},"upperLeft":{"x":355,"y":357.9296875}},"dockers":[{"x":50,"y":40},{"x":355,"y":475},{"x":25,"y":79}],"target":{"resourceId":"oryx_7A6EC499-AE14-4C64-A0CE-030AB4E3CFBC"}},{"resourceId":"oryx_CF582183-8931-445A-8E91-1833E1F02F97","properties":{"Name":"Prod Deployment Success Notification Sent","id":"Flow38","Type":"Default"},"stencil":{"id":"Flow"},"childShapes":[],"outgoing":[{"resourceId":"oryx_DB24236F-A3EB-4102-B49F-ED789B218668"}],"bounds":{"lowerRight":{"x":1187,"y":610},"upperLeft":{"x":850.88671875,"y":124.701171875}},"dockers":[{"x":50,"y":40},{"x":1187,"y":610},{"x":17,"y":17}],"target":{"resourceId":"oryx_DB24236F-A3EB-4102-B49F-ED789B218668"}},{"resourceId":"oryx_5059E603-624C-4872-9FDC-257DFC280327","properties":{"Name":"Not Deployed To Production","id":"Flow39","Type":"Default"},"stencil":{"id":"Flow"},"childShapes":[],"outgoing":[{"resourceId":"oryx_7A6EC499-AE14-4C64-A0CE-030AB4E3CFBC"}],"bounds":{"lowerRight":{"x":839.1955009658893,"y":344.96496118380367},"upperLeft":{"x":430.8044990341107,"y":337.03503881619633}},"dockers":[{"x":1,"y":60},{"x":99,"y":60}],"target":{"resourceId":"oryx_7A6EC499-AE14-4C64-A0CE-030AB4E3CFBC"}},{"resourceId":"oryx_EE012D5B-9E85-47B8-8A1B-1C88BB2B2B44","properties":{"Name":"Retry Production Deployment","id":"Flow40","Type":"Default"},"stencil":{"id":"Flow"},"childShapes":[],"outgoing":[{"resourceId":"oryx_F290F097-39DB-412C-8B56-4011AC125405"}],"bounds":{"lowerRight":{"x":800,"y":434.5546875},"upperLeft":{"x":575,"y":275.65625}},"dockers":[{"x":50,"y":40},{"x":575,"y":376},{"x":800,"y":376},{"x":50,"y":40}],"target":{"resourceId":"oryx_F290F097-39DB-412C-8B56-4011AC125405"}},{"resourceId":"oryx_72802BF9-04DC-4560-95EE-BC5B122C963E","properties":{"Name":"End Workflow","id":"Flow11","Type":"Default"},"stencil":{"id":"Flow"},"childShapes":[],"outgoing":[{"resourceId":"oryx_DB24236F-A3EB-4102-B49F-ED789B218668"}],"bounds":{"lowerRight":{"x":1169.7578125,"y":310},"upperLeft":{"x":265.8046875,"y":107}},"dockers":[{"x":50,"y":40},{"x":725,"y":310},{"x":725,"y":107},{"x":17,"y":17}],"target":{"resourceId":"oryx_DB24236F-A3EB-4102-B49F-ED789B218668"}},{"resourceId":"oryx_E52AD9EF-50ED-4C14-916F-5A5DC74BB8DD","properties":{"AreaVPath":"$IW_WORKAREA","Brief Description":"Review Files for production deployment.","Description":"This is a group task to review files for production deployment.","Name":"Review Files","id":"Review Files","CSSclass":"Task","Shared by":"Groups=$IW_CV(ReviewerGroup)","Retain Owner":"false","Lock":"false","Readonly":"true","Transferonly":"false","Variables":"","Eafinishop":"","Eastartop":"","Wfvarfinishop":"","Wfvarstartop":"","ActivationCount":"0","Status":"none","Valid":"none","BackgroundColor":"#c0c0c0","TaskType":"ItsGroupTask"},"stencil":{"id":"GroupTask"},"childShapes":[],"outgoing":[{"resourceId":"oryx_6D9A320C-AC23-44BA-9875-BAE308671457"},{"resourceId":"oryx_19770C93-CBBB-479F-87DC-43C71F3D1194"}],"bounds":{"lowerRight":{"x":1120,"y":515},"upperLeft":{"x":1020,"y":435}},"dockers":[]},{"resourceId":"oryx_5DFD9F8A-7586-410F-8765-BBE8FCD7969C","properties":{"Name":"OR Gateway1","id":"OR Gateway1","GatewayType":"OR"},"stencil":{"id":"OR"},"childShapes":[],"outgoing":[{"resourceId":"oryx_8CF35137-028C-43E9-955A-74B17319308D"},{"resourceId":"oryx_909F29E7-02DD-4B91-AFF3-BE5828D35DFA"}],"bounds":{"lowerRight":{"x":920,"y":430},"upperLeft":{"x":880,"y":390}},"dockers":[]},{"resourceId":"oryx_8CF35137-028C-43E9-955A-74B17319308D","properties":{"Name":"Review","id":"Flow16","Type":"Conditional","Expression":"$IW_SCRIPT(ReviewFlagIsTrue)"},"stencil":{"id":"ConditionalLink"},"childShapes":[],"outgoing":[{"resourceId":"oryx_E52AD9EF-50ED-4C14-916F-5A5DC74BB8DD"}],"bounds":{"lowerRight":{"x":1070,"y":434.6953125},"upperLeft":{"x":920.0390625,"y":410.5}},"dockers":[{"x":20.5,"y":20.5},{"x":1070,"y":410.5},{"x":50,"y":40}],"target":{"resourceId":"oryx_E52AD9EF-50ED-4C14-916F-5A5DC74BB8DD"}},{"resourceId":"oryx_909F29E7-02DD-4B91-AFF3-BE5828D35DFA","properties":{"Name":"No Review","id":"Flow17","Type":"Conditional","Expression":"$IW_SCRIPT(ReviewFlagIsFalse)"},"stencil":{"id":"ConditionalLink"},"childShapes":[],"outgoing":[{"resourceId":"oryx_F290F097-39DB-412C-8B56-4011AC125405"}],"bounds":{"lowerRight":{"x":900.5,"y":475},"upperLeft":{"x":850.46484375,"y":430.6484375}},"dockers":[{"x":20.5,"y":20.5},{"x":900.5,"y":475},{"x":50,"y":40}],"target":{"resourceId":"oryx_F290F097-39DB-412C-8B56-4011AC125405"}},{"resourceId":"oryx_6D9A320C-AC23-44BA-9875-BAE308671457","properties":{"Name":"Approve","id":"Flow1","Type":"Default"},"stencil":{"id":"Flow"},"childShapes":[],"outgoing":[{"resourceId":"oryx_F290F097-39DB-412C-8B56-4011AC125405"}],"bounds":{"lowerRight":{"x":1019.3839607773912,"y":497},"upperLeft":{"x":850.1416031230309,"y":495}},"dockers":[{"x":13.291676178473608,"y":61},{"x":63,"y":61}],"target":{"resourceId":"oryx_F290F097-39DB-412C-8B56-4011AC125405"}},{"resourceId":"oryx_D57B28E9-B436-4F2F-ABA4-D3CA55374A06","properties":{"AreaVPath":"$IW_WORKAREA","Brief Description":"Review Files for production deployment.","Description":"This task is to send email for revising the files.","Name":"Revision Notification Email","id":"Revision Notification Email","CSSclass":"Task","Owner":"$IW_USER","EMailCommand":"http://$IW_SERVER/iw-cc/urlexternaltask","Retry":"true","Lock":"false","Readonly":"false","Transferonly":"false","Variables":"mail_template=/iwadmin/main/config/STAGING/workflow/email/deere/AutomatedDeploymentRevisionNotification.xsl|ClassName=com.deere.livesite.authoring.workflow.acpw.task.AutomatedDeploymentFailureNotification|target_task_name=Revision Notification Email Success|serverName=preview|mail_subject=Content Publish Workflow - Revision Notification Email","Eafinishop":"","Eastartop":"","Wfvarfinishop":"","Wfvarstartop":"","ActivationCount":"0","Status":"none","Valid":"none","BackgroundColor":"#c0c0c0","TaskType":"ItsEmailTask"},"stencil":{"id":"EmailTask"},"childShapes":[],"outgoing":[{"resourceId":"oryx_1D5A5B38-2A4C-4AFC-AB23-83F7D7A3EA7D"}],"bounds":{"lowerRight":{"x":1120,"y":710},"upperLeft":{"x":1020,"y":630}},"dockers":[]},{"resourceId":"oryx_19770C93-CBBB-479F-87DC-43C71F3D1194","properties":{"Name":"Reject","id":"Flow6","Type":"Default"},"stencil":{"id":"Flow"},"childShapes":[],"outgoing":[{"resourceId":"oryx_D57B28E9-B436-4F2F-ABA4-D3CA55374A06"}],"bounds":{"lowerRight":{"x":1071,"y":629.390625},"upperLeft":{"x":1069,"y":515.609375}},"dockers":[{"x":50,"y":40},{"x":50,"y":40}],"target":{"resourceId":"oryx_D57B28E9-B436-4F2F-ABA4-D3CA55374A06"}},{"resourceId":"oryx_B8C605D9-0625-48B8-BAE4-CC146F41C161","properties":{"AreaVPath":"$IW_WORKAREA","Brief Description":"","Description":"This is a user task to revise the files.","Name":"Revise Files","id":"Revise Files","Eafinishop":"","Eastartop":"","Wfvarfinishop":"","Wfvarstartop":"","Lock":"false","Readonly":"false","Transferonly":"false","Owner":"$IW_USER","Variables":"","CSSclass":"Task","ActivationCount":"0","Status":"none","Valid":"none","BackgroundColor":"#c0c0c0","TaskType":"ItsUserTask"},"stencil":{"id":"UserTask"},"childShapes":[],"outgoing":[{"resourceId":"oryx_CB5553E4-9129-481C-A2FE-41027CC03E1D"}],"bounds":{"lowerRight":{"x":265,"y":710},"upperLeft":{"x":165,"y":630}},"dockers":[]},{"resourceId":"oryx_1D5A5B38-2A4C-4AFC-AB23-83F7D7A3EA7D","properties":{"Name":"Revision Notification Email Success","id":"Flow9","Type":"Default"},"stencil":{"id":"Flow"},"childShapes":[],"outgoing":[{"resourceId":"oryx_B8C605D9-0625-48B8-BAE4-CC146F41C161"}],"bounds":{"lowerRight":{"x":1019.7373046875,"y":671},"upperLeft":{"x":265.2626953125,"y":669}},"dockers":[{"x":50,"y":40},{"x":50,"y":40}],"target":{"resourceId":"oryx_B8C605D9-0625-48B8-BAE4-CC146F41C161"}},{"resourceId":"oryx_CB5553E4-9129-481C-A2FE-41027CC03E1D","properties":{"Name":"Files Revised","id":"Flow12","Type":"Default"},"stencil":{"id":"Flow"},"childShapes":[],"outgoing":[{"resourceId":"oryx_D574C6F1-DB06-42C9-A7AD-DE12260B8DC6"}],"bounds":{"lowerRight":{"x":216,"y":629.625},"upperLeft":{"x":214,"y":350.375}},"dockers":[{"x":50,"y":40},{"x":50,"y":40}],"target":{"resourceId":"oryx_D574C6F1-DB06-42C9-A7AD-DE12260B8DC6"}},{"resourceId":"oryx_634F664C-A988-4E34-ADAB-B7153F33C768","properties":{"AreaVPath":"$IW_WORKAREA","Brief Description":"","Description":"","Name":"Check for Locks","id":"Check for Locks","CSSclass":"Task","Owner":"$IW_USER","CGIScriptName":"/iw-cc/customer/workflow/file_locks_review.jsp","Immediate":"true","Lock":"false","Readonly":"false","Transferonly":"false","Variables":"","Eafinishop":"","Eastartop":"","Wfvarfinishop":"","Wfvarstartop":"","ActivationCount":"0","Status":"none","Valid":"none","BackgroundColor":"#c0c0c0","TaskType":"ItsCGITask"},"stencil":{"id":"CGITask"},"childShapes":[],"outgoing":[{"resourceId":"oryx_E8957390-4DE3-4122-B47C-B2B21FB0F495"},{"resourceId":"oryx_791AD455-BACB-418E-8515-F8E437EB2E64"}],"bounds":{"lowerRight":{"x":265,"y":95},"upperLeft":{"x":165,"y":15}},"dockers":[]},{"resourceId":"oryx_A8C7CD9E-DB8E-4EBB-9DB2-EEFE9BF7DB30","properties":{"AreaVPath":"$IW_WORKAREA","Brief Description":"","Description":"","Name":"Unlock the files manually","id":"Unlock the files manually","Eafinishop":"","Eastartop":"","Wfvarfinishop":"","Wfvarstartop":"","Lock":"false","Readonly":"false","Transferonly":"false","Owner":"$IW_USER","Variables":"","CSSclass":"Task","ActivationCount":"0","Status":"none","Valid":"none","BackgroundColor":"#c0c0c0","TaskType":"ItsUserTask"},"stencil":{"id":"UserTask"},"childShapes":[],"outgoing":[{"resourceId":"oryx_F18A75C2-8088-405C-BBF1-F829BE9E8CC6"}],"bounds":{"lowerRight":{"x":125,"y":104},"upperLeft":{"x":25,"y":24}},"dockers":[]},{"resourceId":"oryx_791AD455-BACB-418E-8515-F8E437EB2E64","properties":{"Name":"Failure","id":"Flow21","Type":"Default"},"stencil":{"id":"Flow"},"childShapes":[],"outgoing":[{"resourceId":"oryx_A8C7CD9E-DB8E-4EBB-9DB2-EEFE9BF7DB30"}],"bounds":{"lowerRight":{"x":164.78330994394966,"y":60.771784210682476},"upperLeft":{"x":125.21669005605034,"y":58.228215789317524}},"dockers":[{"x":50,"y":40},{"x":50,"y":40}],"target":{"resourceId":"oryx_A8C7CD9E-DB8E-4EBB-9DB2-EEFE9BF7DB30"}},{"resourceId":"oryx_F18A75C2-8088-405C-BBF1-F829BE9E8CC6","properties":{"Name":"Cancel","id":"Flow23","Type":"Default"},"stencil":{"id":"Flow"},"childShapes":[],"outgoing":[{"resourceId":"oryx_DB24236F-A3EB-4102-B49F-ED789B218668"}],"bounds":{"lowerRight":{"x":1169.419921875,"y":126},"upperLeft":{"x":75,"y":104.71875}},"dockers":[{"x":50,"y":40},{"x":75,"y":126},{"x":534,"y":107},{"x":17,"y":17}],"target":{"resourceId":"oryx_DB24236F-A3EB-4102-B49F-ED789B218668"}}],"bounds":{"lowerRight":{"x":1485,"y":1050},"upperLeft":{"x":0,"y":0}},"stencilset":{"url":"/iw-wfm/editor/stencilsets/iwov_process_model/iwovprocessmodels.json","namespace":"http://autonomy.com/stencilset/iwovwfm#"},"ssextensions":[],"modelVariables":[{"TaskId":"Workflow Properties1","PropertyName":"VAVariables","VariableId":"ID","VariableValue":{"type":"$IW_CV","value":{"id":"ID","label":"Test","defaultValue":"Test","description":"","isHidden":false,"isReadOnly":false}},"TaskType":"ModelProperties","isDeleted":""},{"TaskId":"Generate HTML","PropertyName":"URI","VariableId":"URLExternalTask","VariableValue":"","TaskType":"URLTask","isDeleted":""},{"TaskId":"Generate HTML","PropertyName":"Variables","VariableId":"BlackListLanguages","VariableValue":"","TaskType":"URLTask","isDeleted":""},{"TaskId":"Generate HTML","PropertyName":"Variables","VariableId":"BlackListPageLinks","VariableValue":"","TaskType":"URLTask","isDeleted":""},{"TaskId":"Generate HTML","PropertyName":"Variables","VariableId":"BlackListBranchNames","VariableValue":"","TaskType":"URLTask","isDeleted":""},{"TaskId":"Generate HTML","PropertyName":"Variables","VariableId":"BlackListFileFolderNames","VariableValue":"","TaskType":"URLTask","isDeleted":""},{"TaskId":"Generate HTML","PropertyName":"Variables","VariableId":"UrlMappingFolderPath","VariableValue":"","TaskType":"URLTask","isDeleted":""},{"TaskId":"Retry Error task","PropertyName":"URI","VariableId":"URLExternalTask","VariableValue":"","TaskType":"URLTask","isDeleted":""},{"TaskId":"Workflow Properties1","PropertyName":"Global Variables","VariableId":"URLExternalTask","VariableValue":{"type":"$IW_CV","value":{"id":"URLExternalTask","label":"URLExternalTask","defaultValue":"http://localhost:80/iw-cc/urlexternaltask","description":"","isHidden":true,"isReadOnly":true}},"TaskType":"ModelProperties","isDeleted":""},{"TaskId":"Workflow Properties1","PropertyName":"Global Variables","VariableId":"BlackListFileFolderNames","VariableValue":{"type":"$IW_CV","value":{"id":"BlackListFileFolderNames","label":"Black List File Names Or Folder Names","defaultValue":"index,fragment-accessories-attachments,fragment-carousel-related-products,fragment-model-listing,fragment-specifications,fragment-special-offer-expand-collapse-section,fragment-special-offer-detail-card,offers-json,pim_data,products-json,products,subcategories-json,subcategories,fragment-features,offers,fragment-series-model-listing,compare,includes,head-injection,header,footer,cybo-header","description":"Comma separated list of file name or folder names that do not require URL translation.","isHidden":true,"isReadOnly":true}},"TaskType":"ModelProperties","isDeleted":""},{"TaskId":"Workflow Properties1","PropertyName":"Global Variables","VariableId":"BlackListBranchNames","VariableValue":{"type":"$IW_CV","value":{"id":"BlackListBranchNames","label":"Black List Branch Names","defaultValue":"Assets,privacy-and-data","description":"Comma separated list of branch names that do not require URL translation.","isHidden":true,"isReadOnly":true}},"TaskType":"ModelProperties","isDeleted":""},{"TaskId":"Workflow Properties1","PropertyName":"Global Variables","VariableId":"BlackListPageLinks","VariableValue":{"type":"$IW_CV","value":{"id":"BlackListPageLinks","label":"Black List Page Links","defaultValue":".*/website/json/mapping/.*","description":"Comma separated list of page link patterns that do not require translation.","isHidden":true,"isReadOnly":true}},"TaskType":"ModelProperties","isDeleted":""},{"TaskId":"Workflow Properties1","PropertyName":"Global Variables","VariableId":"BlackListLanguages","VariableValue":{"type":"$IW_CV","value":{"id":"BlackListLanguages","label":"Black List Languages","defaultValue":"en","description":"Comma separated list of Languages which do not require the translation.","isHidden":true,"isReadOnly":true}},"TaskType":"ModelProperties","isDeleted":""},{"TaskId":"Workflow Properties1","PropertyName":"Global Variables","VariableId":"UrlMappingFolderPath","VariableValue":{"type":"$IW_CV","value":{"id":"UrlMappingFolderPath","label":"UrlMappingFolderPath","defaultValue":"","description":"","isHidden":false,"isReadOnly":false}},"TaskType":"ModelProperties","isDeleted":""},{"TaskId":"Workflow Properties1","PropertyName":"Global Variables","VariableId":"PreviewOnly","VariableValue":{"type":"$IW_CV","value":{"id":"PreviewOnly","label":"Preview Only","defaultValue":"false","description":"\nDeployment To Preview Environment Flag","isHidden":true,"isReadOnly":true}},"TaskType":"ModelProperties","isDeleted":""},{"TaskId":"Workflow Properties1","PropertyName":"Global Variables","VariableId":"DeployedThrough","VariableValue":{"type":"$IW_CV","value":{"id":"DeployedThrough","label":"DeployedThrough","defaultValue":"TeamSite","description":"Variable from where the workflow started. Default value is TeamSite","isHidden":true,"isReadOnly":true}},"TaskType":"ModelProperties","isDeleted":""},{"TaskId":"Production Deployment Check Task","PropertyName":"Variables","VariableId":"DeployedThrough","VariableValue":"","TaskType":"URLTask","isDeleted":""},{"TaskId":"Production Deployment Check Task","PropertyName":"Variables","VariableId":"PreviewOnly","VariableValue":"","TaskType":"URLTask","isDeleted":""},{"TaskId":"Production Deployment Check Task","PropertyName":"URI","VariableId":"URLExternalTask","VariableValue":"","TaskType":"URLTask","isDeleted":""},{"TaskId":"Workflow Properties1","PropertyName":"Global Variables","VariableId":"imageWorkarea","VariableValue":{"type":"$IW_CV","value":{"id":"imageWorkarea","label":"Image WorkArea","defaultValue":"/iwmnt/default/main/deere/Assets/WORKAREA/shared","description":"Path to the Image Workarea.","isHidden":true,"isReadOnly":true}},"TaskType":"ModelProperties","isDeleted":""},{"TaskId":"Workflow Properties1","PropertyName":"Global Variables","VariableId":"targetPathPreview","VariableValue":{"type":"$IW_CV","value":{"id":"targetPathPreview","label":"Target Path Preview","defaultValue":"/wwwpreview/deere","description":"Path for file deployment in preview server.","isHidden":true,"isReadOnly":true}},"TaskType":"ModelProperties","isDeleted":""},{"TaskId":"Workflow Properties1","PropertyName":"Global Variables","VariableId":"targetFragmentPathPreview","VariableValue":{"type":"$IW_CV","value":{"id":"targetFragmentPathPreview","label":"Target Fragment Path Preview","defaultValue":"/wwwpreview/deere/html","description":"Path on preview web server for the deployment of files under sites folder in Teamsite.","isHidden":true,"isReadOnly":true}},"TaskType":"ModelProperties","isDeleted":""},{"TaskId":"Workflow Properties1","PropertyName":"Global Variables","VariableId":"targetPathProd","VariableValue":{"type":"$IW_CV","value":{"id":"targetPathProd","label":"Target Path Prod","defaultValue":"/wwwpub/deere","description":"Path for file deployment on production server.","isHidden":true,"isReadOnly":true}},"TaskType":"ModelProperties","isDeleted":""},{"TaskId":"Workflow Properties1","PropertyName":"Global Variables","VariableId":"targetFragmentPathProd","VariableValue":{"type":"$IW_CV","value":{"id":"targetFragmentPathProd","label":"Target Fragment Path Prod","defaultValue":"/wwwpub/deere/html","description":"Path on production web server for the deployment of files under sites folder in Teamsite.","isHidden":true,"isReadOnly":true}},"TaskType":"ModelProperties","isDeleted":""},{"TaskId":"Preview Deployment","PropertyName":"OD Variables","VariableId":"imageWorkarea","VariableValue":"","TaskType":"DeployTask","isDeleted":""},{"TaskId":"Preview Deployment","PropertyName":"OD Variables","VariableId":"targetPathPreview","VariableValue":"","TaskType":"DeployTask","isDeleted":""},{"TaskId":"Preview Deployment","PropertyName":"OD Variables","VariableId":"targetFragmentPathPreview","VariableValue":"","TaskType":"DeployTask","isDeleted":""},{"TaskId":"Workflow Properties1","PropertyName":"Global Variables","VariableId":"sitesFolderPath","VariableValue":{"type":"$IW_CV","value":{"id":"sitesFolderPath","label":"Sites Folder Path","defaultValue":"sites","description":"This is the folder path which needs to be removed from the path of the json and html files deployed to web server.","isHidden":true,"isReadOnly":true}},"TaskType":"ModelProperties","isDeleted":""},{"TaskId":"Preview Deployment","PropertyName":"OD Variables","VariableId":"sitesFolderPath","VariableValue":"","TaskType":"DeployTask","isDeleted":""},{"TaskId":"Workflow Properties1","PropertyName":"Global Variables","VariableId":"ReviewerGroup","VariableValue":{"type":"$IW_CV","value":{"id":"ReviewerGroup","label":"Reviewer Group","defaultValue":"dce-cms-us-reviewer","description":"","isHidden":true,"isReadOnly":true}},"TaskType":"ModelProperties","isDeleted":""},{"TaskId":"Workflow Properties1","PropertyName":"Global Variables","VariableId":"ReviewFlag","VariableValue":{"type":"$IW_CV","value":{"id":"ReviewFlag","label":"Review Required?","defaultValue":"true","description":"","isHidden":true,"isReadOnly":true}},"TaskType":"ModelProperties","isDeleted":""},{"TaskId":"Workflow Properties1","PropertyName":"Global Variables","VariableId":"ReviewFlagIsTrue","VariableValue":{"type":"$IW_SCRIPT","value":{"id":"ReviewFlagIsTrue","code":"\"$IW_CV(ReviewFlag)\" == \"true\" ? \"true\" : \"false\""}},"TaskType":"ModelProperties","isDeleted":""},{"TaskId":"Workflow Properties1","PropertyName":"Global Variables","VariableId":"ReviewFlagIsFalse","VariableValue":{"type":"$IW_SCRIPT","value":{"id":"ReviewFlagIsFalse","code":"\"$IW_CV(ReviewFlag)\" == \"false\" ? \"true\" : \"false\""}},"TaskType":"ModelProperties","isDeleted":""},{"TaskId":"Flow11","PropertyName":"Expression","VariableId":"ReviewFlagIsTrue","VariableValue":"","TaskType":"ConditionalLink","isDeleted":""},{"TaskId":"Production Deployment","PropertyName":"OD Variables","VariableId":"imageWorkarea","VariableValue":"","TaskType":"DeployTask","isDeleted":""},{"TaskId":"Production Deployment","PropertyName":"OD Variables","VariableId":"targetPathProd","VariableValue":"","TaskType":"DeployTask","isDeleted":""},{"TaskId":"Production Deployment","PropertyName":"OD Variables","VariableId":"targetFragmentPathProd","VariableValue":"","TaskType":"DeployTask","isDeleted":""},{"TaskId":"Production Deployment","PropertyName":"OD Variables","VariableId":"sitesFolderPath","VariableValue":"","TaskType":"DeployTask","isDeleted":""},{"TaskId":"Review Files","PropertyName":"Shared by","VariableId":"ReviewerGroup","VariableValue":"","TaskType":"GroupTask","isDeleted":""},{"TaskId":"Flow16","PropertyName":"Expression","VariableId":"ReviewFlagIsTrue","VariableValue":"","TaskType":"ConditionalLink","isDeleted":""},{"TaskId":"Flow17","PropertyName":"Expression","VariableId":"ReviewFlagIsFalse","VariableValue":"","TaskType":"ConditionalLink","isDeleted":""},{"TaskId":"Workflow Properties1","PropertyName":"Description","VariableId":"JobDescription","VariableValue":{"type":"$IW_CV","value":{"id":"JobDescription","label":"JobDescription","defaultValue":"","description":"","isHidden":false,"isReadOnly":false}},"TaskType":"ModelProperties","isDeleted":""}]}