{"resourceId":"oryx-canvas123","properties":{"Owner":"$IW_USER","Priority":"2","Brief Description":"","Description":"","DueDate":"","Global Variables":"$IW_CV(socialUpdate)","VAVariables":"","Variables":"","PostProcessorCommand":"","PreProcessorCommand":"","Name":"Publish to Twitter","id":"Workflow Properties1","ActivationCount":"","Version":"1.0.0.1","Status":"","Valid":"true","File Comments":"true"},"stencil":{"id":"ModelProperties"},"childShapes":[{"resourceId":"oryx_E07C65CE-EDB9-4448-97CE-D1C82A6259DA","properties":{"Name":"Start1","id":"Start1","CSSclass":"Event"},"stencil":{"id":"Start"},"childShapes":[],"outgoing":[{"resourceId":"oryx_13510590-AE74-4E62-A948-4D47BE604849"}],"bounds":{"lowerRight":{"x":199,"y":331},"upperLeft":{"x":165,"y":297}},"dockers":[]},{"resourceId":"oryx_57F430AE-307B-45D8-82B2-24B4ADD52BC5","properties":{"Name":"End2","id":"End2","Brief Description":"","Eafinishop":"","Eastartop":"","Wfvarfinishop":"","Wfvarstartop":"","CSSclass":"Event"},"stencil":{"id":"End"},"childShapes":[],"outgoing":[],"bounds":{"lowerRight":{"x":769,"y":331},"upperLeft":{"x":735,"y":297}},"dockers":[]},{"resourceId":"oryx_D4724270-8688-4EE2-82AC-C41FD45712CF","properties":{"AreaVPath":"$IW_WORKAREA","Brief Description":"","Description":"","Name":"Publisher to Twitter","id":"Publisher to Twitter","CSSclass":"Task","Owner":"$IW_USER","URI":"http://localhost/iw-cc/urlexternaltask","Retry":"true","Lock":"false","Readonly":"false","Transferonly":"false","Variables":"ClassName=com.interwoven.livesite.spring.workflow.task.DelegatingUrlExternalTaskProxy|socialUpdate=$IW_CV(socialUpdate)|TaskBeanId=workflow.task.TwitterPublishTask","Eafinishop":"","Eastartop":"","Wfvarfinishop":"","Wfvarstartop":"","ActivationCount":"0","Status":"none","Valid":"none","BackgroundColor":"#c0c0c0","TaskType":"ItsURLTask"},"stencil":{"id":"URLTask"},"childShapes":[],"outgoing":[{"resourceId":"oryx_6B411E97-5AC6-4A7F-A845-5EEF74B055EA"}],"bounds":{"lowerRight":{"x":490,"y":335},"upperLeft":{"x":390,"y":255}},"dockers":[]},{"resourceId":"oryx_13510590-AE74-4E62-A948-4D47BE604849","properties":{"Name":"Flow4","id":"Flow4","Type":"Default"},"stencil":{"id":"Flow"},"childShapes":[],"outgoing":[{"resourceId":"oryx_D4724270-8688-4EE2-82AC-C41FD45712CF"}],"bounds":{"lowerRight":{"x":389.6278674818791,"y":318.4594810142498},"upperLeft":{"x":199.1221325181209,"y":304.0014564857502}},"dockers":[{"x":27,"y":22},{"x":26,"y":47}],"target":{"resourceId":"oryx_D4724270-8688-4EE2-82AC-C41FD45712CF"}},{"resourceId":"oryx_6B411E97-5AC6-4A7F-A845-5EEF74B055EA","properties":{"Name":"Flow5","id":"Flow5","Type":"Default"},"stencil":{"id":"Flow"},"childShapes":[],"outgoing":[{"resourceId":"oryx_57F430AE-307B-45D8-82B2-24B4ADD52BC5"}],"bounds":{"lowerRight":{"x":734.8918622635653,"y":312.2580805213812},"upperLeft":{"x":490.8854814864348,"y":287.4137944786188}},"dockers":[{"x":87,"y":31},{"x":17,"y":17}],"target":{"resourceId":"oryx_57F430AE-307B-45D8-82B2-24B4ADD52BC5"}}],"bounds":{"lowerRight":{"x":1485,"y":1050},"upperLeft":{"x":0,"y":0}},"stencilset":{"url":"/iw-wfm/editor/stencilsets/iwov_process_model/iwovprocessmodels.json","namespace":"http://autonomy.com/stencilset/iwovwfm#"},"ssextensions":[],"modelVariables":[{"TaskId":"Workflow Properties1","PropertyName":"Global Variables","VariableId":"socialUpdate","VariableValue":{"type":"$IW_CV","value":{"id":"socialUpdate","label":"Social Update","defaultValue":"","description":"","isHidden":false,"isReadOnly":false}},"TaskType":"ModelProperties","isDeleted":""},{"TaskId":"Publisher to Twitter","PropertyName":"Variables","VariableId":"socialUpdate","VariableValue":"","TaskType":"URLTask","isDeleted":""}]}