{"resourceId":"oryx-canvas123","properties":{"Owner":"$IW_USER","Priority":"2","Brief Description":"Configurable Default Submit","Description":"","DueDate":"","Global Variables":"$IW_CV(iw_workarea_name_config)|$IW_CV(iw_branch_path)|$IW_CV(iw_recipient_mail_config)","VAVariables":"","Variables":"","PostProcessorCommand":"","PreProcessorCommand":"","Name":"Retrieval Wrokflow","id":"Workflow Properties1","ActivationCount":"","Version":"1.0.0.1","Status":"","Valid":"true","File Comments":"true"},"stencil":{"id":"ModelProperties"},"childShapes":[{"resourceId":"oryx_BF66DB40-62FC-4BCB-A152-D1BE465A1C81","properties":{"y":"237.0","x":"88.0","Name":"Start","id":"Start","CSSclass":"Event"},"stencil":{"id":"Start"},"childShapes":[],"outgoing":[{"resourceId":"oryx_20C61307-F02A-4ED0-8A6C-38BC4028079C"}],"bounds":{"lowerRight":{"x":82,"y":231},"upperLeft":{"x":48,"y":197}},"dockers":[]},{"resourceId":"oryx_96A1B9E4-B4BE-4CEE-8B35-4A03E0971251","properties":{"y":"494.0","x":"498.0","AreaVPath":"$IW_WORKAREA","Brief Description":"","Description":"","Name":"Success Notification Mail","id":"Success Notification Mail","CSSclass":"Task","Owner":"$IW_USER","EMailCommand":"http://$IW_SERVER/iw-cc/urlexternaltask","Retry":"true","Lock":"false","Readonly":"true","Transferonly":"false","Variables":"ClassName=com.interwoven.ui.archivalmodule.workflow.task.urltask.DigitalSafeMailNotificationTask|target_task_name=End|iw_recipient_mail_ids=$IW_CV(iw_recipient_mail_config)|mail_template=/iwadmin/main/config/WORKAREA/shared/workflow/email/digitalSafeRetrievalSuccessNotification.xsl|iw_mail_subject=Archived edition successfully retrieved","Eafinishop":"","Eastartop":"","Wfvarfinishop":"","Wfvarstartop":"","ActivationCount":"0","Status":"none","Valid":"true","BackgroundColor":"#c0c0c0","TaskType":"ItsEmailTask"},"stencil":{"id":"EmailTask"},"childShapes":[],"outgoing":[{"resourceId":"oryx_35EC1A45-BA67-4323-874B-19F68C12249C"}],"bounds":{"lowerRight":{"x":522,"y":487},"upperLeft":{"x":420,"y":405}},"dockers":[]},{"resourceId":"oryx_9E46CC4B-15CC-4A7E-8ECC-5B33A9F3DCC8","properties":{"y":"212.0","x":"661.0","AreaVPath":"$IW_WORKAREA","Brief Description":"","Description":"","Name":"Failure Notification Mail","id":"Failure Notification Mail","CSSclass":"Task","Owner":"$IW_USER","EMailCommand":"http://$IW_SERVER/iw-cc/urlexternaltask","Retry":"true","Lock":"false","Readonly":"true","Transferonly":"false","Variables":"ClassName=com.interwoven.ui.archivalmodule.workflow.task.urltask.DigitalSafeMailNotificationTask|target_task_name=End|iw_recipient_mail_ids=$IW_CV(iw_recipient_mail_config)|mail_template=/iwadmin/main/config/WORKAREA/shared/workflow/email/digitalSafeRetrievalFailureNotification.xsl|iw_mail_subject=Archived edition retrieval unsuccessful","Eafinishop":"","Eastartop":"","Wfvarfinishop":"","Wfvarstartop":"","ActivationCount":"0","Status":"none","Valid":"true","BackgroundColor":"#c0c0c0","TaskType":"ItsEmailTask"},"stencil":{"id":"EmailTask"},"childShapes":[],"outgoing":[{"resourceId":"oryx_46332150-DF8D-40A8-8BD9-02F451D5A60C"}],"bounds":{"lowerRight":{"x":661,"y":212},"upperLeft":{"x":559,"y":130}},"dockers":[]},{"resourceId":"oryx_2F4172BC-FD6E-4A62-BBAB-C5D02CA8D6FB","properties":{"y":"349.0","x":"421.0","AreaVPath":"$IW_WORKAREA","Brief Description":"","Description":"","Name":"Edition Retrieval","id":"Edition Retrieval","CSSclass":"Task","Owner":"$IW_USER","URI":"http://localhost/iw-cc/urlexternaltask","Retry":"true","Lock":"false","Readonly":"true","Transferonly":"false","Variables":"iw_success_transition=Success|iw_failure_transition=Failure|ClassName=com.interwoven.ui.archivalmodule.workflow.task.urltask.RetrievalTask|iw_workarea=|iw_edition_id=$IW_CV(edition_id)","Eafinishop":"","Eastartop":"","Wfvarfinishop":"","Wfvarstartop":"","ActivationCount":"0","Status":"none","Valid":"true","BackgroundColor":"#c0c0c0","TaskType":"ItsURLTask"},"stencil":{"id":"URLTask"},"childShapes":[],"outgoing":[{"resourceId":"oryx_C0F5542A-95D8-4B0D-9BCC-BE92500A3CD2"},{"resourceId":"oryx_DD73A431-C629-46C6-B4A4-A4441A26C8EF"},{"resourceId":"oryx_6C7D6698-635F-43A5-9FA6-6CFAC5D9E193"}],"bounds":{"lowerRight":{"x":421,"y":349},"upperLeft":{"x":319,"y":267}},"dockers":[]},{"resourceId":"oryx_1795E400-D42C-4DEB-962C-ED443E7A9B56","properties":{"y":"350.0","x":"187.0","AreaVPath":"$IW_WORKAREA","Brief Description":"","Description":"","Name":"WorkArea Creation","id":"WorkArea Creation","CSSclass":"Task","Owner":"$IW_USER","URI":"http://localhost/iw-cc/urlexternaltask","Retry":"true","Lock":"false","Readonly":"true","Transferonly":"false","Variables":"ClassName=com.interwoven.ui.archivalmodule.workflow.task.urltask.WorkareaCreationTask|iw_workarea_name=$IW_CV(iw_workarea_name_config)|iw_branch_vpath=$IW_CV(iw_branch_path)|iw_workarea_group_owner=|iw_workarea_owner=|iw_success_transition=|iw_failure_transition=|iw_target_task_name=Edition Retrieval","Eafinishop":"","Eastartop":"","Wfvarfinishop":"","Wfvarstartop":"","ActivationCount":"0","Status":"none","Valid":"true","BackgroundColor":"#c0c0c0","TaskType":"ItsURLTask"},"stencil":{"id":"URLTask"},"childShapes":[],"outgoing":[{"resourceId":"oryx_C288BA55-31E7-4DFF-A9BF-701DFE93DA38"},{"resourceId":"oryx_36083DC0-5A06-4349-845C-DAFD9B5CECE5"}],"bounds":{"lowerRight":{"x":187,"y":350},"upperLeft":{"x":85,"y":268}},"dockers":[]},{"resourceId":"oryx_55AC6F1C-191A-45B0-A18D-A19AFC359EF5","properties":{"y":"301.0","x":"859.0","Name":"End","id":"End","Brief Description":"","Eafinishop":"","Eastartop":"","Wfvarfinishop":"","Wfvarstartop":"","CSSclass":"Event"},"stencil":{"id":"End"},"childShapes":[],"outgoing":[],"bounds":{"lowerRight":{"x":859,"y":295},"upperLeft":{"x":825,"y":261}},"dockers":[]},{"resourceId":"oryx_20C61307-F02A-4ED0-8A6C-38BC4028079C","properties":{"Name":"Start Retrieval","id":"Flow4","Type":"Default"},"stencil":{"id":"Flow"},"childShapes":[],"outgoing":[{"resourceId":"oryx_1795E400-D42C-4DEB-962C-ED443E7A9B56"}],"bounds":{"lowerRight":{"x":135,"y":267.77656250000007},"upperLeft":{"x":82.72109375000001,"y":211.45}},"dockers":[{"x":14.45,"y":14.45},{"x":135,"y":211.45},{"x":50,"y":40}],"target":{"resourceId":"oryx_1795E400-D42C-4DEB-962C-ED443E7A9B56"}},{"resourceId":"oryx_35EC1A45-BA67-4323-874B-19F68C12249C","properties":{"Name":"Success Notification Mail Sent","id":"Flow29","Type":"Default"},"stencil":{"id":"Flow"},"childShapes":[],"outgoing":[{"resourceId":"oryx_55AC6F1C-191A-45B0-A18D-A19AFC359EF5"}],"bounds":{"lowerRight":{"x":839.45,"y":435},"upperLeft":{"x":522.383106228717,"y":295.14726562499993}},"dockers":[{"x":82.9825421262459,"y":30},{"x":839.45,"y":435},{"x":14.45,"y":14.45}],"target":{"resourceId":"oryx_55AC6F1C-191A-45B0-A18D-A19AFC359EF5"}},{"resourceId":"oryx_C0F5542A-95D8-4B0D-9BCC-BE92500A3CD2","properties":{"Name":"Failure","id":"Flow30","Type":"Default"},"stencil":{"id":"Flow"},"childShapes":[],"outgoing":[{"resourceId":"oryx_9E46CC4B-15CC-4A7E-8ECC-5B33A9F3DCC8"}],"bounds":{"lowerRight":{"x":558.2539919000238,"y":266.2734375},"upperLeft":{"x":369,"y":191.522853509162}},"dockers":[{"x":50,"y":40},{"x":369,"y":194},{"x":1,"y":61.5}],"target":{"resourceId":"oryx_9E46CC4B-15CC-4A7E-8ECC-5B33A9F3DCC8"}},{"resourceId":"oryx_C288BA55-31E7-4DFF-A9BF-701DFE93DA38","properties":{"Name":"SUCCESS","id":"Flow92","Type":"Default"},"stencil":{"id":"Flow"},"childShapes":[],"outgoing":[{"resourceId":"oryx_2F4172BC-FD6E-4A62-BBAB-C5D02CA8D6FB"}],"bounds":{"lowerRight":{"x":318.6406341312943,"y":307.7769765347491},"upperLeft":{"x":187.18749086870568,"y":307.2152109652509}},"dockers":[{"x":50,"y":40},{"x":50,"y":40}],"target":{"resourceId":"oryx_2F4172BC-FD6E-4A62-BBAB-C5D02CA8D6FB"}},{"resourceId":"oryx_36083DC0-5A06-4349-845C-DAFD9B5CECE5","properties":{"Name":"Failure","id":"Flow27","Type":"Default"},"stencil":{"id":"Flow"},"childShapes":[],"outgoing":[{"resourceId":"oryx_9E46CC4B-15CC-4A7E-8ECC-5B33A9F3DCC8"}],"bounds":{"lowerRight":{"x":558.549061698861,"y":267.9388366958731},"upperLeft":{"x":166,"y":162}},"dockers":[{"x":81,"y":23.13368959501662},{"x":166,"y":162},{"x":9.994239179633723,"y":32}],"target":{"resourceId":"oryx_9E46CC4B-15CC-4A7E-8ECC-5B33A9F3DCC8"}},{"resourceId":"oryx_46332150-DF8D-40A8-8BD9-02F451D5A60C","properties":{"Name":"Failure Notification Mail Sent","id":"Flow31","Type":"Default"},"stencil":{"id":"Flow"},"childShapes":[],"outgoing":[{"resourceId":"oryx_55AC6F1C-191A-45B0-A18D-A19AFC359EF5"}],"bounds":{"lowerRight":{"x":839.4035042585087,"y":264.6578217805154},"upperLeft":{"x":661.2109280483381,"y":170.22700403499277}},"dockers":[{"x":50,"y":40},{"x":839,"y":171},{"x":14.45,"y":14.45}],"target":{"resourceId":"oryx_55AC6F1C-191A-45B0-A18D-A19AFC359EF5"}},{"resourceId":"oryx_DD73A431-C629-46C6-B4A4-A4441A26C8EF","properties":{"Name":"Retrieval Timeout","id":"Flow32","Type":"Timeout","Timeout Duration":"+002400"},"stencil":{"id":"TimeoutLink"},"childShapes":[],"outgoing":[{"resourceId":"oryx_96A1B9E4-B4BE-4CEE-8B35-4A03E0971251"}],"bounds":{"lowerRight":{"x":470.28038177700154,"y":404.4517840263026},"upperLeft":{"x":421.4313951309016,"y":307.51768559923426}},"dockers":[{"x":50,"y":40},{"x":470.28038177700154,"y":308},{"x":50.28038177700154,"y":16.39843959424303}],"target":{"resourceId":"oryx_96A1B9E4-B4BE-4CEE-8B35-4A03E0971251"}},{"resourceId":"oryx_6C7D6698-635F-43A5-9FA6-6CFAC5D9E193","properties":{"Name":"Success","id":"Flow33","Type":"Default"},"stencil":{"id":"Flow"},"childShapes":[],"outgoing":[{"resourceId":"oryx_96A1B9E4-B4BE-4CEE-8B35-4A03E0971251"}],"bounds":{"lowerRight":{"x":419.5252684369542,"y":423.62502411178224},"upperLeft":{"x":369,"y":349.9121180401718}},"dockers":[{"x":50,"y":40},{"x":369,"y":423.62502411178224},{"x":22.280381777001537,"y":18.62502411178224}],"target":{"resourceId":"oryx_96A1B9E4-B4BE-4CEE-8B35-4A03E0971251"}}],"bounds":{"lowerRight":{"x":1485,"y":1050},"upperLeft":{"x":0,"y":0}},"stencilset":{"url":"/iw-wfm/editor/stencilsets/iwov_process_model/iwovprocessmodels.json","namespace":"http://autonomy.com/stencilset/iwovwfm#"},"ssextensions":[],"modelVariables":[{"TaskId":"Workflow Properties1","PropertyName":"Global Variables","VariableId":"iw_workarea_name_config","VariableValue":{"value":{"id":"iw_workarea_name_config","isHidden":false,"description":"New Workarea name to be created","isReadOnly":false,"label":"Workarea Name","defaultValue":""},"type":"$IW_CV"},"TaskType":"ModelProperties","isDeleted":""},{"TaskId":"Edition Retrieval","PropertyName":"Variables","VariableId":"edition_id","VariableValue":{"value":{"id":"edition_id","isHidden":false,"description":"Edition ID of the Edition on DS","isReadOnly":false,"label":"Edition ID","defaultValue":""},"type":"$IW_CV"},"TaskType":"URLTask","isDeleted":""},{"TaskId":"URLTask","PropertyName":"Variables","VariableId":"iw_branch_path","VariableValue":"","TaskType":"","isDeleted":""},{"TaskId":"Workflow Properties1","PropertyName":"Global Variables","VariableId":"iw_branch_path","VariableValue":{"value":{"id":"iw_branch_path","isHidden":false,"description":"Branch VPath in which new work area has to be created","isReadOnly":false,"label":"Branch VPath","defaultValue":"$IW_BRANCH"},"type":"$IW_CV"},"TaskType":"ModelProperties","isDeleted":""},{"TaskId":"EmailTask","PropertyName":"Variables","VariableId":"iw_recipient_mail_config","VariableValue":"","TaskType":"","isDeleted":""},{"TaskId":"URLTask","PropertyName":"Variables","VariableId":"edition_id","VariableValue":"","TaskType":"","isDeleted":""},{"TaskId":"Workflow Properties1","PropertyName":"Global Variables","VariableId":"iw_recipient_mail_config","VariableValue":{"value":{"id":"iw_recipient_mail_config","isHidden":false,"description":"","isReadOnly":false,"label":"Recipient Mail IDs","defaultValue":""},"type":"$IW_CV"},"TaskType":"ModelProperties","isDeleted":""},{"TaskId":"URLTask","PropertyName":"Variables","VariableId":"iw_workarea_name_config","VariableValue":"","TaskType":"","isDeleted":""}]}