{"resourceId":"oryx-canvas123","properties":{"Owner":"$IW_USER","Priority":"2","Brief Description":"","Description":"$IW_CV(JobDescription)","DueDate":"","Global Variables":"$IW_CV(ExternalURLTask)|$IW_CV(DisableGlobalBlacklist)|$IW_CV(SearchKeyword)|$IW_CV(ReplaceKeyword)|$IW_CV(DCTTypes)|$IW_CV(BlackListFieldsFilePath)","VAVariables":"","Variables":"SearchKeyword=$IW_CV(SearchKeyword)|DCTTypes=$IW_CV(DCTTypes)|ReplaceKeyword=$IW_CV(ReplaceKeyword)","PostProcessorCommand":"","PreProcessorCommand":"","Name":"Search & Replace Workflow","id":"Workflow Properties1","ActivationCount":"","Version":"1.0.0.1","Status":"","Valid":"true","File Comments":"true"},"stencil":{"id":"ModelProperties"},"childShapes":[{"resourceId":"oryx_6267F970-6DCD-4B42-9DD2-69EE9A2E7005","properties":{"Name":"Start","id":"Start","CSSclass":"Event"},"stencil":{"id":"Start"},"childShapes":[],"outgoing":[{"resourceId":"oryx_6A6D4537-656B-4A62-8573-1F9621ED3B4A"}],"bounds":{"lowerRight":{"x":90,"y":171},"upperLeft":{"x":56,"y":137}},"dockers":[]},{"resourceId":"oryx_6A6D4537-656B-4A62-8573-1F9621ED3B4A","properties":{"Name":"Initiate Search","id":"Flow3","Type":"Default"},"stencil":{"id":"Flow"},"childShapes":[],"outgoing":[{"resourceId":"oryx_7750FA70-C7B7-4E02-92D2-D5B602FF99F0"}],"bounds":{"lowerRight":{"x":209.7255859375,"y":154},"upperLeft":{"x":90.84375,"y":144}},"dockers":[{"x":17,"y":17},{"x":150,"y":154},{"x":150,"y":144},{"x":28.328125,"y":39}],"target":{"resourceId":"oryx_7750FA70-C7B7-4E02-92D2-D5B602FF99F0"}},{"resourceId":"oryx_58F347E6-37AC-4029-BB05-A083EB7DE02E","properties":{"Name":"End Task","id":"End Task","Brief Description":"","Eafinishop":"","Eastartop":"","Wfvarfinishop":"","Wfvarstartop":"","CSSclass":"Event"},"stencil":{"id":"End"},"childShapes":[],"outgoing":[],"bounds":{"lowerRight":{"x":1159,"y":319},"upperLeft":{"x":1125,"y":285}},"dockers":[]},{"resourceId":"oryx_7750FA70-C7B7-4E02-92D2-D5B602FF99F0","properties":{"AreaVPath":"$IW_WORKAREA","Brief Description":"","Description":"Search Files","Name":"Search","id":"Search","CSSclass":"Task","Owner":"$IW_USER","URI":"$IW_CV(ExternalURLTask)","Retry":"true","Lock":"false","Readonly":"false","Transferonly":"false","Variables":"DisableGlobalBlacklist=$IW_CV(DisableGlobalBlacklist)|ClassName=com.deere.livesite.authoring.workflow.acpw.task.SearchTask|SearchKeyword=$IW_CV(SearchKeyword)|DCTTypes=$IW_CV(DCTTypes)|BlackListFieldsFilePath=$IW_CV(BlackListFieldsFilePath)","Eafinishop":"","Eastartop":"","Wfvarfinishop":"","Wfvarstartop":"","ActivationCount":"0","Status":"none","Valid":"none","BackgroundColor":"#c0c0c0","TaskType":"ItsURLTask"},"stencil":{"id":"URLTask"},"childShapes":[],"outgoing":[{"resourceId":"oryx_35C40DD9-A7BD-4059-B2A7-995C14CF1795"},{"resourceId":"oryx_B469B77B-3EC3-4C32-BBB6-01819FFB531B"}],"bounds":{"lowerRight":{"x":310,"y":185},"upperLeft":{"x":210,"y":105}},"dockers":[]},{"resourceId":"oryx_29FDEF0C-227E-4327-8F51-4878A0C51FA2","properties":{"AreaVPath":"$IW_WORKAREA","Brief Description":"","Description":"","Name":"Search and Repalce Success Notification","id":"Search and Repalce Success Notification","CSSclass":"Task","Owner":"$IW_USER","EMailCommand":"$IW_CV(ExternalURLTask)","Retry":"true","Lock":"false","Readonly":"false","Transferonly":"false","Variables":"target_task_name=Success Notification Sent|ClassName=com.deere.livesite.authoring.workflow.acpw.task.AutomatedDeploymentSuccessNotification|serverName=preview|mail_subject=Search and Replace Workflow - Success Notification|mail_template=/iwadmin/main/config/STAGING/workflow/email/deere/SearchandReplaceSuccessNotification.xsl|isAttachmentRequired=true","Eafinishop":"","Eastartop":"","Wfvarfinishop":"","Wfvarstartop":"","ActivationCount":"0","Status":"none","Valid":"none","BackgroundColor":"#c0c0c0","TaskType":"ItsEmailTask"},"stencil":{"id":"EmailTask"},"childShapes":[],"outgoing":[{"resourceId":"oryx_81C6D945-0524-4E0A-A11F-570DD4BC4809"}],"bounds":{"lowerRight":{"x":1030,"y":200},"upperLeft":{"x":930,"y":120}},"dockers":[]},{"resourceId":"oryx_35C40DD9-A7BD-4059-B2A7-995C14CF1795","properties":{"Name":"Search Success","id":"Flow6","Type":"Default"},"stencil":{"id":"Flow"},"childShapes":[],"outgoing":[{"resourceId":"oryx_55600C35-3632-450E-806E-DC4DE006CEAB"}],"bounds":{"lowerRight":{"x":449.89432525634766,"y":154},"upperLeft":{"x":310.6875,"y":145}},"dockers":[{"x":50,"y":40},{"x":380,"y":145},{"x":380,"y":154},{"x":33.1190185546875,"y":34}],"target":{"resourceId":"oryx_55600C35-3632-450E-806E-DC4DE006CEAB"}},{"resourceId":"oryx_EFEBFC42-5826-44DD-92A1-23427088D15F","properties":{"AreaVPath":"$IW_WORKAREA","Brief Description":"","Description":"Send Error Notification Email","Name":"Error Notification Email","id":"Error Notification Email","CSSclass":"Task","Owner":"$IW_USER","EMailCommand":"$IW_CV(ExternalURLTask)","Retry":"true","Lock":"false","Readonly":"false","Transferonly":"false","Variables":"target_task_name=Error Notification Sent|ClassName=com.deere.livesite.authoring.workflow.acpw.task.AutomatedDeploymentFailureNotification|serverName=preview|mail_subject=Search and Replace Workflow Notification|mail_template=/iwadmin/main/config/STAGING/workflow/email/deere/SearchandReplaceFailureNotification.xsl","Eafinishop":"","Eastartop":"","Wfvarfinishop":"","Wfvarstartop":"","ActivationCount":"0","Status":"none","Valid":"none","BackgroundColor":"#c0c0c0","TaskType":"ItsEmailTask"},"stencil":{"id":"EmailTask"},"childShapes":[],"outgoing":[{"resourceId":"oryx_2C58320B-1A72-4DCD-801E-4D1EA463D8EE"}],"bounds":{"lowerRight":{"x":1030,"y":425},"upperLeft":{"x":930,"y":345}},"dockers":[]},{"resourceId":"oryx_B469B77B-3EC3-4C32-BBB6-01819FFB531B","properties":{"Name":"Search Failure","id":"Flow9","Type":"Default"},"stencil":{"id":"Flow"},"childShapes":[],"outgoing":[{"resourceId":"oryx_EFEBFC42-5826-44DD-92A1-23427088D15F"}],"bounds":{"lowerRight":{"x":929.78125,"y":385},"upperLeft":{"x":260,"y":185.375}},"dockers":[{"x":50,"y":40},{"x":260,"y":385},{"x":50,"y":40}],"target":{"resourceId":"oryx_EFEBFC42-5826-44DD-92A1-23427088D15F"}},{"resourceId":"oryx_81C6D945-0524-4E0A-A11F-570DD4BC4809","properties":{"Name":"Success Notification Sent","id":"Flow11","Type":"Default"},"stencil":{"id":"Flow"},"childShapes":[],"outgoing":[{"resourceId":"oryx_58F347E6-37AC-4029-BB05-A083EB7DE02E"}],"bounds":{"lowerRight":{"x":1142,"y":284.359375},"upperLeft":{"x":1030.359375,"y":160}},"dockers":[{"x":50,"y":40},{"x":1142,"y":160},{"x":17,"y":17}],"target":{"resourceId":"oryx_58F347E6-37AC-4029-BB05-A083EB7DE02E"}},{"resourceId":"oryx_55600C35-3632-450E-806E-DC4DE006CEAB","properties":{"AreaVPath":"$IW_WORKAREA","Brief Description":"","Description":"","Name":"Submit Files","id":"Submit Files","CSSclass":"Task","Owner":"$IW_USER","SubmitComment":"Submit Files for Search and Repalce","SubmitInfo":"Submit Files before Replacing the content","Override":"false","Save Comments":"false","Skip Conflicts":"false","Skip Locked":"false","Unlock":"false","Variables":"","Eafinishop":"","Eastartop":"","Wfvarfinishop":"","Wfvarstartop":"","ActivationCount":"0","Status":"none","Valid":"none","BackgroundColor":"#c0c0c0","TaskType":"ItsSubmitTask"},"stencil":{"id":"SubmitTask"},"childShapes":[],"outgoing":[{"resourceId":"oryx_9FEA418B-3DAA-4A73-AA06-11D86F5BA86B"}],"bounds":{"lowerRight":{"x":550,"y":200},"upperLeft":{"x":450,"y":120}},"dockers":[]},{"resourceId":"oryx_9FEA418B-3DAA-4A73-AA06-11D86F5BA86B","properties":{"Name":"Submit Files Success","id":"Flow14","Type":"Default"},"stencil":{"id":"Flow"},"childShapes":[],"outgoing":[{"resourceId":"oryx_B850C725-0658-4F70-8F57-D769BE386A02"}],"bounds":{"lowerRight":{"x":644.48828125,"y":161},"upperLeft":{"x":550.51171875,"y":159}},"dockers":[{"x":50,"y":40},{"x":50,"y":40}],"target":{"resourceId":"oryx_B850C725-0658-4F70-8F57-D769BE386A02"}},{"resourceId":"oryx_B850C725-0658-4F70-8F57-D769BE386A02","properties":{"AreaVPath":"$IW_WORKAREA","Brief Description":"","Description":"","Name":"Replace Content","id":"Replace Content","CSSclass":"Task","Owner":"$IW_USER","URI":"$IW_CV(ExternalURLTask)","Retry":"true","Lock":"false","Readonly":"false","Transferonly":"false","Variables":"ClassName=com.deere.livesite.authoring.workflow.acpw.task.ReplaceTask|BlackListFieldsFilePath=$IW_CV(BlackListFieldsFilePath)","Eafinishop":"","Eastartop":"","Wfvarfinishop":"","Wfvarstartop":"","ActivationCount":"0","Status":"none","Valid":"none","BackgroundColor":"#c0c0c0","TaskType":"ItsURLTask"},"stencil":{"id":"URLTask"},"childShapes":[],"outgoing":[{"resourceId":"oryx_EEF3268E-1F74-46AA-AAB1-1525A3F62EFB"},{"resourceId":"oryx_6F85FE06-E7D7-4071-BAC8-C57D45862665"}],"bounds":{"lowerRight":{"x":745,"y":200},"upperLeft":{"x":645,"y":120}},"dockers":[]},{"resourceId":"oryx_EEF3268E-1F74-46AA-AAB1-1525A3F62EFB","properties":{"Name":"Replace Content Success","id":"Flow17","Type":"Default"},"stencil":{"id":"Flow"},"childShapes":[],"outgoing":[{"resourceId":"oryx_29FDEF0C-227E-4327-8F51-4878A0C51FA2"}],"bounds":{"lowerRight":{"x":929.458984375,"y":161},"upperLeft":{"x":745.541015625,"y":159}},"dockers":[{"x":50,"y":40},{"x":50,"y":40}],"target":{"resourceId":"oryx_29FDEF0C-227E-4327-8F51-4878A0C51FA2"}},{"resourceId":"oryx_2C58320B-1A72-4DCD-801E-4D1EA463D8EE","properties":{"Name":"Error Notification Sent","id":"Flow18","Type":"Default"},"stencil":{"id":"Flow"},"childShapes":[],"outgoing":[{"resourceId":"oryx_58F347E6-37AC-4029-BB05-A083EB7DE02E"}],"bounds":{"lowerRight":{"x":1142,"y":385},"upperLeft":{"x":1030.359375,"y":319.859375}},"dockers":[{"x":50,"y":40},{"x":1142,"y":385},{"x":17,"y":17}],"target":{"resourceId":"oryx_58F347E6-37AC-4029-BB05-A083EB7DE02E"}},{"resourceId":"oryx_6F85FE06-E7D7-4071-BAC8-C57D45862665","properties":{"Name":"Replace Conetnt Failure","id":"Flow19","Type":"Default"},"stencil":{"id":"Flow"},"childShapes":[],"outgoing":[{"resourceId":"oryx_EFEBFC42-5826-44DD-92A1-23427088D15F"}],"bounds":{"lowerRight":{"x":929.458984375,"y":385},"upperLeft":{"x":695,"y":200.55078125}},"dockers":[{"x":50,"y":40},{"x":695,"y":385},{"x":50,"y":40}],"target":{"resourceId":"oryx_EFEBFC42-5826-44DD-92A1-23427088D15F"}}],"bounds":{"lowerRight":{"x":1485,"y":1050},"upperLeft":{"x":0,"y":0}},"stencilset":{"url":"/iw-wfm/editor/stencilsets/iwov_process_model/iwovprocessmodels.json","namespace":"http://autonomy.com/stencilset/iwovwfm#"},"ssextensions":[],"modelVariables":[{"TaskId":"Replace Content","PropertyName":"URI","VariableId":"ExternalURLTask","VariableValue":"","TaskType":"URLTask","isDeleted":""},{"TaskId":"Error Notification Email","PropertyName":"EMailCommand","VariableId":"ExternalURLTask","VariableValue":"","TaskType":"EmailTask","isDeleted":""},{"TaskId":"Workflow Properties1","PropertyName":"Description","VariableId":"JobDescription","VariableValue":{"type":"$IW_CV","value":{"id":"JobDescription","label":"Job Description","defaultValue":"Search and Replace Workflow","description":"","isHidden":false,"isReadOnly":false}},"TaskType":"ModelProperties","isDeleted":""},{"TaskId":"Workflow Properties1","PropertyName":"Global Variables","VariableId":"ExternalURLTask","VariableValue":{"type":"$IW_CV","value":{"id":"ExternalURLTask","label":"External URL Task","defaultValue":"http://localhost:8080/iw-cc/urlexternaltask","description":"","isHidden":true,"isReadOnly":true}},"TaskType":"ModelProperties","isDeleted":""},{"TaskId":"Workflow Properties1","PropertyName":"Global Variables","VariableId":"DisableGlobalBlacklist","VariableValue":{"type":"$IW_CV","value":{"id":"DisableGlobalBlacklist","label":"DisableGlobalBlacklist","defaultValue":"","description":"","isHidden":true,"isReadOnly":true}},"TaskType":"ModelProperties","isDeleted":""},{"TaskId":"Workflow Properties1","PropertyName":"Global Variables","VariableId":"SearchKeyword","VariableValue":{"type":"$IW_CV","value":{"id":"SearchKeyword","label":"Search Keyword","defaultValue":"","description":"","isHidden":false,"isReadOnly":false}},"TaskType":"ModelProperties","isDeleted":""},{"TaskId":"Workflow Properties1","PropertyName":"Global Variables","VariableId":"ReplaceKeyword","VariableValue":{"type":"$IW_CV","value":{"id":"ReplaceKeyword","label":"ReplaceKeyword","defaultValue":"","description":"","isHidden":false,"isReadOnly":false}},"TaskType":"ModelProperties","isDeleted":""},{"TaskId":"Workflow Properties1","PropertyName":"Global Variables","VariableId":"DCTTypes","VariableValue":{"type":"$IW_CV","value":{"id":"DCTTypes","label":"DCT Types","defaultValue":"","description":"Please select the DCT Types to replace the keyword","isHidden":false,"isReadOnly":false}},"TaskType":"ModelProperties","isDeleted":""},{"TaskId":"Workflow Properties1","PropertyName":"Variables","VariableId":"SearchKeyword","VariableValue":"","TaskType":"ModelProperties","isDeleted":""},{"TaskId":"Search","PropertyName":"URI","VariableId":"ExternalURLTask","VariableValue":"","TaskType":"URLTask","isDeleted":""},{"TaskId":"Search","PropertyName":"Variables","VariableId":"DisableGlobalBlacklist","VariableValue":"","TaskType":"URLTask","isDeleted":""},{"TaskId":"Search","PropertyName":"Variables","VariableId":"SearchKeyword","VariableValue":"","TaskType":"URLTask","isDeleted":""},{"TaskId":"Search","PropertyName":"Variables","VariableId":"DCTTypes","VariableValue":"","TaskType":"URLTask","isDeleted":""},{"TaskId":"Search","PropertyName":"Variables","VariableId":"SearchKeyword","VariableValue":"","TaskType":"URLTask","isDeleted":""},{"TaskId":"Search","PropertyName":"Variables","VariableId":"DCTTypes","VariableValue":"","TaskType":"URLTask","isDeleted":""},{"TaskId":"Search","PropertyName":"Variables","VariableId":"DCTTypes","VariableValue":"","TaskType":"URLTask","isDeleted":""},{"TaskId":"Workflow Properties1","PropertyName":"Variables","VariableId":"DCTTypes","VariableValue":"","TaskType":"ModelProperties","isDeleted":""},{"TaskId":"Workflow Properties1","PropertyName":"Variables","VariableId":"ReplaceKeyword","VariableValue":"","TaskType":"ModelProperties","isDeleted":""},{"TaskId":"Search and Repalce Success Notification","PropertyName":"EMailCommand","VariableId":"ExternalURLTask","VariableValue":"","TaskType":"EmailTask","isDeleted":""},{"TaskId":"Workflow Properties1","PropertyName":"Global Variables","VariableId":"BlackListFieldsFilePath","VariableValue":{"type":"$IW_CV","value":{"id":"BlackListFieldsFilePath","label":"BlackLis tFields FilePath","defaultValue":"/iwadmin/main/deere/syndication/STAGING/templatedata/CustomData/ValueList/data/search_and_replace_blacklist_fields.xml","description":"Black list fields file path for search and replace workflow","isHidden":true,"isReadOnly":true}},"TaskType":"ModelProperties","isDeleted":""},{"TaskId":"Search","PropertyName":"Variables","VariableId":"BlackListFieldsFilePath","VariableValue":"","TaskType":"URLTask","isDeleted":""},{"TaskId":"Replace Content","PropertyName":"Variables","VariableId":"BlackListFieldsFilePath","VariableValue":"","TaskType":"URLTask","isDeleted":""}]}