{"resourceId":"oryx-canvas123","properties":{"Owner":"$IW_USER","Priority":"2","Brief Description":"","Description":"$IW_CV(job_description)","DueDate":"","Global Variables":"$IW_CV(iw_edtion_config)|$IW_CV(iw_recipient_mail_config)","VAVariables":"","Variables":"","PostProcessorCommand":"","PreProcessorCommand":"","Name":"Submit Archival Workflow","id":"Workflow Properties1","ActivationCount":"","Version":"1.0.0.1","Status":"","Valid":"true","File Comments":"true"},"stencil":{"id":"ModelProperties"},"childShapes":[{"resourceId":"oryx_C008ECE6-3003-42CA-9B89-825A8CF40C33","properties":{"y":"292.0","x":"104.0","Name":"Start","id":"Start","CSSclass":"Event"},"stencil":{"id":"Start"},"childShapes":[],"outgoing":[{"resourceId":"oryx_F6A10388-278B-4742-93B5-312D60617434"}],"bounds":{"lowerRight":{"x":398,"y":586},"upperLeft":{"x":364,"y":552}},"dockers":[]},{"resourceId":"oryx_740ED0BD-5C18-4F07-A06B-9C43C855A1AB","properties":{"y":"216.0","x":"332.0","AreaVPath":"$IW_WORKAREA","Brief Description":"","Description":"","Name":"Resolve Deploy Problem","id":"Resolve Deploy Problem","Eafinishop":"","Eastartop":"","Wfvarfinishop":"","Wfvarstartop":"","Lock":"false","Readonly":"false","Transferonly":"false","Owner":"$IW_USER","Variables":"","CSSclass":"Task","ActivationCount":"0","Status":"none","Valid":"true","BackgroundColor":"#c0c0c0","TaskType":"ItsUserTask"},"stencil":{"id":"UserTask"},"childShapes":[],"outgoing":[{"resourceId":"oryx_B6921511-8858-48EA-89F6-B385E855BE91"},{"resourceId":"oryx_0622DCD6-4CDD-4869-A5D8-9253E2403C2E"}],"bounds":{"lowerRight":{"x":597,"y":532},"upperLeft":{"x":495,"y":450}},"dockers":[]},{"resourceId":"oryx_CEBB3AB1-DCB4-4DCF-AFDA-A6786D62DF38","properties":{"y":"529.0","x":"450.0","AreaVPath":"$IW_WORKAREA","Brief Description":"","Description":"","Name":"Author Rework","id":"Author Rework","Eafinishop":"","Eastartop":"","Wfvarfinishop":"","Wfvarstartop":"","Lock":"false","Readonly":"false","Transferonly":"false","Owner":"$IW_AREAOWNER","Variables":"","CSSclass":"Task","ActivationCount":"0","Status":"none","Valid":"true","BackgroundColor":"#c0c0c0","TaskType":"ItsUserTask"},"stencil":{"id":"UserTask"},"childShapes":[],"outgoing":[{"resourceId":"oryx_34EB0106-A67D-4D1A-A639-6BE2A4AAF7A0"}],"bounds":{"lowerRight":{"x":791.7413931324124,"y":863.706912216734},"upperLeft":{"x":689.7413931324124,"y":781.706912216734}},"dockers":[]},{"resourceId":"oryx_11F539E7-5572-47E7-89C0-ECD375CADAAF","properties":{"y":"455.0","x":"227.0","AreaVPath":"$IW_WORKAREA","Brief Description":"","Description":"","Name":"Review","id":"Review","CSSclass":"Task","Available Groups":"","Available Users":"$IW_AREAOWNER","NoOfReviewers":"$IW_REVIEWER(Reviewers)","ReturnOnFirstReject":"false","ReviewType":"Concurrent","NotifyReviewer":"false","Lock":"false","Readonly":"true","Transferonly":"false","ReviewOwner":"","Variables":"","Eafinishop":"","Eastartop":"","Wfvarfinishop":"","Wfvarstartop":"","ActivationCount":"0","Status":"none","Valid":"true","BackgroundColor":"#c0c0c0","TaskType":"ItsReviewTask"},"stencil":{"id":"ReviewTask"},"childShapes":[],"outgoing":[{"resourceId":"oryx_3BEAB82D-21A1-4B64-80EE-96EA1EAEDA69"},{"resourceId":"oryx_506B75D2-464F-44C5-A7E3-23E93E0780F5"}],"bounds":{"lowerRight":{"x":527,"y":755},"upperLeft":{"x":425,"y":673}},"dockers":[]},{"resourceId":"oryx_9287892C-862B-4651-90CE-9AAA0D0E9114","properties":{"y":"394.0","x":"456.0","AreaVPath":"$IW_WORKAREA","Brief Description":"","Description":"","Name":"Success Notification Mail","id":"Success Notification Mail","CSSclass":"Task","Owner":"$IW_USER","EMailCommand":"http://$IW_SERVER/iw-cc/urlexternaltask","Retry":"true","Lock":"false","Readonly":"false","Transferonly":"false","Variables":"ClassName=com.interwoven.ui.archivalmodule.workflow.task.urltask.DigitalSafeMailNotificationTask|target_task_name=End|iw_recipient_mail_ids=$IW_CV(iw_recipient_mail_config)|mail_template=/iwadmin/main/config/WORKAREA/shared/workflow/email/digitalSafeSubmitArchivalSuccessNotification.xsl|iw_mail_subject=Edition successfully archived by submit workflow","Eafinishop":"","Eastartop":"","Wfvarfinishop":"","Wfvarstartop":"","ActivationCount":"0","Status":"none","Valid":"true","BackgroundColor":"#c0c0c0","TaskType":"ItsEmailTask"},"stencil":{"id":"EmailTask"},"childShapes":[],"outgoing":[{"resourceId":"oryx_7D3F4433-32B3-43F8-9F95-B5769C99EB6D"},{"resourceId":"oryx_27AB30A7-14C5-41BF-B0CC-FF10CB926911"}],"bounds":{"lowerRight":{"x":756,"y":694},"upperLeft":{"x":654,"y":612}},"dockers":[]},{"resourceId":"oryx_C542F0CD-E39A-40EC-8EE2-A1CB1C0E989A","properties":{"y":"100.0","x":"749.0","AreaVPath":"$IW_WORKAREA","Brief Description":"","Description":"","Name":"Failure Notification Mail","id":"Failure Notification Mail","CSSclass":"Task","Owner":"$IW_USER","EMailCommand":"http://$IW_SERVER/iw-cc/urlexternaltask","Retry":"true","Lock":"false","Readonly":"false","Transferonly":"false","Variables":"ClassName=com.interwoven.ui.archivalmodule.workflow.task.urltask.DigitalSafeMailNotificationTask|target_task_name=End|iw_recipient_mail_ids=$IW_CV(iw_recipient_mail_config)|mail_template=/iwadmin/main/config/WORKAREA/shared/workflow/email/digitalSafeSubmitArchivalFailureNotification.xsl|iw_mail_subject=Edition archival unsuccessfull by submit workflow","Eafinishop":"","Eastartop":"","Wfvarfinishop":"","Wfvarstartop":"","ActivationCount":"0","Status":"none","Valid":"true","BackgroundColor":"#c0c0c0","TaskType":"ItsEmailTask"},"stencil":{"id":"EmailTask"},"childShapes":[],"outgoing":[{"resourceId":"oryx_E62D4138-1B14-4FBD-B178-D59E4D444CF5"}],"bounds":{"lowerRight":{"x":1049,"y":473.96551908432167},"upperLeft":{"x":947,"y":391.96551908432167}},"dockers":[]},{"resourceId":"oryx_5C55B248-4935-4647-BD8E-2BC470EA90FC","properties":{"y":"97.0","x":"207.0","AreaVPath":"$IW_WORKAREA","Brief Description":"","Description":"","Name":"Submit Content","id":"Submit Content","CSSclass":"Task","Owner":"$IW_USER","SubmitComment":"","SubmitInfo":"","Override":"false","Save Comments":"false","Skip Conflicts":"false","Skip Locked":"false","Unlock":"false","Variables":"","Eafinishop":"","Eastartop":"","Wfvarfinishop":"","Wfvarstartop":"","ActivationCount":"0","Status":"none","Valid":"true","BackgroundColor":"#c0c0c0","TaskType":"ItsSubmitTask"},"stencil":{"id":"SubmitTask"},"childShapes":[],"outgoing":[{"resourceId":"oryx_98B48265-021E-4DCA-ACC3-8AC81C3837F7"}],"bounds":{"lowerRight":{"x":507,"y":397},"upperLeft":{"x":405,"y":315}},"dockers":[]},{"resourceId":"oryx_692E6774-B808-407D-AE14-3E0DAA237812","properties":{"y":"168.75","x":"485.0","AreaVPath":"$IW_WORKAREA","Brief Description":"Deploying Published Edition","Description":"","Name":"Deploy Content","id":"Deploy Content","CSSclass":"Task","Owner":"$IW_USER","DeployCommand":"http://$IW_SERVER/iw-cc/urlexternaltask?acceptTransition=Success&rejectTransition=Failure","OD Variables":"sample=1234|edition_to_deploy=$IW_CV(iw_edtion_config)","Retry":"false","Lock":"false","Readonly":"false","Transferonly":"false","Variables":"odDeploymentName=$IW_CV(deploy_name_config)","Eafinishop":"","Eastartop":"","Wfvarfinishop":"","Wfvarstartop":"","ActivationCount":"0","Status":"none","Valid":"true","BackgroundColor":"#c0c0c0","TaskType":"ItsDeployTask"},"stencil":{"id":"DeployTask"},"childShapes":[],"outgoing":[{"resourceId":"oryx_E1B3136E-47C3-4B73-8F0F-AAC70F8D1E58"},{"resourceId":"oryx_49F9125C-B720-4FD9-A53E-39367A2DC1E0"}],"bounds":{"lowerRight":{"x":785,"y":457},"upperLeft":{"x":683,"y":375}},"dockers":[]},{"resourceId":"oryx_75FE47BF-A812-45FF-B40D-6615793229A0","properties":{"y":"283.0","x":"511.0","AreaVPath":"$IW_WORKAREA","Brief Description":"","Description":"$IW_CV(description)","Name":"Archive Edition","id":"Archive Edition","CSSclass":"Task","Owner":"$IW_AREAOWNER","URI":"http://localhost/iw-cc/urlexternaltask","Retry":"true","Lock":"false","Readonly":"false","Transferonly":"false","Variables":"iw_archival_type=full|ClassName=com.interwoven.ui.archivalmodule.workflow.task.urltask.ArchivalTask|iw_success_transition=Success|iw_failure_transition=Failure|iw_edition_vpath=$IW_CV(iw_edtion_config)|iw_archival_disabled_transition=Disabled Archival Module","Eafinishop":"","Eastartop":"","Wfvarfinishop":"","Wfvarstartop":"","ActivationCount":"0","Status":"none","Valid":"true","BackgroundColor":"#c0c0c0","TaskType":"ItsURLTask"},"stencil":{"id":"URLTask"},"childShapes":[],"outgoing":[{"resourceId":"oryx_95724AB4-52CB-409B-941A-18C1805D95A1"},{"resourceId":"oryx_D40CE8DD-B255-46D4-8848-97A9D3257F5F"},{"resourceId":"oryx_A9893958-FCCD-470A-A68C-530DA12C3312"},{"resourceId":"oryx_718B1EFC-E4B5-47EF-BF06-1E7141348DFD"}],"bounds":{"lowerRight":{"x":927,"y":592},"upperLeft":{"x":825,"y":510}},"dockers":[]},{"resourceId":"oryx_AD36F8F4-62E5-415E-812D-41AA9BFC429D","properties":{"y":"67.0","x":"440.0","AreaVPath":"$IW_WORKAREA","Brief Description":"","Description":"","Name":"Edition Creation Task","id":"Edition Creation Task","CSSclass":"Task","Owner":"$IW_USER","URI":"http://localhost/iw-cc/urlexternaltask","Retry":"true","Lock":"false","Readonly":"false","Transferonly":"false","Variables":"ClassName=com.interwoven.ui.archivalmodule.workflow.task.urltask.EditionCreationTask|iw_success_transition=Success|iw_failure_transition=Failure|iw_branch_vpath=$IW_BRANCH|iw_edition_name=$IW_CV(iw_edtion_config)|iw_target_task_name=Archive Edition","Eafinishop":"","Eastartop":"","Wfvarfinishop":"","Wfvarstartop":"","ActivationCount":"0","Status":"none","Valid":"true","BackgroundColor":"#c0c0c0","TaskType":"ItsURLTask"},"stencil":{"id":"URLTask"},"childShapes":[],"outgoing":[{"resourceId":"oryx_11ECDBF1-B4D5-4AF7-A7D1-4BE51E4E6963"},{"resourceId":"oryx_C0597D57-67D5-48A0-A2DB-B648AFDD034C"}],"bounds":{"lowerRight":{"x":745.7586335902515,"y":288.9224179397237},"upperLeft":{"x":643.7586335902515,"y":206.92241793972372}},"dockers":[]},{"resourceId":"oryx_3F88BC13-06AE-49F2-8A60-4A835CE9F7A2","properties":{"y":"430.0","x":"826.0","AreaVPath":"$IW_WORKAREA","Brief Description":"","Description":"","Name":"Purge Editions","id":"Purge Editions","CSSclass":"Task","Owner":"$IW_USER","URI":"http://localhost/iw-cc/urlexternaltask","Retry":"true","Lock":"false","Readonly":"false","Transferonly":"false","Variables":"iw_branch_vpath=$IW_BRANCH|ClassName=com.interwoven.ui.archivalmodule.workflow.task.urltask.PurgeEditionsTask","Eafinishop":"","Eastartop":"","Wfvarfinishop":"","Wfvarstartop":"","ActivationCount":"0","Status":"none","Valid":"true","BackgroundColor":"#c0c0c0","TaskType":"ItsURLTask"},"stencil":{"id":"URLTask"},"childShapes":[],"outgoing":[{"resourceId":"oryx_9002363B-E030-4732-A24F-7AD08358313B"}],"bounds":{"lowerRight":{"x":1183.706912216734,"y":703.8793167951258},"upperLeft":{"x":1081.706912216734,"y":621.8793167951258}},"dockers":[]},{"resourceId":"oryx_C5CB90F8-ADC4-4533-B859-11DBC9E54741","properties":{"y":"322.0","x":"959.0","Name":"End","id":"End","Brief Description":"","Eafinishop":"","Eastartop":"","Wfvarfinishop":"","Wfvarstartop":"","CSSclass":"Event"},"stencil":{"id":"End"},"childShapes":[],"outgoing":[],"bounds":{"lowerRight":{"x":1275.5345076383423,"y":568},"upperLeft":{"x":1241.5345076383423,"y":534}},"dockers":[]},{"resourceId":"oryx_27AB30A7-14C5-41BF-B0CC-FF10CB926911","properties":{"Name":"Success Notification Mail Sent","id":"Flow29","Type":"Default"},"stencil":{"id":"Flow"},"childShapes":[],"outgoing":[{"resourceId":"oryx_3F88BC13-06AE-49F2-8A60-4A835CE9F7A2"}],"bounds":{"lowerRight":{"x":1081.2113313683476,"y":633.5},"upperLeft":{"x":756.6874187633789,"y":631.5}},"dockers":[{"x":101,"y":20.5},{"x":25.251494633253287,"y":10.62068320487424}],"target":{"resourceId":"oryx_3F88BC13-06AE-49F2-8A60-4A835CE9F7A2"}},{"resourceId":"oryx_718B1EFC-E4B5-47EF-BF06-1E7141348DFD","properties":{"Name":"Failure","id":"Flow30","Type":"Default"},"stencil":{"id":"Flow"},"childShapes":[],"outgoing":[{"resourceId":"oryx_C542F0CD-E39A-40EC-8EE2-A1CB1C0E989A"}],"bounds":{"lowerRight":{"x":946.766160182108,"y":509.3067294980957},"upperLeft":{"x":906.9724071901403,"y":431.96551908432167}},"dockers":[{"x":81.9724071901403,"y":34.63602394907534},{"x":906.9724071901403,"y":431.96551908432167},{"x":50,"y":40}],"target":{"resourceId":"oryx_C542F0CD-E39A-40EC-8EE2-A1CB1C0E989A"}},{"resourceId":"oryx_E62D4138-1B14-4FBD-B178-D59E4D444CF5","properties":{"Name":"Failure Notification Mail Sent","id":"Flow21","Type":"Default"},"stencil":{"id":"Flow"},"childShapes":[],"outgoing":[{"resourceId":"oryx_C5CB90F8-ADC4-4533-B859-11DBC9E54741"}],"bounds":{"lowerRight":{"x":1255.9845076383424,"y":537.4396149213089},"upperLeft":{"x":1049.594569881076,"y":431.96551908432167}},"dockers":[{"x":50,"y":40},{"x":1255.9845076383424,"y":431.96551908432167},{"x":14.45,"y":14.45}],"target":{"resourceId":"oryx_C5CB90F8-ADC4-4533-B859-11DBC9E54741"}},{"resourceId":"oryx_98B48265-021E-4DCA-ACC3-8AC81C3837F7","properties":{"Name":"Create Edition","id":"Flow47","Type":"Default"},"stencil":{"id":"Flow"},"childShapes":[],"outgoing":[{"resourceId":"oryx_AD36F8F4-62E5-415E-812D-41AA9BFC429D"}],"bounds":{"lowerRight":{"x":643.5351669045812,"y":314.39577644351056},"upperLeft":{"x":455.37645851425185,"y":246.9687114273814}},"dockers":[{"x":50,"y":40},{"x":456,"y":247.14157199451077},{"x":50,"y":39.999999999999986}],"target":{"resourceId":"oryx_AD36F8F4-62E5-415E-812D-41AA9BFC429D"}},{"resourceId":"oryx_11ECDBF1-B4D5-4AF7-A7D1-4BE51E4E6963","properties":{"Name":"Failure","id":"Flow51","Type":"Default"},"stencil":{"id":"Flow"},"childShapes":[],"outgoing":[{"resourceId":"oryx_C542F0CD-E39A-40EC-8EE2-A1CB1C0E989A"}],"bounds":{"lowerRight":{"x":997,"y":391.2469476424957},"upperLeft":{"x":746.285974988781,"y":246.95207399386942}},"dockers":[{"x":50,"y":39.999999999999986},{"x":997,"y":247.09362291873148},{"x":50,"y":40}],"target":{"resourceId":"oryx_C542F0CD-E39A-40EC-8EE2-A1CB1C0E989A"}},{"resourceId":"oryx_C0597D57-67D5-48A0-A2DB-B648AFDD034C","properties":{"Name":"Success","id":"Flow54","Type":"Default"},"stencil":{"id":"Flow"},"childShapes":[],"outgoing":[{"resourceId":"oryx_692E6774-B808-407D-AE14-3E0DAA237812"}],"bounds":{"lowerRight":{"x":733,"y":374.42682614969976},"upperLeft":{"x":693.7586335902515,"y":289.11308234494686}},"dockers":[{"x":50,"y":39.999999999999986},{"x":693.7586335902515,"y":331.96120896986184},{"x":733,"y":331.96120896986184},{"x":50,"y":40}],"target":{"resourceId":"oryx_692E6774-B808-407D-AE14-3E0DAA237812"}},{"resourceId":"oryx_95724AB4-52CB-409B-941A-18C1805D95A1","properties":{"Name":"Archival Timeout","id":"Flow35","Type":"Timeout","Timeout Duration":"+002400"},"stencil":{"id":"TimeoutLink"},"childShapes":[],"outgoing":[{"resourceId":"oryx_9287892C-862B-4651-90CE-9AAA0D0E9114"}],"bounds":{"lowerRight":{"x":824.546875,"y":611.1792046475152},"upperLeft":{"x":664,"y":550}},"dockers":[{"x":50,"y":40},{"x":664,"y":550},{"x":10,"y":22.66955526470167}],"target":{"resourceId":"oryx_9287892C-862B-4651-90CE-9AAA0D0E9114"}},{"resourceId":"oryx_E1B3136E-47C3-4B73-8F0F-AAC70F8D1E58","properties":{"Name":"Deploymnet Successful","id":"Flow53","Type":"Success"},"stencil":{"id":"SuccessLink"},"childShapes":[],"outgoing":[{"resourceId":"oryx_75FE47BF-A812-45FF-B40D-6615793229A0"}],"bounds":{"lowerRight":{"x":875,"y":509.0625},"upperLeft":{"x":733,"y":458}},"dockers":[{"x":50,"y":40},{"x":733,"y":479},{"x":875,"y":479},{"x":50,"y":40}],"target":{"resourceId":"oryx_75FE47BF-A812-45FF-B40D-6615793229A0"}},{"resourceId":"oryx_49F9125C-B720-4FD9-A53E-39367A2DC1E0","properties":{"Name":"Deployment Failure","id":"Flow56","Type":"Failure"},"stencil":{"id":"FailureLink"},"childShapes":[],"outgoing":[{"resourceId":"oryx_740ED0BD-5C18-4F07-A06B-9C43C855A1AB"}],"bounds":{"lowerRight":{"x":708.5,"y":490},"upperLeft":{"x":597.09375,"y":457.2171467795207}},"dockers":[{"x":25.5,"y":54.94159427470353},{"x":708.5,"y":490},{"x":50,"y":40}],"target":{"resourceId":"oryx_740ED0BD-5C18-4F07-A06B-9C43C855A1AB"}},{"resourceId":"oryx_0622DCD6-4CDD-4869-A5D8-9253E2403C2E","properties":{"Name":"Retry","id":"Flow57","Type":"Default"},"stencil":{"id":"Flow"},"childShapes":[],"outgoing":[{"resourceId":"oryx_692E6774-B808-407D-AE14-3E0DAA237812"}],"bounds":{"lowerRight":{"x":682.4238944074448,"y":449.0723506755736},"upperLeft":{"x":520.570428629746,"y":391.5877697761932}},"dockers":[{"x":25.5,"y":1},{"x":522.6706862922593,"y":391.5877697761932},{"x":31.07915735034038,"y":16.58776977619324}],"target":{"resourceId":"oryx_692E6774-B808-407D-AE14-3E0DAA237812"}},{"resourceId":"oryx_B6921511-8858-48EA-89F6-B385E855BE91","properties":{"Name":"Archive","id":"Flow58","Type":"Default"},"stencil":{"id":"Flow"},"childShapes":[],"outgoing":[{"resourceId":"oryx_75FE47BF-A812-45FF-B40D-6615793229A0"}],"bounds":{"lowerRight":{"x":824.7700691113381,"y":527},"upperLeft":{"x":597.5513939073519,"y":525}},"dockers":[{"x":39.27068944016247,"y":76},{"x":38.01007796800809,"y":16}],"target":{"resourceId":"oryx_75FE47BF-A812-45FF-B40D-6615793229A0"}},{"resourceId":"oryx_A9893958-FCCD-470A-A68C-530DA12C3312","properties":{"Name":"Success","id":"Flow125","Type":"Default"},"stencil":{"id":"Flow"},"childShapes":[],"outgoing":[{"resourceId":"oryx_9287892C-862B-4651-90CE-9AAA0D0E9114"}],"bounds":{"lowerRight":{"x":824.2519486926199,"y":611.4203881432996},"upperLeft":{"x":724,"y":562.4262881212551}},"dockers":[{"x":27.319301313419373,"y":52.42628812125503},{"x":724,"y":562.4262881212551},{"x":70,"y":30.4168481565265}],"target":{"resourceId":"oryx_9287892C-862B-4651-90CE-9AAA0D0E9114"}},{"resourceId":"oryx_F6A10388-278B-4742-93B5-312D60617434","properties":{"Name":"Flow270","id":"Flow270","Type":"Default"},"stencil":{"id":"Flow"},"childShapes":[],"outgoing":[{"resourceId":"oryx_11F539E7-5572-47E7-89C0-ECD375CADAAF"}],"bounds":{"lowerRight":{"x":424.21640625,"y":714},"upperLeft":{"x":378.45,"y":586.4701171875001}},"dockers":[{"x":14.45,"y":14.45},{"x":378.45,"y":714},{"x":50,"y":41}],"target":{"resourceId":"oryx_11F539E7-5572-47E7-89C0-ECD375CADAAF"}},{"resourceId":"oryx_506B75D2-464F-44C5-A7E3-23E93E0780F5","properties":{"Name":"Accept","id":"Flow275","Type":"Success"},"stencil":{"id":"SuccessLink"},"childShapes":[],"outgoing":[{"resourceId":"oryx_5C55B248-4935-4647-BD8E-2BC470EA90FC"}],"bounds":{"lowerRight":{"x":456,"y":672.2615135898061},"upperLeft":{"x":454,"y":397.62914312778054}},"dockers":[{"x":30,"y":25.776149700381097},{"x":50,"y":40}],"target":{"resourceId":"oryx_5C55B248-4935-4647-BD8E-2BC470EA90FC"}},{"resourceId":"oryx_3BEAB82D-21A1-4B64-80EE-96EA1EAEDA69","properties":{"Name":"Reject","id":"Flow276","Type":"Failure"},"stencil":{"id":"FailureLink"},"childShapes":[],"outgoing":[{"resourceId":"oryx_CEBB3AB1-DCB4-4DCF-AFDA-A6786D62DF38"}],"bounds":{"lowerRight":{"x":740.3019654774395,"y":781.1582939308533},"upperLeft":{"x":527.8167901323123,"y":714}},"dockers":[{"x":50,"y":41},{"x":740.3019654774395,"y":714},{"x":50,"y":40}],"target":{"resourceId":"oryx_CEBB3AB1-DCB4-4DCF-AFDA-A6786D62DF38"}},{"resourceId":"oryx_34EB0106-A67D-4D1A-A639-6BE2A4AAF7A0","properties":{"Name":"Rework","id":"Flow277","Type":"Default"},"stencil":{"id":"Flow"},"childShapes":[],"outgoing":[{"resourceId":"oryx_11F539E7-5572-47E7-89C0-ECD375CADAAF"}],"bounds":{"lowerRight":{"x":712.7327752918554,"y":781.1557517858353},"upperLeft":{"x":527.4091689387567,"y":737.8669832239286}},"dockers":[{"x":22.991382159442992,"y":38.31894602058662},{"x":712.7327752918554,"y":737.8669832239286},{"x":89.81226397902014,"y":64.86698322392863}],"target":{"resourceId":"oryx_11F539E7-5572-47E7-89C0-ECD375CADAAF"}},{"resourceId":"oryx_9002363B-E030-4732-A24F-7AD08358313B","properties":{"Name":"After Editions Purge","id":"Flow68","Type":"Default"},"stencil":{"id":"Flow"},"childShapes":[],"outgoing":[{"resourceId":"oryx_C5CB90F8-ADC4-4533-B859-11DBC9E54741"}],"bounds":{"lowerRight":{"x":1245.4083726860945,"y":621.5170571125916},"upperLeft":{"x":1131.706912216734,"y":561.1119320078383}},"dockers":[{"x":50,"y":40},{"x":1131.706912216734,"y":561.1119320078383},{"x":21.259787971946707,"y":27.111932007838277}],"target":{"resourceId":"oryx_C5CB90F8-ADC4-4533-B859-11DBC9E54741"}},{"resourceId":"oryx_7D3F4433-32B3-43F8-9F95-B5769C99EB6D","properties":{"Name":"Mail Timeout","id":"Flow69","Type":"Timeout","Timeout Duration":"+000100"},"stencil":{"id":"TimeoutLink"},"childShapes":[],"outgoing":[{"resourceId":"oryx_3F88BC13-06AE-49F2-8A60-4A835CE9F7A2"}],"bounds":{"lowerRight":{"x":1080.8370746472965,"y":672.9572772336467},"upperLeft":{"x":756.7879439123194,"y":670.9572772336467}},"dockers":[{"x":63.04943332994594,"y":59.95727723364661},{"x":48.553300658529224,"y":50.077960438520904}],"target":{"resourceId":"oryx_3F88BC13-06AE-49F2-8A60-4A835CE9F7A2"}},{"resourceId":"oryx_D40CE8DD-B255-46D4-8848-97A9D3257F5F","properties":{"Name":"Disabled Archival Module","id":"Flow101","Type":"Default"},"stencil":{"id":"Flow"},"childShapes":[],"outgoing":[{"resourceId":"oryx_C5CB90F8-ADC4-4533-B859-11DBC9E54741"}],"bounds":{"lowerRight":{"x":1243.9198784337198,"y":551},"upperLeft":{"x":927.4993632445617,"y":550}},"dockers":[{"x":50,"y":40},{"x":1084.2672538191712,"y":550},{"x":1084.2672538191712,"y":551},{"x":17,"y":17}],"target":{"resourceId":"oryx_C5CB90F8-ADC4-4533-B859-11DBC9E54741"}}],"bounds":{"lowerRight":{"x":1784.9999999999998,"y":1350},"upperLeft":{"x":0,"y":0}},"stencilset":{"url":"/iw-wfm/editor/stencilsets/iwov_process_model/iwovprocessmodels.json","namespace":"http://autonomy.com/stencilset/iwovwfm#"},"ssextensions":[],"modelVariables":[{"TaskId":"Workflow Properties1","PropertyName":"Global Variables","VariableId":"iw_edtion_config","VariableValue":{"value":{"id":"iw_edtion_config","isHidden":false,"description":"","isReadOnly":false,"label":"Edition Name","defaultValue":""},"type":"$IW_CV"},"TaskType":"ModelProperties","isDeleted":""},{"TaskId":"ReviewTask","PropertyName":"NoOfReviewers","VariableId":"Reviewers","VariableValue":"","TaskType":"","isDeleted":""},{"TaskId":"Review","PropertyName":"NoOfReviewers","VariableId":"Reviewers","VariableValue":{"value":{"isHidden":true,"id":"Reviewers","users":"$IW_AREAOWNER","description":"","isReadOnly":true,"noOfReviewers":1,"label":"Reviewers","reviewers":"u-$IW_AREAOWNER","groups":""},"type":"$IW_REVIEWER"},"TaskType":"ReviewTask","isDeleted":""},{"TaskId":"Archive Edition","PropertyName":"Description","VariableId":"description","VariableValue":{"value":{"id":"description","isHidden":false,"description":"","isReadOnly":false,"label":"Description","defaultValue":""},"type":"$IW_CV"},"TaskType":"URLTask","isDeleted":""},{"TaskId":"DeployTask","PropertyName":"OD Variables","VariableId":"iw_edtion_config","VariableValue":"","TaskType":"","isDeleted":""},{"TaskId":"EmailTask","PropertyName":"Variables","VariableId":"iw_recipient_mail_config","VariableValue":"","TaskType":"","isDeleted":""},{"TaskId":"DeployTask52","PropertyName":"Variables","VariableId":"deploy_name_config","VariableValue":{"value":{"id":"deploy_name_config","isHidden":false,"description":"","isReadOnly":false,"label":"deploy_name_config","defaultValue":"test"},"type":"$IW_CV"},"TaskType":"DeployTask","isDeleted":""},{"TaskId":"URLTask","PropertyName":"Description","VariableId":"description","VariableValue":"","TaskType":"","isDeleted":""},{"TaskId":"DeployTask","PropertyName":"Variables","VariableId":"deploy_name_config","VariableValue":"","TaskType":"","isDeleted":""},{"TaskId":"URLTask","PropertyName":"Variables","VariableId":"iw_edtion_config","VariableValue":"","TaskType":"","isDeleted":""},{"TaskId":"Workflow Properties1","PropertyName":"Description","VariableId":"job_description","VariableValue":{"value":{"id":"job_description","isHidden":false,"description":"","isReadOnly":false,"label":"Job Description","defaultValue":""},"type":"$IW_CV"},"TaskType":"ModelProperties","isDeleted":""},{"TaskId":"Workflow Properties1","PropertyName":"Global Variables","VariableId":"iw_recipient_mail_config","VariableValue":{"value":{"id":"iw_recipient_mail_config","isHidden":false,"description":"","isReadOnly":false,"label":"Recipient Mail IDs","defaultValue":""},"type":"$IW_CV"},"TaskType":"ModelProperties","isDeleted":""}]}