{
    "resourceId": "oryx-canvas123",
    "properties": {
        "Owner": "$IW_USER",
        "Priority": "2-Medium",
        "Brief Description": "Syndication and Translation Workflow",
        "Description": "",
        "DueDate": "",
        "Global Variables": "$IW_CV(ExternalTaskUrl)|$IW_CV(CustomUser)|$IW_CV(PostToAkeneo)|$IW_CV(PageAttributes)",
        "VAVariables": "",
        "Variables": "PageAttributes=$IW_CV(PageAttributes)|Attributes=Title,Description,Keywords,industry,country,language",
        "PostProcessorCommand": "",
        "PreProcessorCommand": "",
        "Name": "Syndication and Translation Workflow",
        "id": "Workflow Properties1",
        "ActivationCount": "",
        "Version": "1.0.0.1",
        "Status": "",
        "Valid": "true",
        "File Comments": "false"
    },
    "stencil": {
        "id": "ModelProperties"
    },
    "childShapes": [{
            "resourceId": "oryx_5C0E6BC1-EF6F-46F6-9E05-0CE7B7F7A61E",
            "properties": {
                "Name": "Start",
                "id": "Start",
                "CSSclass": "Event"
            },
            "stencil": {
                "id": "Start"
            },
            "childShapes": [],
            "outgoing": [{
                    "resourceId": "oryx_17864A1B-41FC-4147-A8BE-ABD85FCFE7E7"
                }
            ],
            "bounds": {
                "lowerRight": {
                    "x": 172,
                    "y": 94
                },
                "upperLeft": {
                    "x": 138,
                    "y": 60
                }
            },
            "dockers": []
        }, {
            "resourceId": "oryx_3B923986-3C42-4EE6-8A0C-A6E984B1ED8F",
            "properties": {
                "Name": "End",
                "id": "End",
                "Brief Description": "",
                "Eafinishop": "",
                "Eastartop": "",
                "Wfvarfinishop": "",
                "Wfvarstartop": "",
                "CSSclass": "Event"
            },
            "stencil": {
                "id": "End"
            },
            "childShapes": [],
            "outgoing": [],
            "bounds": {
                "lowerRight": {
                    "x": 859,
                    "y": 94
                },
                "upperLeft": {
                    "x": 825,
                    "y": 60
                }
            },
            "dockers": []
        }, {
            "resourceId": "oryx_17864A1B-41FC-4147-A8BE-ABD85FCFE7E7",
            "properties": {
                "Name": "Start Syndication",
                "id": "Flow4",
                "Type": "Default"
            },
            "stencil": {
                "id": "Flow"
            },
            "childShapes": [],
            "outgoing": [{
                    "resourceId": "oryx_EC0F84E4-5EEE-47B7-9EC3-D643F01816BB"
                }
            ],
            "bounds": {
                "lowerRight": {
                    "x": 156,
                    "y": 209.8046875
                },
                "upperLeft": {
                    "x": 154,
                    "y": 94.21875
                }
            },
            "dockers": [{
                    "x": 17,
                    "y": 17
                }, {
                    "x": 50,
                    "y": 40
                }
            ],
            "target": {
                "resourceId": "oryx_EC0F84E4-5EEE-47B7-9EC3-D643F01816BB"
            }
        }, {
            "resourceId": "oryx_249E07A1-8294-4783-991A-0FED36B33C58",
            "properties": {
                "Name": "Success",
                "id": "Flow6",
                "Type": "Default"
            },
            "stencil": {
                "id": "Flow"
            },
            "childShapes": [],
            "outgoing": [{
                    "resourceId": "oryx_E78FA063-BE19-4839-B8BF-22FA13B089B7"
                }
            ],
            "bounds": {
                "lowerRight": {
                    "x": 156,
                    "y": 389.625
                },
                "upperLeft": {
                    "x": 154,
                    "y": 290.375
                }
            },
            "dockers": [{
                    "x": 50,
                    "y": 40
                }, {
                    "x": 50,
                    "y": 40
                }
            ],
            "target": {
                "resourceId": "oryx_E78FA063-BE19-4839-B8BF-22FA13B089B7"
            }
        }, {
            "resourceId": "oryx_E0E7A146-6A5B-45D6-846F-33B906E6A8AF",
            "properties": {
                "AreaVPath": "$IW_WORKAREA",
                "Brief Description": "Syndicate the attached files to the selected target areas",
                "Description": "",
                "Name": "Syndicate",
                "id": "Syndicate",
                "CSSclass": "Task",
                "Owner": "$IW_CV(CustomUser)",
                "URI": "$IW_CV(ExternalTaskUrl)",
                "Retry": "true",
                "Lock": "false",
                "Readonly": "false",
                "Transferonly": "false",
                "Variables": "ClassName=com.deere.livesite.workflow.syndication.SyndicationTask|SyndicationMode=$IW_CV(SyndicationMode)|TargetBranches=$IW_CV(TargetBranches)",
                "Eafinishop": "",
                "Eastartop": "",
                "Wfvarfinishop": "",
                "Wfvarstartop": "set:ErrorTaskName=Syndicate",
                "ActivationCount": "0",
                "Status": "none",
                "Valid": "none",
                "BackgroundColor": "#c0c0c0",
                "TaskType": "ItsURLTask"
            },
            "stencil": {
                "id": "URLTask"
            },
            "childShapes": [],
            "outgoing": [{
                    "resourceId": "oryx_0BC5FC6F-9C2D-4759-BB1E-56799D9331D7"
                }, {
                    "resourceId": "oryx_3A6046BF-1972-402B-A1E5-0722CE2CFFB3"
                }
            ],
            "bounds": {
                "lowerRight": {
                    "x": 205,
                    "y": 665
                },
                "upperLeft": {
                    "x": 105,
                    "y": 585
                }
            },
            "dockers": []
        }, {
            "resourceId": "oryx_0BC5FC6F-9C2D-4759-BB1E-56799D9331D7",
            "properties": {
                "Name": "Success",
                "id": "Flow10",
                "Type": "Default"
            },
            "stencil": {
                "id": "Flow"
            },
            "childShapes": [],
            "outgoing": [{
                    "resourceId": "oryx_5016F595-7EF8-471E-B67A-0DC5736CE88F"
                }
            ],
            "bounds": {
                "lowerRight": {
                    "x": 155.44254242752538,
                    "y": 784.7578163366582
                },
                "upperLeft": {
                    "x": 155.11214507247462,
                    "y": 665.4843711633418
                }
            },
            "dockers": [{
                    "x": 50,
                    "y": 40
                }, {
                    "x": 20.5,
                    "y": 20.5
                }
            ],
            "target": {
                "resourceId": "oryx_5016F595-7EF8-471E-B67A-0DC5736CE88F"
            }
        }, {
            "resourceId": "oryx_9398CAEA-CDFA-41EF-A293-2E5245158D0D",
            "properties": {
                "AreaVPath": "$IW_WORKAREA",
                "Brief Description": "Administrators can resolve or cancel the workflow process",
                "Description": "",
                "Name": "Resolve Error",
                "id": "Resolve Error",
                "CSSclass": "Task",
                "Shared by": "Users=$IW_CV(Owner)",
                "Retain Owner": "false",
                "Lock": "false",
                "Readonly": "false",
                "Transferonly": "false",
                "Variables": "",
                "Eafinishop": "",
                "Eastartop": "",
                "Wfvarfinishop": "",
                "Wfvarstartop": "",
                "ActivationCount": "0",
                "Status": "none",
                "Valid": "none",
                "BackgroundColor": "#c0c0c0",
                "TaskType": "ItsGroupTask"
            },
            "stencil": {
                "id": "GroupTask"
            },
            "childShapes": [],
            "outgoing": [{
                    "resourceId": "oryx_97C2F17D-6A2A-464A-BE03-6B8A9E44FFDB"
                }, {
                    "resourceId": "oryx_3B292AF2-A407-4817-A5D3-68D0B5F340EB"
                }
            ],
            "bounds": {
                "lowerRight": {
                    "x": 535,
                    "y": 380
                },
                "upperLeft": {
                    "x": 435,
                    "y": 300
                }
            },
            "dockers": []
        }, {
            "resourceId": "oryx_15976F59-B0AD-461E-8252-0385A46AE630",
            "properties": {
                "AreaVPath": "$IW_WORKAREA",
                "Brief Description": "Retry the previous workflow task",
                "Description": "",
                "Name": "Retry After Error",
                "id": "Retry After Error",
                "CSSclass": "Task",
                "Owner": "$IW_USER",
                "URI": "$IW_CV(ExternalTaskUrl)",
                "Retry": "true",
                "Lock": "false",
                "Readonly": "false",
                "Transferonly": "false",
                "Variables": "ClassName=com.deere.livesite.workflow.RetryHandlerTask|ErrorVariableName=ErrorTaskName",
                "Eafinishop": "",
                "Eastartop": "",
                "Wfvarfinishop": "",
                "Wfvarstartop": "",
                "ActivationCount": "0",
                "Status": "none",
                "Valid": "none",
                "BackgroundColor": "#c0c0c0",
                "TaskType": "ItsURLTask"
            },
            "stencil": {
                "id": "URLTask"
            },
            "childShapes": [],
            "outgoing": [{
                    "resourceId": "oryx_26FCABC1-8C89-4B61-80C4-66032C341CAE"
                }, {
                    "resourceId": "oryx_61C8B781-47C7-47AC-8B42-EA066F3C07D1"
                }, {
                    "resourceId": "oryx_2A4048BA-CEF9-4AE5-A35B-A051AE935FCC"
                }, {
                    "resourceId": "oryx_A265FA9B-8756-46F8-98F9-9E6BFBBB9B3B"
                }, {
                    "resourceId": "oryx_A39B08E1-E204-494C-887A-770F0B72B727"
                }
            ],
            "bounds": {
                "lowerRight": {
                    "x": 535,
                    "y": 665
                },
                "upperLeft": {
                    "x": 435,
                    "y": 585
                }
            },
            "dockers": []
        }, {
            "resourceId": "oryx_97C2F17D-6A2A-464A-BE03-6B8A9E44FFDB",
            "properties": {
                "Name": "Retry",
                "id": "Flow15",
                "Type": "Default"
            },
            "stencil": {
                "id": "Flow"
            },
            "childShapes": [],
            "outgoing": [{
                    "resourceId": "oryx_15976F59-B0AD-461E-8252-0385A46AE630"
                }
            ],
            "bounds": {
                "lowerRight": {
                    "x": 486,
                    "y": 584.478515625
                },
                "upperLeft": {
                    "x": 484,
                    "y": 380.521484375
                }
            },
            "dockers": [{
                    "x": 50,
                    "y": 40
                }, {
                    "x": 50,
                    "y": 40
                }
            ],
            "target": {
                "resourceId": "oryx_15976F59-B0AD-461E-8252-0385A46AE630"
            }
        }, {
            "resourceId": "oryx_3B292AF2-A407-4817-A5D3-68D0B5F340EB",
            "properties": {
                "Name": "Cancel",
                "id": "Flow16",
                "Type": "Default"
            },
            "stencil": {
                "id": "Flow"
            },
            "childShapes": [],
            "outgoing": [{
                    "resourceId": "oryx_3B923986-3C42-4EE6-8A0C-A6E984B1ED8F"
                }
            ],
            "bounds": {
                "lowerRight": {
                    "x": 827.946840607229,
                    "y": 302.9361747680706
                },
                "upperLeft": {
                    "x": 535.310971892771,
                    "y": 87.35288773192939
                }
            },
            "dockers": [{
                    "x": 50,
                    "y": 40
                }, {
                    "x": 17,
                    "y": 17
                }
            ],
            "target": {
                "resourceId": "oryx_3B923986-3C42-4EE6-8A0C-A6E984B1ED8F"
            }
        }, {
            "resourceId": "oryx_F50DF9BA-683E-4047-BFA7-0D8991B8B838",
            "properties": {
                "Name": "Email Timeout",
                "id": "Flow18",
                "Type": "Timeout",
                "Timeout Duration": "+000001"
            },
            "stencil": {
                "id": "TimeoutLink"
            },
            "childShapes": [],
            "outgoing": [{
                    "resourceId": "oryx_9398CAEA-CDFA-41EF-A293-2E5245158D0D"
                }
            ],
            "bounds": {
                "lowerRight": {
                    "x": 544,
                    "y": 299.9212165937939
                },
                "upperLeft": {
                    "x": 510.42632495662536,
                    "y": 110.07878340620611
                }
            },
            "dockers": [{
                    "x": 50,
                    "y": 40
                }, {
                    "x": 544,
                    "y": 163
                }, {
                    "x": 544,
                    "y": 247
                }, {
                    "x": 50,
                    "y": 40
                }
            ],
            "target": {
                "resourceId": "oryx_9398CAEA-CDFA-41EF-A293-2E5245158D0D"
            }
        }, {
            "resourceId": "oryx_4BDF1A32-1DDE-4801-9BE3-F8B433C363B0",
            "properties": {
                "Name": "Email Timeout",
                "id": "Flow19",
                "Type": "Timeout",
                "Timeout Duration": "+000001"
            },
            "stencil": {
                "id": "TimeoutLink"
            },
            "childShapes": [],
            "outgoing": [{
                    "resourceId": "oryx_3B923986-3C42-4EE6-8A0C-A6E984B1ED8F"
                }
            ],
            "bounds": {
                "lowerRight": {
                    "x": 861.3000167500147,
                    "y": 964.2485868024181
                },
                "upperLeft": {
                    "x": 842,
                    "y": 94.01874947547913
                }
            },
            "dockers": [{
                    "x": 50,
                    "y": 40
                }, {
                    "x": 857.4000244140625,
                    "y": 737.2000122070312
                }, {
                    "x": 842,
                    "y": 170.1999969482422
                }, {
                    "x": 17,
                    "y": 17
                }
            ],
            "target": {
                "resourceId": "oryx_3B923986-3C42-4EE6-8A0C-A6E984B1ED8F"
            }
        }, {
            "resourceId": "oryx_3A6046BF-1972-402B-A1E5-0722CE2CFFB3",
            "properties": {
                "Name": "Failure",
                "id": "Flow23",
                "Type": "Default"
            },
            "stencil": {
                "id": "Flow"
            },
            "childShapes": [],
            "outgoing": [{
                    "resourceId": "oryx_D88A710B-1871-4D23-BD25-F292AAB3F2E0"
                }
            ],
            "bounds": {
                "lowerRight": {
                    "x": 460.96353398212284,
                    "y": 584.5750344244793
                },
                "upperLeft": {
                    "x": 179.03646601787716,
                    "y": 110.42496557552066
                }
            },
            "dockers": [{
                    "x": 50,
                    "y": 40
                }, {
                    "x": 50,
                    "y": 40
                }
            ],
            "target": {
                "resourceId": "oryx_D88A710B-1871-4D23-BD25-F292AAB3F2E0"
            }
        }, {
            "resourceId": "oryx_37DF0373-CF23-4E09-A6CE-D7D1950332B7",
            "properties": {
                "Name": "Failure",
                "id": "Flow24",
                "Type": "Default"
            },
            "stencil": {
                "id": "Flow"
            },
            "childShapes": [],
            "outgoing": [{
                    "resourceId": "oryx_D88A710B-1871-4D23-BD25-F292AAB3F2E0"
                }
            ],
            "bounds": {
                "lowerRight": {
                    "x": 434.4931981770856,
                    "y": 222.45083536931944
                },
                "upperLeft": {
                    "x": 205.50680182291438,
                    "y": 97.54916463068058
                }
            },
            "dockers": [{
                    "x": 50,
                    "y": 40
                }, {
                    "x": 50,
                    "y": 40
                }
            ],
            "target": {
                "resourceId": "oryx_D88A710B-1871-4D23-BD25-F292AAB3F2E0"
            }
        }, {
            "resourceId": "oryx_26FCABC1-8C89-4B61-80C4-66032C341CAE",
            "properties": {
                "Name": "Syndicate",
                "id": "Flow25",
                "Type": "Default"
            },
            "stencil": {
                "id": "Flow"
            },
            "childShapes": [],
            "outgoing": [{
                    "resourceId": "oryx_E0E7A146-6A5B-45D6-846F-33B906E6A8AF"
                }
            ],
            "bounds": {
                "lowerRight": {
                    "x": 434.37109375,
                    "y": 626
                },
                "upperLeft": {
                    "x": 205.62890625,
                    "y": 624
                }
            },
            "dockers": [{
                    "x": 50,
                    "y": 40
                }, {
                    "x": 50,
                    "y": 40
                }
            ],
            "target": {
                "resourceId": "oryx_E0E7A146-6A5B-45D6-846F-33B906E6A8AF"
            }
        }, {
            "resourceId": "oryx_61C8B781-47C7-47AC-8B42-EA066F3C07D1",
            "properties": {
                "Name": "Attach Dependencies",
                "id": "Flow26",
                "Type": "Default"
            },
            "stencil": {
                "id": "Flow"
            },
            "childShapes": [],
            "outgoing": [{
                    "resourceId": "oryx_EC0F84E4-5EEE-47B7-9EC3-D643F01816BB"
                }
            ],
            "bounds": {
                "lowerRight": {
                    "x": 449.534684605108,
                    "y": 584.6985052330773
                },
                "upperLeft": {
                    "x": 190.46531539489203,
                    "y": 290.30149476692276
                }
            },
            "dockers": [{
                    "x": 50,
                    "y": 40
                }, {
                    "x": 50,
                    "y": 40
                }
            ],
            "target": {
                "resourceId": "oryx_EC0F84E4-5EEE-47B7-9EC3-D643F01816BB"
            }
        }, {
            "resourceId": "oryx_669560D4-6067-467C-A4CC-0B9DBB9D0649",
            "properties": {
                "AreaVPath": "$IW_WORKAREA",
                "Brief Description": "Send an e-mail indicating the syndication process is complete",
                "Description": "",
                "Name": "Syndication Complete Email",
                "id": "Syndication Complete Email",
                "CSSclass": "Task",
                "Owner": "$IW_USER",
                "EMailCommand": "$IW_CV(ExternalTaskUrl)",
                "Retry": "true",
                "Lock": "false",
                "Readonly": "false",
                "Transferonly": "false",
                "Variables": "ClassName=com.deere.livesite.workflow.syndication.TranslationNotification|target_task_name=Syndication Complete Email|mail_subject=Syndication Workflow - Successfully Completed Syndication|mail_template=/iwadmin/main/config/STAGING/workflow/email/deere/SyndicationSuccessfulNotification.xsl|serverName=syndication|translation_task_name=Syndicate|TranslateContent=$IW_CV(TranslateContent)",
                "Eafinishop": "",
                "Eastartop": "",
                "Wfvarfinishop": "",
                "Wfvarstartop": "set:ErrorTaskName=Syndication Complete Email",
                "ActivationCount": "0",
                "Status": "none",
                "Valid": "none",
                "BackgroundColor": "#c0c0c0",
                "TaskType": "ItsEmailTask"
            },
            "stencil": {
                "id": "EmailTask"
            },
            "childShapes": [],
            "outgoing": [{
                    "resourceId": "oryx_4BDF1A32-1DDE-4801-9BE3-F8B433C363B0"
                }, {
                    "resourceId": "oryx_69C4D949-39E1-4614-B144-261FEB0C1221"
                }
            ],
            "bounds": {
                "lowerRight": {
                    "x": 912,
                    "y": 1045
                },
                "upperLeft": {
                    "x": 812,
                    "y": 965
                }
            },
            "dockers": []
        }, {
            "resourceId": "oryx_69C4D949-39E1-4614-B144-261FEB0C1221",
            "properties": {
                "Name": "Syndication Complete Email",
                "id": "Flow2",
                "Type": "Default"
            },
            "stencil": {
                "id": "Flow"
            },
            "childShapes": [],
            "outgoing": [{
                    "resourceId": "oryx_3B923986-3C42-4EE6-8A0C-A6E984B1ED8F"
                }
            ],
            "bounds": {
                "lowerRight": {
                    "x": 977.4000244140625,
                    "y": 1005
                },
                "upperLeft": {
                    "x": 859,
                    "y": 79.7919921875
                }
            },
            "dockers": [{
                    "x": 99,
                    "y": 40
                }, {
                    "x": 977.4000244140625,
                    "y": 1005
                }, {
                    "x": 977.4000244140625,
                    "y": 79.7919921875
                }, {
                    "x": 33,
                    "y": 19.7919921875
                }
            ],
            "target": {
                "resourceId": "oryx_3B923986-3C42-4EE6-8A0C-A6E984B1ED8F"
            }
        }, {
            "resourceId": "oryx_E78FA063-BE19-4839-B8BF-22FA13B089B7",
            "properties": {
                "AreaVPath": "$IW_WORKAREA",
                "Brief Description": "Review the attached files for syndication",
                "Description": "",
                "Name": "Review Attachments",
                "id": "Review Attachments",
                "CSSclass": "Task",
                "Owner": "$IW_USER",
                "CGIScriptName": "/iw-cc/customer/syndication/syndication_review.jsp",
                "Immediate": "true",
                "Lock": "false",
                "Readonly": "false",
                "Transferonly": "false",
                "Variables": "CancelTransition=Cancel|SuccessTransition=Syndicate|TargetBranches=$IW_CV(TargetBranches)",
                "Eafinishop": "",
                "Eastartop": "set:ErrorTaskName=Review Attachments",
                "Wfvarfinishop": "",
                "Wfvarstartop": "",
                "ActivationCount": "0",
                "Status": "none",
                "Valid": "none",
                "BackgroundColor": "#c0c0c0",
                "TaskType": "ItsCGITask"
            },
            "stencil": {
                "id": "CGITask"
            },
            "childShapes": [],
            "outgoing": [{
                    "resourceId": "oryx_326109E3-AE67-44FA-9CB3-F6F561EA35CD"
                }, {
                    "resourceId": "oryx_6B8F50F7-D058-41BE-85E3-97DC0FD07D34"
                }, {
                    "resourceId": "oryx_8DD672FF-FE7C-45F1-9148-0750B28D71FB"
                }
            ],
            "bounds": {
                "lowerRight": {
                    "x": 205,
                    "y": 470
                },
                "upperLeft": {
                    "x": 105,
                    "y": 390
                }
            },
            "dockers": []
        }, {
            "resourceId": "oryx_326109E3-AE67-44FA-9CB3-F6F561EA35CD",
            "properties": {
                "Name": "Syndicate",
                "id": "Flow3",
                "Type": "Default"
            },
            "stencil": {
                "id": "Flow"
            },
            "childShapes": [],
            "outgoing": [{
                    "resourceId": "oryx_E0E7A146-6A5B-45D6-846F-33B906E6A8AF"
                }
            ],
            "bounds": {
                "lowerRight": {
                    "x": 156,
                    "y": 584.390625
                },
                "upperLeft": {
                    "x": 154,
                    "y": 470.609375
                }
            },
            "dockers": [{
                    "x": 50,
                    "y": 40
                }, {
                    "x": 50,
                    "y": 40
                }
            ],
            "target": {
                "resourceId": "oryx_E0E7A146-6A5B-45D6-846F-33B906E6A8AF"
            }
        }, {
            "resourceId": "oryx_EC0F84E4-5EEE-47B7-9EC3-D643F01816BB",
            "properties": {
                "AreaVPath": "$IW_WORKAREA",
                "Brief Description": "Attach additional dependencies to the workflow for syndication",
                "Description": "",
                "Name": "Attach Dependencies",
                "id": "Attach Dependencies",
                "CSSclass": "Task",
                "Owner": "$IW_USER",
                "CGIScriptName": "/iw-cc/customer/syndication/attach_dependencies.jsp",
                "Immediate": "true",
                "Lock": "false",
                "Readonly": "false",
                "Transferonly": "false",
                "Variables": "TargetBranches=$IW_CV(TargetBranches)|DisableGlobalBlacklist=true",
                "Eafinishop": "",
                "Eastartop": "set:ErrorTaskName=Attach Dependencies",
                "Wfvarfinishop": "",
                "Wfvarstartop": "",
                "ActivationCount": "0",
                "Status": "none",
                "Valid": "none",
                "BackgroundColor": "#c0c0c0",
                "TaskType": "ItsCGITask"
            },
            "stencil": {
                "id": "CGITask"
            },
            "childShapes": [],
            "outgoing": [{
                    "resourceId": "oryx_37DF0373-CF23-4E09-A6CE-D7D1950332B7"
                }, {
                    "resourceId": "oryx_249E07A1-8294-4783-991A-0FED36B33C58"
                }
            ],
            "bounds": {
                "lowerRight": {
                    "x": 205,
                    "y": 290
                },
                "upperLeft": {
                    "x": 105,
                    "y": 210
                }
            },
            "dockers": []
        }, {
            "resourceId": "oryx_2A4048BA-CEF9-4AE5-A35B-A051AE935FCC",
            "properties": {
                "Name": "Review Attachments",
                "id": "Flow5",
                "Type": "Default"
            },
            "stencil": {
                "id": "Flow"
            },
            "childShapes": [],
            "outgoing": [{
                    "resourceId": "oryx_E78FA063-BE19-4839-B8BF-22FA13B089B7"
                }
            ],
            "bounds": {
                "lowerRight": {
                    "x": 434.5101672217857,
                    "y": 595.1650988128733
                },
                "upperLeft": {
                    "x": 205.48983277821432,
                    "y": 459.83490118712666
                }
            },
            "dockers": [{
                    "x": 50,
                    "y": 40
                }, {
                    "x": 50,
                    "y": 40
                }
            ],
            "target": {
                "resourceId": "oryx_E78FA063-BE19-4839-B8BF-22FA13B089B7"
            }
        }, {
            "resourceId": "oryx_6B8F50F7-D058-41BE-85E3-97DC0FD07D34",
            "properties": {
                "Name": "Failure",
                "id": "Flow7",
                "Type": "Default"
            },
            "stencil": {
                "id": "Flow"
            },
            "childShapes": [],
            "outgoing": [{
                    "resourceId": "oryx_D88A710B-1871-4D23-BD25-F292AAB3F2E0"
                }
            ],
            "bounds": {
                "lowerRight": {
                    "x": 448.23052537148266,
                    "y": 389.88784585979926
                },
                "upperLeft": {
                    "x": 191.76947462851734,
                    "y": 110.11215414020074
                }
            },
            "dockers": [{
                    "x": 50,
                    "y": 40
                }, {
                    "x": 50,
                    "y": 40
                }
            ],
            "target": {
                "resourceId": "oryx_D88A710B-1871-4D23-BD25-F292AAB3F2E0"
            }
        }, {
            "resourceId": "oryx_A265FA9B-8756-46F8-98F9-9E6BFBBB9B3B",
            "properties": {
                "Name": "Task Timeout",
                "id": "Flow8",
                "Type": "Timeout",
                "Timeout Duration": "+000001"
            },
            "stencil": {
                "id": "TimeoutLink"
            },
            "childShapes": [],
            "outgoing": [{
                    "resourceId": "oryx_9398CAEA-CDFA-41EF-A293-2E5245158D0D"
                }
            ],
            "bounds": {
                "lowerRight": {
                    "x": 533,
                    "y": 584.4058371373612
                },
                "upperLeft": {
                    "x": 512.5600739035159,
                    "y": 380.76594264895067
                }
            },
            "dockers": [{
                    "x": 50,
                    "y": 40
                }, {
                    "x": 533,
                    "y": 558
                }, {
                    "x": 533,
                    "y": 411
                }, {
                    "x": 50,
                    "y": 40
                }
            ],
            "target": {
                "resourceId": "oryx_9398CAEA-CDFA-41EF-A293-2E5245158D0D"
            }
        }, {
            "resourceId": "oryx_8DD672FF-FE7C-45F1-9148-0750B28D71FB",
            "properties": {
                "Name": "Cancel",
                "id": "Flow1",
                "Type": "Default"
            },
            "stencil": {
                "id": "Flow"
            },
            "childShapes": [],
            "outgoing": [{
                    "resourceId": "oryx_3B923986-3C42-4EE6-8A0C-A6E984B1ED8F"
                }
            ],
            "bounds": {
                "lowerRight": {
                    "x": 826.350781137702,
                    "y": 404.0332081846562
                },
                "upperLeft": {
                    "x": 205.53593761229797,
                    "y": 85.0410105653438
                }
            },
            "dockers": [{
                    "x": 50,
                    "y": 40
                }, {
                    "x": 17,
                    "y": 17
                }
            ],
            "target": {
                "resourceId": "oryx_3B923986-3C42-4EE6-8A0C-A6E984B1ED8F"
            }
        }, {
            "resourceId": "oryx_D88A710B-1871-4D23-BD25-F292AAB3F2E0",
            "properties": {
                "AreaVPath": "$IW_WORKAREA",
                "Brief Description": "E-mail administrators about the error that has occurred during processing",
                "Description": "",
                "Name": "Error Notification Email",
                "id": "Error Notification Email",
                "CSSclass": "Task",
                "Owner": "$IW_USER",
                "EMailCommand": "$IW_CV(ExternalTaskUrl)",
                "Retry": "true",
                "Lock": "false",
                "Readonly": "false",
                "Transferonly": "false",
                "Variables": "ClassName=com.deere.livesite.authoring.workflow.acpw.task.AutomatedDeploymentFailureNotification|target_task_name=Error Notification Email|mail_subject=Syndication Workflow - Syndication Error Notification|mail_template=/iwadmin/main/config/STAGING/workflow/email/deere/SyndicationFailureNotification.xsl|serverName=syndication",
                "Eafinishop": "",
                "Eastartop": "",
                "Wfvarfinishop": "",
                "Wfvarstartop": "set:ErrorTaskName=Syndication Complete Email",
                "ActivationCount": "0",
                "Status": "none",
                "Valid": "none",
                "BackgroundColor": "#c0c0c0",
                "TaskType": "ItsEmailTask"
            },
            "stencil": {
                "id": "EmailTask"
            },
            "childShapes": [],
            "outgoing": [{
                    "resourceId": "oryx_F50DF9BA-683E-4047-BFA7-0D8991B8B838"
                }, {
                    "resourceId": "oryx_F30F6784-00BF-4684-A25C-A3496279B2E1"
                }
            ],
            "bounds": {
                "lowerRight": {
                    "x": 535,
                    "y": 110
                },
                "upperLeft": {
                    "x": 435,
                    "y": 30
                }
            },
            "dockers": []
        }, {
            "resourceId": "oryx_F30F6784-00BF-4684-A25C-A3496279B2E1",
            "properties": {
                "Name": "Error Notification Email",
                "id": "Flow9",
                "Type": "Default"
            },
            "stencil": {
                "id": "Flow"
            },
            "childShapes": [],
            "outgoing": [{
                    "resourceId": "oryx_9398CAEA-CDFA-41EF-A293-2E5245158D0D"
                }
            ],
            "bounds": {
                "lowerRight": {
                    "x": 486,
                    "y": 299.9765625
                },
                "upperLeft": {
                    "x": 484,
                    "y": 110.0234375
                }
            },
            "dockers": [{
                    "x": 50,
                    "y": 40
                }, {
                    "x": 50,
                    "y": 40
                }
            ],
            "target": {
                "resourceId": "oryx_9398CAEA-CDFA-41EF-A293-2E5245158D0D"
            }
        }, {
            "resourceId": "oryx_85590FB8-FCD5-4A7C-B99C-0188306B8744",
            "properties": {
                "AreaVPath": "$IW_WORKAREA",
                "Brief Description": "Send the content for translation",
                "Description": "",
                "Name": "Send For Translation",
                "id": "Send For Translation",
                "CSSclass": "Task",
                "Owner": "$IW_USER",
                "URI": "$IW_CV(ExternalTaskUrl)",
                "Retry": "true",
                "Lock": "false",
                "Readonly": "false",
                "Transferonly": "false",
                "Variables": "JobContact=$IW_CV(JobContact)|ProjectPO=$IW_CV(ProjectPO)|ProjectDescription=$IW_CV(ProjectDescription)|ProjectType=$IW_CV(ProjectType)|ProjectSettingsName=$IW_CV(ProjectSettingsName)|ProjectDeadline=$IW_CV(ProjectDeadline)|SettingTemplateName=$IW_CV(SettingTemplateName)|PartialCheckoutIndicator=$IW_CV(PartialCheckoutIndicator)|Relation=$IW_CV(Relation)|PerformerType=$IW_CV(PerformerType)|Performer=$IW_CV(Performer)|ReportingTemplate=$IW_CV(ReportingTemplate)|WorkflowName=$IW_CV(WorkflowName)|ClassName=com.deere.livesite.workflow.syndication.SendForTranslationTask|TargetBranches=$IW_CV(TargetBranches)|DefaultTransformTemplate=$IW_CV(DefaultTransformTemplate)|SPPageTransformTemplate=$IW_CV(SPPageTransformTemplate)|DCRTransformTemplate=$IW_CV(DCRTransformTemplate)|JSONTransformTemplate=$IW_CV(JSONTransformTemplate)|PostToAkeneo=$IW_CV(PostToAkeneo)|ProjectManager=$IW_CV(ProjectManager)",
                "Eafinishop": "",
                "Eastartop": "",
                "Wfvarfinishop": "",
                "Wfvarstartop": "set:ErrorTaskName=Send For Translation",
                "ActivationCount": "0",
                "Status": "none",
                "Valid": "none",
                "BackgroundColor": "#c0c0c0",
                "TaskType": "ItsURLTask"
            },
            "stencil": {
                "id": "URLTask"
            },
            "childShapes": [],
            "outgoing": [{
                    "resourceId": "oryx_F5F4DB1B-CAB7-4A88-A6A9-0851C86A64FF"
                }, {
                    "resourceId": "oryx_5450B4FE-C4B5-4A11-863E-D922A566BA2B"
                }
            ],
            "bounds": {
                "lowerRight": {
                    "x": 535,
                    "y": 845
                },
                "upperLeft": {
                    "x": 435,
                    "y": 765
                }
            },
            "dockers": []
        }, {
            "resourceId": "oryx_F5F4DB1B-CAB7-4A88-A6A9-0851C86A64FF",
            "properties": {
                "Name": "Success",
                "id": "Flow11",
                "Type": "Default"
            },
            "stencil": {
                "id": "Flow"
            },
            "childShapes": [],
            "outgoing": [{
                    "resourceId": "oryx_4A4C730B-F5D1-4DBC-A4AB-D9CC3B4D8D4D"
                }
            ],
            "bounds": {
                "lowerRight": {
                    "x": 692,
                    "y": 805
                },
                "upperLeft": {
                    "x": 535.32421875,
                    "y": 775.96875
                }
            },
            "dockers": [{
                    "x": 50,
                    "y": 40
                }, {
                    "x": 692,
                    "y": 805
                }, {
                    "x": 50,
                    "y": 79
                }
            ],
            "target": {
                "resourceId": "oryx_4A4C730B-F5D1-4DBC-A4AB-D9CC3B4D8D4D"
            }
        }, {
            "resourceId": "oryx_5450B4FE-C4B5-4A11-863E-D922A566BA2B",
            "properties": {
                "Name": "Failure",
                "id": "Flow12",
                "Type": "Default"
            },
            "stencil": {
                "id": "Flow"
            },
            "childShapes": [],
            "outgoing": [{
                    "resourceId": "oryx_D88A710B-1871-4D23-BD25-F292AAB3F2E0"
                }
            ],
            "bounds": {
                "lowerRight": {
                    "x": 621,
                    "y": 770.2870961909649
                },
                "upperLeft": {
                    "x": 535.7629561078363,
                    "y": 70
                }
            },
            "dockers": [{
                    "x": 50,
                    "y": 40
                }, {
                    "x": 621,
                    "y": 712
                }, {
                    "x": 621,
                    "y": 70
                }, {
                    "x": 50,
                    "y": 40
                }
            ],
            "target": {
                "resourceId": "oryx_D88A710B-1871-4D23-BD25-F292AAB3F2E0"
            }
        }, {
            "resourceId": "oryx_A39B08E1-E204-494C-887A-770F0B72B727",
            "properties": {
                "Name": "Send For Translation",
                "id": "Flow13",
                "Type": "Default"
            },
            "stencil": {
                "id": "Flow"
            },
            "childShapes": [],
            "outgoing": [{
                    "resourceId": "oryx_85590FB8-FCD5-4A7C-B99C-0188306B8744"
                }
            ],
            "bounds": {
                "lowerRight": {
                    "x": 486,
                    "y": 764.625
                },
                "upperLeft": {
                    "x": 484,
                    "y": 665.375
                }
            },
            "dockers": [{
                    "x": 50,
                    "y": 40
                }, {
                    "x": 50,
                    "y": 40
                }
            ],
            "target": {
                "resourceId": "oryx_85590FB8-FCD5-4A7C-B99C-0188306B8744"
            }
        }, {
            "resourceId": "oryx_5016F595-7EF8-471E-B67A-0DC5736CE88F",
            "properties": {
                "Name": "Translate or Finish",
                "id": "Translate or Finish",
                "GatewayType": "OR"
            },
            "stencil": {
                "id": "OR"
            },
            "childShapes": [],
            "outgoing": [{
                    "resourceId": "oryx_D5CCF8D5-2C8A-4AC6-B1C6-196175F0B1C2"
                }, {
                    "resourceId": "oryx_41F9BD8E-9EA4-4754-BC1A-1ACFBBA4A7FA"
                }
            ],
            "bounds": {
                "lowerRight": {
                    "x": 175,
                    "y": 825
                },
                "upperLeft": {
                    "x": 135,
                    "y": 785
                }
            },
            "dockers": []
        }, {
            "resourceId": "oryx_D5CCF8D5-2C8A-4AC6-B1C6-196175F0B1C2",
            "properties": {
                "Name": "Send for Translation",
                "id": "Flow14",
                "Type": "Conditional",
                "Expression": "$IW_SCRIPT(ID1487960463086)"
            },
            "stencil": {
                "id": "ConditionalLink"
            },
            "childShapes": [],
            "outgoing": [{
                    "resourceId": "oryx_85590FB8-FCD5-4A7C-B99C-0188306B8744"
                }
            ],
            "bounds": {
                "lowerRight": {
                    "x": 434.4462902138263,
                    "y": 805.4691856760642
                },
                "upperLeft": {
                    "x": 175.8066394736737,
                    "y": 805.0767127614358
                }
            },
            "dockers": [{
                    "x": 20.5,
                    "y": 20.5
                }, {
                    "x": 50,
                    "y": 40
                }
            ],
            "target": {
                "resourceId": "oryx_85590FB8-FCD5-4A7C-B99C-0188306B8744"
            }
        }, {
            "resourceId": "oryx_41F9BD8E-9EA4-4754-BC1A-1ACFBBA4A7FA",
            "properties": {
                "Name": "No Translation",
                "id": "Flow17",
                "Type": "Conditional",
                "Expression": "$IW_SCRIPT(ID1487960603699)"
            },
            "stencil": {
                "id": "ConditionalLink"
            },
            "childShapes": [],
            "outgoing": [{
                    "resourceId": "oryx_669560D4-6067-467C-A4CC-0B9DBB9D0649"
                }
            ],
            "bounds": {
                "lowerRight": {
                    "x": 811.32421875,
                    "y": 1005
                },
                "upperLeft": {
                    "x": 155.5,
                    "y": 825.203125
                }
            },
            "dockers": [{
                    "x": 20.5,
                    "y": 20.5
                }, {
                    "x": 155.5,
                    "y": 1005
                }, {
                    "x": 50,
                    "y": 40
                }
            ],
            "target": {
                "resourceId": "oryx_669560D4-6067-467C-A4CC-0B9DBB9D0649"
            }
        }, {
            "resourceId": "oryx_4A4C730B-F5D1-4DBC-A4AB-D9CC3B4D8D4D",
            "properties": {
                "AreaVPath": "$IW_WORKAREA",
                "Brief Description": "Send an e-mail indicating the syndication and translation process is complete",
                "Description": "",
                "Name": "SyndicationAndTranslation Completion Notification",
                "id": "SyndicationAndTranslation Completion Notification",
                "CSSclass": "Task",
                "Owner": "$IW_USER",
                "EMailCommand": "$IW_CV(ExternalTaskUrl)",
                "Retry": "true",
                "Lock": "false",
                "Readonly": "false",
                "Transferonly": "false",
                "Variables": "ClassName=com.deere.livesite.workflow.syndication.TranslationNotification|target_task_name=Translation Complete Email|mail_subject=Syndication Workflow - Successfully Completed Syndication and Translation Submission|mail_template=/iwadmin/main/config/STAGING/workflow/email/deere/SyndicationTranslationEmailNotification.xsl|serverName=syndicationTranslation|translation_task_name=Send For Translation|TranslateContent=$IW_CV(TranslateContent)",
                "Eafinishop": "",
                "Eastartop": "",
                "Wfvarfinishop": "",
                "Wfvarstartop": "set:ErrorTaskName=Syndication Complete Email",
                "ActivationCount": "0",
                "Status": "none",
                "Valid": "none",
                "BackgroundColor": "#c0c0c0",
                "TaskType": "ItsEmailTask"
            },
            "stencil": {
                "id": "EmailTask"
            },
            "childShapes": [],
            "outgoing": [{
                    "resourceId": "oryx_EDA96FF8-B1D4-477D-A4B7-934CCCA4B8B5"
                }, {
                    "resourceId": "oryx_2AA7E7F5-97D7-4509-B137-3C183606CC6E"
                }
            ],
            "bounds": {
                "lowerRight": {
                    "x": 742,
                    "y": 775
                },
                "upperLeft": {
                    "x": 642,
                    "y": 695
                }
            },
            "dockers": []
        }, {
            "resourceId": "oryx_EDA96FF8-B1D4-477D-A4B7-934CCCA4B8B5",
            "properties": {
                "Name": "Translation Complete Email",
                "id": "Flow20",
                "Type": "Default"
            },
            "stencil": {
                "id": "Flow"
            },
            "childShapes": [],
            "outgoing": [{
                    "resourceId": "oryx_3B923986-3C42-4EE6-8A0C-A6E984B1ED8F"
                }
            ],
            "bounds": {
                "lowerRight": {
                    "x": 833.4914958462409,
                    "y": 695
                },
                "upperLeft": {
                    "x": 692,
                    "y": 92.57985165766463
                }
            },
            "dockers": [{
                    "x": 50,
                    "y": 1
                }, {
                    "x": 692,
                    "y": 257
                }, {
                    "x": 11.4000244140625,
                    "y": 29.199996948242188
                }
            ],
            "target": {
                "resourceId": "oryx_3B923986-3C42-4EE6-8A0C-A6E984B1ED8F"
            }
        }, {
            "resourceId": "oryx_2AA7E7F5-97D7-4509-B137-3C183606CC6E",
            "properties": {
                "Name": "Email Timeout",
                "id": "Flow21",
                "Type": "Timeout",
                "Timeout Duration": "+000001"
            },
            "stencil": {
                "id": "TimeoutLink"
            },
            "childShapes": [],
            "outgoing": [{
                    "resourceId": "oryx_3B923986-3C42-4EE6-8A0C-A6E984B1ED8F"
                }
            ],
            "bounds": {
                "lowerRight": {
                    "x": 837.3515303115048,
                    "y": 735
                },
                "upperLeft": {
                    "x": 742.8250007629395,
                    "y": 93.89194920178971
                }
            },
            "dockers": [{
                    "x": 99,
                    "y": 40
                }, {
                    "x": 767.4000244140625,
                    "y": 735
                }, {
                    "x": 767.4000244140625,
                    "y": 274.6000061035156
                }, {
                    "x": 14.4000244140625,
                    "y": 28.600006103515625
                }
            ],
            "target": {
                "resourceId": "oryx_3B923986-3C42-4EE6-8A0C-A6E984B1ED8F"
            }
        }
    ],
    "bounds": {
        "lowerRight": {
            "x": 1485,
            "y": 1145
        },
        "upperLeft": {
            "x": 0,
            "y": 0
        }
    },
    "stencilset": {
        "url": "/iw-wfm/editor/stencilsets/iwov_process_model/iwovprocessmodels.json",
        "namespace": "http://autonomy.com/stencilset/iwovwfm#"
    },
    "ssextensions": [],
    "modelVariables": [{
            "TaskId": "Resolve Error",
            "PropertyName": "Shared by",
            "VariableId": "Owner",
            "VariableValue": {
                "type": "$IW_CV",
                "value": {
                    "id": "Owner",
                    "label": "Owner",
                    "defaultValue": "$IW_USER",
                    "description": "The workflow owner",
                    "isHidden": false,
                    "isReadOnly": false
                }
            },
            "TaskType": "GroupTask",
            "isDeleted": ""
        }, {
            "TaskId": "Syndicate",
            "PropertyName": "Variables",
            "VariableId": "SyndicationMode",
            "VariableValue": {
                "type": "$IW_CV",
                "value": {
                    "id": "SyndicationMode",
                    "label": "SyndicationMode",
                    "defaultValue": "OVERWRITE_NONE",
                    "description": "Syndication mode indicating how to handle modified content",
                    "isHidden": false,
                    "isReadOnly": false
                }
            },
            "TaskType": "URLTask",
            "isDeleted": ""
        }, {
            "TaskId": "Syndicate",
            "PropertyName": "Variables",
            "VariableId": "TargetBranches",
            "VariableValue": "",
            "TaskType": "URLTask",
            "isDeleted": ""
        }, {
            "TaskId": "Flow14",
            "PropertyName": "Expression",
            "VariableId": "ID1487960463086",
            "VariableValue": {
                "type": "$IW_SCRIPT",
                "value": {
                    "id": "ID1487960463086",
                    "code": "if (\"$IW_CV(TranslateContent)\" == \"true\") {\n  true;\n} else {\n  false;\n}\n"
                }
            },
            "TaskType": "ConditionalLink",
            "isDeleted": ""
        }, {
            "TaskId": "Flow17",
            "PropertyName": "Expression",
            "VariableId": "ID1487960603699",
            "VariableValue": {
                "type": "$IW_SCRIPT",
                "value": {
                    "id": "ID1487960603699",
                    "code": "if (\"$IW_CV(TranslateContent)\" == \"true\") {\n  false;\n} else {\n  true;\n}\n"
                }
            },
            "TaskType": "ConditionalLink",
            "isDeleted": ""
        }, {
            "TaskId": "Attach Dependencies",
            "PropertyName": "Variables",
            "VariableId": "TargetBranches",
            "VariableValue": "",
            "TaskType": "CGITask",
            "isDeleted": ""
        }, {
            "TaskId": "Syndicate",
            "PropertyName": "URI",
            "VariableId": "ExternalTaskUrl",
            "VariableValue": "",
            "TaskType": "URLTask",
            "isDeleted": ""
        }, {
            "TaskId": "Retry After Error",
            "PropertyName": "URI",
            "VariableId": "ExternalTaskUrl",
            "VariableValue": "",
            "TaskType": "URLTask",
            "isDeleted": ""
        }, {
            "TaskId": "Send For Translation",
            "PropertyName": "URI",
            "VariableId": "ExternalTaskUrl",
            "VariableValue": "",
            "TaskType": "URLTask",
            "isDeleted": ""
        }, {
            "TaskId": "Error Notification Email",
            "PropertyName": "EMailCommand",
            "VariableId": "ExternalTaskUrl",
            "VariableValue": "",
            "TaskType": "EmailTask",
            "isDeleted": ""
        }, {
            "TaskId": "Syndication Complete Email",
            "PropertyName": "EMailCommand",
            "VariableId": "ExternalTaskUrl",
            "VariableValue": "",
            "TaskType": "EmailTask",
            "isDeleted": ""
        }, {
            "TaskId": "Syndicate",
            "PropertyName": "Owner",
            "VariableId": "CustomUser",
            "VariableValue": "",
            "TaskType": "URLTask",
            "isDeleted": ""
        }, {
            "TaskId": "Review Attachments",
            "PropertyName": "Variables",
            "VariableId": "TargetBranches",
            "VariableValue": "",
            "TaskType": "CGITask",
            "isDeleted": ""
        }, {
            "TaskId": "SyndicationAndTranslation Completion Notification",
            "PropertyName": "Variables",
            "VariableId": "TranslateContent",
            "VariableValue": "",
            "TaskType": "EmailTask",
            "isDeleted": ""
        }, {
            "TaskId": "Syndication Complete Email",
            "PropertyName": "Variables",
            "VariableId": "TranslateContent",
            "VariableValue": "",
            "TaskType": "EmailTask",
            "isDeleted": ""
        }, {
            "TaskId": "Workflow Properties1",
            "PropertyName": "Global Variables",
            "VariableId": "TargetBranches",
            "VariableValue": {
                "type": "$IW_CV",
                "value": {
                    "id": "TargetBranches",
                    "label": "TargetBranches",
                    "defaultValue": "",
                    "description": "Target branches in a comma separated list for syndication",
                    "isHidden": false,
                    "isReadOnly": false
                }
            },
            "TaskType": "ModelProperties",
            "isDeleted": ""
        }, {
            "TaskId": "Workflow Properties1",
            "PropertyName": "Global Variables",
            "VariableId": "TranslateContent",
            "VariableValue": {
                "type": "$IW_CV",
                "value": {
                    "id": "TranslateContent",
                    "label": "Translate Content?",
                    "defaultValue": "false",
                    "description": "Field indicating if translation is enabled for the content attached to this workflow.",
                    "isHidden": false,
                    "isReadOnly": false
                }
            },
            "TaskType": "ModelProperties",
            "isDeleted": ""
        }, {
            "TaskId": "Workflow Properties1",
            "PropertyName": "Global Variables",
            "VariableId": "ExternalTaskUrl",
            "VariableValue": {
                "type": "$IW_CV",
                "value": {
                    "id": "ExternalTaskUrl",
                    "label": "External Task URL",
                    "defaultValue": "http://localhost:8080/iw-cc/urlexternaltask",
                    "description": "",
                    "isHidden": true,
                    "isReadOnly": true
                }
            },
            "TaskType": "ModelProperties",
            "isDeleted": ""
        }, {
            "TaskId": "Workflow Properties1",
            "PropertyName": "Global Variables",
            "VariableId": "CustomUser",
            "VariableValue": {
                "type": "$IW_CV",
                "value": {
                    "id": "CustomUser",
                    "label": "Custom User",
                    "defaultValue": "$IW_USER",
                    "description": "Custom user for the tasks in workflow.",
                    "isHidden": true,
                    "isReadOnly": true
                }
            },
            "TaskType": "ModelProperties",
            "isDeleted": ""
        }, {
            "TaskId": "Workflow Properties1",
            "PropertyName": "Global Variables",
            "VariableId": "PostToAkeneo",
            "VariableValue": {
                "type": "$IW_CV",
                "value": {
                    "id": "PostToAkeneo",
                    "label": "PostToAkeneo",
                    "defaultValue": "false",
                    "description": "PostToAkeneo needs to be set to true when user checks it from custom instantiation configuration file",
                    "isHidden": false,
                    "isReadOnly": false
                }
            },
            "TaskType": "ModelProperties",
            "isDeleted": ""
        }, {
            "TaskId": "Send For Translation",
            "PropertyName": "Variables",
            "VariableId": "JobContact",
            "VariableValue": {
                "type": "$IW_CV",
                "value": {
                    "id": "JobContact",
                    "label": "Job Contact",
                    "defaultValue": "",
                    "description": "Contact e-mail address for the translation project",
                    "isHidden": false,
                    "isReadOnly": false
                }
            },
            "TaskType": "URLTask",
            "isDeleted": ""
        }, {
            "TaskId": "Send For Translation",
            "PropertyName": "Variables",
            "VariableId": "ProjectPO",
            "VariableValue": {
                "type": "$IW_CV",
                "value": {
                    "id": "ProjectPO",
                    "label": "Project PO",
                    "defaultValue": "",
                    "description": "Project PO",
                    "isHidden": false,
                    "isReadOnly": false
                }
            },
            "TaskType": "URLTask",
            "isDeleted": ""
        }, {
            "TaskId": "Send For Translation",
            "PropertyName": "Variables",
            "VariableId": "ProjectDescription",
            "VariableValue": {
                "type": "$IW_CV",
                "value": {
                    "id": "ProjectDescription",
                    "label": "Project Description",
                    "defaultValue": "",
                    "description": "Translation project description",
                    "isHidden": false,
                    "isReadOnly": false
                }
            },
            "TaskType": "URLTask",
            "isDeleted": ""
        }, {
            "TaskId": "Send For Translation",
            "PropertyName": "Variables",
            "VariableId": "ProjectType",
            "VariableValue": {
                "type": "$IW_CV",
                "value": {
                    "id": "ProjectType",
                    "label": "Project Type",
                    "defaultValue": "Released",
                    "description": "Translation project type",
                    "isHidden": true,
                    "isReadOnly": true
                }
            },
            "TaskType": "URLTask",
            "isDeleted": ""
        }, {
            "TaskId": "Send For Translation",
            "PropertyName": "Variables",
            "VariableId": "ProjectSettingsName",
            "VariableValue": {
                "type": "$IW_CV",
                "value": {
                    "id": "ProjectSettingsName",
                    "label": "Project Settings Name",
                    "defaultValue": "Deere.com-Marketing",
                    "description": "Translation project settings name",
                    "isHidden": true,
                    "isReadOnly": true
                }
            },
            "TaskType": "URLTask",
            "isDeleted": ""
        }, {
            "TaskId": "Send For Translation",
            "PropertyName": "Variables",
            "VariableId": "ProjectDeadline",
            "VariableValue": {
                "type": "$IW_CV",
                "value": {
                    "id": "ProjectDeadline",
                    "label": "Project Deadline",
                    "defaultValue": "",
                    "description": "Translation project deadline date",
                    "isHidden": false,
                    "isReadOnly": false
                }
            },
            "TaskType": "URLTask",
            "isDeleted": ""
        }, {
            "TaskId": "Send For Translation",
            "PropertyName": "Variables",
            "VariableId": "SettingTemplateName",
            "VariableValue": {
                "type": "$IW_CV",
                "value": {
                    "id": "SettingTemplateName",
                    "label": "Setting Template Name",
                    "defaultValue": "Deere.com-Marketing",
                    "description": "Translation project settings template name",
                    "isHidden": true,
                    "isReadOnly": true
                }
            },
            "TaskType": "URLTask",
            "isDeleted": ""
        }, {
            "TaskId": "Send For Translation",
            "PropertyName": "Variables",
            "VariableId": "PartialCheckoutIndicator",
            "VariableValue": {
                "type": "$IW_CV",
                "value": {
                    "id": "PartialCheckoutIndicator",
                    "label": "PartialCheckoutIndicator",
                    "defaultValue": "",
                    "description": "Translation project partial checkout indicator",
                    "isHidden": false,
                    "isReadOnly": false
                }
            },
            "TaskType": "URLTask",
            "isDeleted": ""
        }, {
            "TaskId": "Send For Translation",
            "PropertyName": "Variables",
            "VariableId": "PerformerType",
            "VariableValue": {
                "type": "$IW_CV",
                "value": {
                    "id": "PerformerType",
                    "label": "Performer Type",
                    "defaultValue": "",
                    "description": "Translation project performer type",
                    "isHidden": false,
                    "isReadOnly": false
                }
            },
            "TaskType": "URLTask",
            "isDeleted": ""
        }, {
            "TaskId": "Send For Translation",
            "PropertyName": "Variables",
            "VariableId": "Performer",
            "VariableValue": {
                "type": "$IW_CV",
                "value": {
                    "id": "Performer",
                    "label": "Performer",
                    "defaultValue": "",
                    "description": "Translation project performer",
                    "isHidden": false,
                    "isReadOnly": false
                }
            },
            "TaskType": "URLTask",
            "isDeleted": ""
        }, {
            "TaskId": "Send For Translation",
            "PropertyName": "Variables",
            "VariableId": "ReportingTemplate",
            "VariableValue": {
                "type": "$IW_CV",
                "value": {
                    "id": "ReportingTemplate",
                    "label": "Reporting Template",
                    "defaultValue": "",
                    "description": "Translation project reporting template",
                    "isHidden": false,
                    "isReadOnly": false
                }
            },
            "TaskType": "URLTask",
            "isDeleted": ""
        }, {
            "TaskId": "Send For Translation",
            "PropertyName": "Variables",
            "VariableId": "WorkflowName",
            "VariableValue": {
                "type": "$IW_CV",
                "value": {
                    "id": "WorkflowName",
                    "label": "Workflow Name",
                    "defaultValue": "Deere.com-002-Translation-Correction",
                    "description": "Translation project workflow name",
                    "isHidden": true,
                    "isReadOnly": true
                }
            },
            "TaskType": "URLTask",
            "isDeleted": ""
        }, {
            "TaskId": "Send For Translation",
            "PropertyName": "Variables",
            "VariableId": "TargetBranches",
            "VariableValue": "",
            "TaskType": "URLTask",
            "isDeleted": ""
        }, {
            "TaskId": "Send For Translation",
            "PropertyName": "Variables",
            "VariableId": "DefaultTransformTemplate",
            "VariableValue": {
                "type": "$IW_CV",
                "value": {
                    "id": "DefaultTransformTemplate",
                    "label": "Default Transform Template",
                    "defaultValue": "",
                    "description": "Default Across Transform Template",
                    "isHidden": false,
                    "isReadOnly": false
                }
            },
            "TaskType": "URLTask",
            "isDeleted": ""
        }, {
            "TaskId": "Send For Translation",
            "PropertyName": "Variables",
            "VariableId": "SPPageTransformTemplate",
            "VariableValue": {
                "type": "$IW_CV",
                "value": {
                    "id": "SPPageTransformTemplate",
                    "label": "SP Page Transform Template",
                    "defaultValue": "",
                    "description": "SitePublisher Across Page Transform Template",
                    "isHidden": false,
                    "isReadOnly": false
                }
            },
            "TaskType": "URLTask",
            "isDeleted": ""
        }, {
            "TaskId": "Send For Translation",
            "PropertyName": "Variables",
            "VariableId": "DCRTransformTemplate",
            "VariableValue": {
                "type": "$IW_CV",
                "value": {
                    "id": "DCRTransformTemplate",
                    "label": "DCR Transform Template",
                    "defaultValue": "",
                    "description": "DCR Across Transform Template",
                    "isHidden": false,
                    "isReadOnly": false
                }
            },
            "TaskType": "URLTask",
            "isDeleted": ""
        }, {
            "TaskId": "Send For Translation",
            "PropertyName": "Variables",
            "VariableId": "JSONTransformTemplate",
            "VariableValue": {
                "type": "$IW_CV",
                "value": {
                    "id": "JSONTransformTemplate",
                    "label": "JSON Transform Template",
                    "defaultValue": "",
                    "description": "JSON Across Transform Template",
                    "isHidden": false,
                    "isReadOnly": false
                }
            },
            "TaskType": "URLTask",
            "isDeleted": ""
        }, {
            "TaskId": "Send For Translation",
            "PropertyName": "Variables",
            "VariableId": "PostToAkeneo",
            "VariableValue": "",
            "TaskType": "URLTask",
            "isDeleted": ""
        }, {
            "TaskId": "Send For Translation",
            "PropertyName": "Variables",
            "VariableId": "ProjectManager",
            "VariableValue": {
                "type": "$IW_CV",
                "value": {
                    "id": "ProjectManager",
                    "label": "Project Manager",
                    "defaultValue": "vavp0m\\JDEPU0127",
                    "description": "Translation project manager",
                    "isHidden": true,
                    "isReadOnly": true
                }
            },
            "TaskType": "URLTask",
            "isDeleted": ""
        }, {
            "TaskId": "Workflow Properties1",
            "PropertyName": "Global Variables",
            "VariableId": "PageAttributes",
            "VariableValue": {
                "type": "$IW_CV",
                "value": {
                    "id": "PageAttributes",
                    "label": "PageAttributes",
                    "defaultValue": "",
                    "description": "",
                    "isHidden": false,
                    "isReadOnly": false
                }
            },
            "TaskType": "ModelProperties"
        }, {
            "TaskId": "Workflow Properties1",
            "PropertyName": "Variables",
            "VariableId": "PageAttributes",
            "VariableValue": "",
            "TaskType": "ModelProperties"
        }
    ]
}
