{"resourceId":"oryx-canvas123","properties":{"Owner":"$IW_USER","Priority":"2","Brief Description":"","Description":"Taxonomy expired offer cleanup activity","DueDate":"","Global Variables":"","VAVariables":"","Variables":"","PostProcessorCommand":"","PreProcessorCommand":"","Name":"Workflow Properties","id":"Workflow Properties1","ActivationCount":"","Version":"1.0.0.1","Status":"","Valid":"true","File Comments":"true"},"stencil":{"id":"ModelProperties"},"childShapes":[{"resourceId":"oryx_D032C5E7-31A7-4C11-98E0-92C8EC44E454","properties":{"Name":"Start1","id":"Start1","CSSclass":"Event"},"stencil":{"id":"Start"},"childShapes":[],"outgoing":[{"resourceId":"oryx_F452ED28-3094-4614-BB9D-B53A59FDEFD0"}],"bounds":{"lowerRight":{"x":79,"y":169},"upperLeft":{"x":45,"y":135}},"dockers":[]},{"resourceId":"oryx_F452ED28-3094-4614-BB9D-B53A59FDEFD0","properties":{"Name":"Start Taxonomy Cleanup","id":"Flow3","Type":"Default"},"stencil":{"id":"Flow"},"childShapes":[],"outgoing":[{"resourceId":"oryx_779CFDAD-A7F4-45D8-BA07-EF6AAFD24252"}],"bounds":{"lowerRight":{"x":389.4443359375,"y":191},"upperLeft":{"x":79.1484375,"y":152}},"dockers":[{"x":17,"y":17},{"x":141.5,"y":152},{"x":141.5,"y":191},{"x":50,"y":40}],"target":{"resourceId":"oryx_779CFDAD-A7F4-45D8-BA07-EF6AAFD24252"}},{"resourceId":"oryx_779CFDAD-A7F4-45D8-BA07-EF6AAFD24252","properties":{"AreaVPath":"$IW_WORKAREA","Brief Description":"","Description":"","Name":"TaxonomyOfferCleanup","id":"TaxonomyOfferCleanup","CSSclass":"Task","Owner":"$IW_USER","URI":"http://$IW_SERVER/iw-cc/urlexternaltask","Retry":"true","Lock":"false","Readonly":"false","Transferonly":"false","Variables":"ClassName=com.deere.livesite.maintainence.TaxonomyCleanupTask","Eafinishop":"","Eastartop":"","Wfvarfinishop":"","Wfvarstartop":"","ActivationCount":"0","Status":"none","Valid":"none","BackgroundColor":"#c0c0c0","TaskType":"ItsURLTask"},"stencil":{"id":"URLTask"},"childShapes":[],"outgoing":[{"resourceId":"oryx_18522BEE-6EF7-4318-AACC-512F1A250719"}],"bounds":{"lowerRight":{"x":490,"y":231},"upperLeft":{"x":390,"y":151}},"dockers":[]},{"resourceId":"oryx_5216D538-D12F-413E-8BCC-6D83A0E2EB96","properties":{"Name":"End8","id":"End8","Brief Description":"","Eafinishop":"","Eastartop":"","Wfvarfinishop":"","Wfvarstartop":"","CSSclass":"Event"},"stencil":{"id":"End"},"childShapes":[],"outgoing":[],"bounds":{"lowerRight":{"x":709,"y":208},"upperLeft":{"x":675,"y":174}},"dockers":[]},{"resourceId":"oryx_18522BEE-6EF7-4318-AACC-512F1A250719","properties":{"Name":"Expired Offers Deleted","id":"Flow9","Type":"Default"},"stencil":{"id":"Flow"},"childShapes":[],"outgoing":[{"resourceId":"oryx_5216D538-D12F-413E-8BCC-6D83A0E2EB96"}],"bounds":{"lowerRight":{"x":674.265625,"y":192},"upperLeft":{"x":490.21875,"y":190}},"dockers":[{"x":50,"y":40},{"x":17,"y":17}],"target":{"resourceId":"oryx_5216D538-D12F-413E-8BCC-6D83A0E2EB96"}}],"bounds":{"lowerRight":{"x":1485,"y":1050},"upperLeft":{"x":0,"y":0}},"stencilset":{"url":"/iw-wfm/editor/stencilsets/iwov_process_model/iwovprocessmodels.json","namespace":"http://autonomy.com/stencilset/iwovwfm#"},"ssextensions":[],"modelVariables":[]}