{"resourceId":"oryx-canvas123","properties":{"Owner":"$IW_USER","Priority":"2","Brief Description":"","Description":"","DueDate":"","Global Variables":"","VAVariables":"","Variables":"true","PostProcessorCommand":"","PreProcessorCommand":"","Name":"Workflow Properties","id":"Workflow Properties1","ActivationCount":"","Version":"1.0.0.1","Status":"","Valid":"true","File Comments":"true"},"stencil":{"id":"ModelProperties"},"childShapes":[{"resourceId":"oryx_415A34FD-2BD9-4D2B-BAF2-E11AA2A701B1","properties":{"Name":"Start1","id":"Start1","CSSclass":"Event"},"stencil":{"id":"Start"},"childShapes":[],"outgoing":[{"resourceId":"oryx_865E3A12-9B75-4F2E-B7B2-AB8081D3DDFD"}],"bounds":{"lowerRight":{"x":464,"y":168},"upperLeft":{"x":430,"y":134}},"dockers":[]},{"resourceId":"oryx_1D860EF9-EF90-4E4A-98DA-B57F06B40FC8","properties":{"AreaVPath":"$IW_WORKAREA","Brief Description":"","Description":"","Name":"SubmitTask2","id":"SubmitTask2","CSSclass":"Task","Owner":"$IW_USER","SubmitComment":"","SubmitInfo":"","Override":"false","Save Comments":"false","Skip Conflicts":"true","Skip Locked":"false","Unlock":"false","Variables":"","Eafinishop":"","Eastartop":"","Wfvarfinishop":"","Wfvarstartop":"","ActivationCount":"0","Status":"none","Valid":"none","BackgroundColor":"#c0c0c0","TaskType":"ItsSubmitTask"},"stencil":{"id":"SubmitTask"},"childShapes":[],"outgoing":[{"resourceId":"oryx_1DCD6A28-8BD2-46E8-BA81-DBECEC07D90D"}],"bounds":{"lowerRight":{"x":609,"y":191},"upperLeft":{"x":509,"y":111}},"dockers":[]},{"resourceId":"oryx_865E3A12-9B75-4F2E-B7B2-AB8081D3DDFD","properties":{"Name":"Flow3","id":"Flow3","Type":"Default"},"stencil":{"id":"Flow"},"childShapes":[],"outgoing":[{"resourceId":"oryx_1D860EF9-EF90-4E4A-98DA-B57F06B40FC8"}],"bounds":{"lowerRight":{"x":509,"y":152},"upperLeft":{"x":464.625,"y":150}},"dockers":[{"x":17,"y":17},{"x":50,"y":40}],"target":{"resourceId":"oryx_1D860EF9-EF90-4E4A-98DA-B57F06B40FC8"}},{"resourceId":"oryx_B27FE828-F355-446C-825E-97D06DA4B6F7","properties":{"Name":"End4","id":"End4","Brief Description":"","Eafinishop":"","Eastartop":"","Wfvarfinishop":"","Wfvarstartop":"","CSSclass":"Event"},"stencil":{"id":"End"},"childShapes":[],"outgoing":[],"bounds":{"lowerRight":{"x":688,"y":168},"upperLeft":{"x":654,"y":134}},"dockers":[]},{"resourceId":"oryx_1DCD6A28-8BD2-46E8-BA81-DBECEC07D90D","properties":{"Name":"Flow5","id":"Flow5","Type":"Default"},"stencil":{"id":"Flow"},"childShapes":[],"outgoing":[{"resourceId":"oryx_B27FE828-F355-446C-825E-97D06DA4B6F7"}],"bounds":{"lowerRight":{"x":653.375,"y":152},"upperLeft":{"x":609.875,"y":150}},"dockers":[{"x":50,"y":40},{"x":17,"y":17}],"target":{"resourceId":"oryx_B27FE828-F355-446C-825E-97D06DA4B6F7"}}],"bounds":{"lowerRight":{"x":1485,"y":1050},"upperLeft":{"x":0,"y":0}},"stencilset":{"url":"/iw-wfm/editor/stencilsets/iwov_process_model/iwovprocessmodels.json","namespace":"http://autonomy.com/stencilset/iwovwfm#"},"ssextensions":[],"modelVariables":[]}