{"resourceId":"oryx-canvas123","properties":{"Owner":"$IW_USER","Priority":"2","Brief Description":"","Description":"","DueDate":"","Global Variables":"","VAVariables":"","Variables":"","PostProcessorCommand":"","PreProcessorCommand":"","Name":"Workflow Properties","id":"Workflow Properties1","ActivationCount":"","Version":"1.0.0.1","Status":"","Valid":"true","File Comments":"true"},"stencil":{"id":"ModelProperties"},"childShapes":[{"resourceId":"oryx_C822B2F4-C356-4AD6-A8B8-8F372F37F824","properties":{"Name":"Start1","id":"Start1","CSSclass":"Event"},"stencil":{"id":"Start"},"childShapes":[],"outgoing":[{"resourceId":"oryx_63951940-2D40-43EC-AB87-5F7AA46BFCCC"}],"bounds":{"lowerRight":{"x":250,"y":271},"upperLeft":{"x":216,"y":237}},"dockers":[]},{"resourceId":"oryx_2678D8F3-44E0-4F85-A6A9-A7BFA8705145","properties":{"AreaVPath":"$IW_WORKAREA","Brief Description":"","Description":"","Name":"DeployTask2","id":"DeployTask2","CSSclass":"Task","Owner":"$IW_USER","DeployCommand":"http://$IW_SERVER/iw-cc/urlexternaltask","OD Variables":"odSubst_iwdd=odSubst_iwdd","Retry":"false","Lock":"false","Readonly":"false","Transferonly":"false","Variables":"odDeploymentName=custom_taxonomy_dd|ClassName=com.interwoven.ui.teamsite.workflow.task.urltask.DeployURLExternalTask|odDeploymentInst=|odSubst_user=|odSubst_iwdd=|odSubst_area=","Eafinishop":"","Eastartop":"","Wfvarfinishop":"","Wfvarstartop":"","ActivationCount":"0","Status":"none","Valid":"none","BackgroundColor":"#c0c0c0","TaskType":"ItsDeployTask"},"stencil":{"id":"DeployTask"},"childShapes":[],"outgoing":[{"resourceId":"oryx_B1F7379A-6BA6-4578-9DEF-4CCE58CCF649"},{"resourceId":"oryx_C2BAD15E-87E4-4635-A7F8-C5ACD97600FD"}],"bounds":{"lowerRight":{"x":395,"y":294},"upperLeft":{"x":295,"y":214}},"dockers":[]},{"resourceId":"oryx_63951940-2D40-43EC-AB87-5F7AA46BFCCC","properties":{"Name":"Flow3","id":"Flow3","Type":"Default"},"stencil":{"id":"Flow"},"childShapes":[],"outgoing":[{"resourceId":"oryx_2678D8F3-44E0-4F85-A6A9-A7BFA8705145"}],"bounds":{"lowerRight":{"x":295,"y":255},"upperLeft":{"x":250.625,"y":253}},"dockers":[{"x":17,"y":17},{"x":50,"y":40}],"target":{"resourceId":"oryx_2678D8F3-44E0-4F85-A6A9-A7BFA8705145"}},{"resourceId":"oryx_A5EA60F6-28A4-4C08-BC79-6850EE870A12","properties":{"AreaVPath":"$IW_WORKAREA","Brief Description":"","Description":"","Name":"Success","id":"Success","Eafinishop":"","Eastartop":"","Wfvarfinishop":"","Wfvarstartop":"","Lock":"false","Readonly":"false","Transferonly":"false","Owner":"$IW_USER","Variables":"","CSSclass":"Task","ActivationCount":"0","Status":"none","Valid":"none","BackgroundColor":"#c0c0c0","TaskType":"ItsUserTask"},"stencil":{"id":"UserTask"},"childShapes":[],"outgoing":[{"resourceId":"oryx_FB4032E4-99C7-4050-9781-50A33E2A75D5"}],"bounds":{"lowerRight":{"x":752,"y":140},"upperLeft":{"x":652,"y":60}},"dockers":[]},{"resourceId":"oryx_BF6D2270-9D9A-41E9-9BBA-9EBA7A3BFF29","properties":{"AreaVPath":"$IW_WORKAREA","Brief Description":"","Description":"","Name":"Retry","id":"Retry","Eafinishop":"","Eastartop":"","Wfvarfinishop":"","Wfvarstartop":"","Lock":"false","Readonly":"false","Transferonly":"false","Owner":"$IW_USER","Variables":"","CSSclass":"Task","ActivationCount":"0","Status":"none","Valid":"none","BackgroundColor":"#c0c0c0","TaskType":"ItsUserTask"},"stencil":{"id":"UserTask"},"childShapes":[],"outgoing":[{"resourceId":"oryx_3A84A508-F31D-4D0C-BDBE-5E8D868855DD"}],"bounds":{"lowerRight":{"x":500,"y":494},"upperLeft":{"x":400,"y":414}},"dockers":[]},{"resourceId":"oryx_B1F7379A-6BA6-4578-9DEF-4CCE58CCF649","properties":{"Name":"Taxonomy Deployment Failure","id":"Flow6","Type":"Failure"},"stencil":{"id":"FailureLink"},"childShapes":[],"outgoing":[{"resourceId":"oryx_BF6D2270-9D9A-41E9-9BBA-9EBA7A3BFF29"}],"bounds":{"lowerRight":{"x":450,"y":413.9375},"upperLeft":{"x":345,"y":294.0625}},"dockers":[{"x":50,"y":40},{"x":345,"y":354},{"x":450,"y":354},{"x":50,"y":40}],"target":{"resourceId":"oryx_BF6D2270-9D9A-41E9-9BBA-9EBA7A3BFF29"}},{"resourceId":"oryx_C2BAD15E-87E4-4635-A7F8-C5ACD97600FD","properties":{"Name":"Taxonomy Deployment Success","id":"Flow7","Type":"Success"},"stencil":{"id":"SuccessLink"},"childShapes":[],"outgoing":[{"resourceId":"oryx_A5EA60F6-28A4-4C08-BC79-6850EE870A12"}],"bounds":{"lowerRight":{"x":702,"y":213.296875},"upperLeft":{"x":345,"y":140.703125}},"dockers":[{"x":50,"y":40},{"x":345,"y":177},{"x":702,"y":177},{"x":50,"y":40}],"target":{"resourceId":"oryx_A5EA60F6-28A4-4C08-BC79-6850EE870A12"}},{"resourceId":"oryx_3A84A508-F31D-4D0C-BDBE-5E8D868855DD","properties":{"Name":"Retry link","id":"Flow8","Type":"Default"},"stencil":{"id":"Flow"},"childShapes":[],"outgoing":[{"resourceId":"oryx_2678D8F3-44E0-4F85-A6A9-A7BFA8705145"}],"bounds":{"lowerRight":{"x":399.66796875,"y":454},"upperLeft":{"x":235,"y":294.26180739957164}},"dockers":[{"x":50,"y":40},{"x":277,"y":454},{"x":254,"y":400},{"x":235,"y":343},{"x":50,"y":40}],"target":{"resourceId":"oryx_2678D8F3-44E0-4F85-A6A9-A7BFA8705145"}},{"resourceId":"oryx_B8D7CEB8-51D5-4E7D-B07B-013AD7DF91D8","properties":{"Name":"End9","id":"End9","Brief Description":"","Eafinishop":"","Eastartop":"","Wfvarfinishop":"","Wfvarstartop":"","CSSclass":"Event"},"stencil":{"id":"End"},"childShapes":[],"outgoing":[],"bounds":{"lowerRight":{"x":719,"y":271},"upperLeft":{"x":685,"y":237}},"dockers":[]},{"resourceId":"oryx_FB4032E4-99C7-4050-9781-50A33E2A75D5","properties":{"Name":"End","id":"Flow10","Type":"Default"},"stencil":{"id":"Flow"},"childShapes":[],"outgoing":[{"resourceId":"oryx_B8D7CEB8-51D5-4E7D-B07B-013AD7DF91D8"}],"bounds":{"lowerRight":{"x":781,"y":243.04057510412824},"upperLeft":{"x":715.7427709011725,"y":140.56764121804662}},"dockers":[{"x":50,"y":40},{"x":781,"y":191},{"x":17,"y":17}],"target":{"resourceId":"oryx_B8D7CEB8-51D5-4E7D-B07B-013AD7DF91D8"}}],"bounds":{"lowerRight":{"x":1485,"y":1050},"upperLeft":{"x":0,"y":0}},"stencilset":{"url":"/iw-wfm/editor/stencilsets/iwov_process_model/iwovprocessmodels.json","namespace":"http://autonomy.com/stencilset/iwovwfm#"},"ssextensions":[],"modelVariables":[]}