{"resourceId":"oryx-canvas123","properties":{"Owner":"$IW_USER","Priority":"2","Brief Description":"Generate Report","Description":"Report Generation Task","DueDate":"","Global Variables":"","VAVariables":"","Variables":"","PostProcessorCommand":"","PreProcessorCommand":"","Name":"Workflow Properties","id":"Workflow Properties1","ActivationCount":"","Version":"1.0.0.1","Status":"","Valid":"true","File Comments":"true"},"stencil":{"id":"ModelProperties"},"childShapes":[{"resourceId":"oryx_2C3EA3E0-EAC8-44D5-824C-5CE4BEBDA0CD","properties":{"Name":"Start1","id":"Start1","CSSclass":"Event"},"stencil":{"id":"Start"},"childShapes":[],"outgoing":[{"resourceId":"oryx_95FC9165-D946-4FAF-98B7-3E9D3B90212F"}],"bounds":{"lowerRight":{"x":79,"y":174},"upperLeft":{"x":45,"y":140}},"dockers":[]},{"resourceId":"oryx_F0A89E97-CEF5-4677-A209-2AD59732F37E","properties":{"AreaVPath":"$IW_WORKAREA","Brief Description":"","Description":"Report Generation","Name":"Generate Deleted Files Report","id":"Generate Deleted Files Report","CSSclass":"Task","Owner":"root","URI":"http://localhost:8080/iw-cc/urlexternaltask","Retry":"true","Lock":"false","Readonly":"false","Transferonly":"false","Variables":"ClassName=com.deere.livesite.workflow.TrackDeletedFiles|subject=Track Deleted Asset Report","Eafinishop":"","Eastartop":"","Wfvarfinishop":"","Wfvarstartop":"","ActivationCount":"0","Status":"none","Valid":"none","BackgroundColor":"#c0c0c0","TaskType":"ItsURLTask"},"stencil":{"id":"URLTask"},"childShapes":[],"outgoing":[{"resourceId":"oryx_7CFF0437-89E3-48EF-B946-33E429FFCBC4"}],"bounds":{"lowerRight":{"x":370,"y":197},"upperLeft":{"x":270,"y":117}},"dockers":[]},{"resourceId":"oryx_789C54BA-1898-43E5-9ACD-A5B66EB6923F","properties":{"AreaVPath":"$IW_WORKAREA","Brief Description":"","Description":"Email Notification","Name":"Email Notification","id":"Email Notification","CSSclass":"Task","Owner":"root","URI":"http://localhost:8080/iw-cc/urlexternaltask","Retry":"true","Lock":"false","Readonly":"false","Transferonly":"false","Variables":"from=TSAdmin@johndeere.com|subject=Track Deleted Asset Report|mail_server=localhost|ClassName=com.deere.livesite.workflow.ReportNotification","Eafinishop":"","Eastartop":"","Wfvarfinishop":"","Wfvarstartop":"","ActivationCount":"0","Status":"none","Valid":"none","BackgroundColor":"#c0c0c0","TaskType":"ItsURLTask"},"stencil":{"id":"URLTask"},"childShapes":[],"outgoing":[{"resourceId":"oryx_46B11C27-A732-4347-B2D1-0689753F90CD"}],"bounds":{"lowerRight":{"x":505,"y":197},"upperLeft":{"x":405,"y":117}},"dockers":[]},{"resourceId":"oryx_7CFF0437-89E3-48EF-B946-33E429FFCBC4","properties":{"Name":"Report Generated","id":"Flow5","Type":"Default"},"stencil":{"id":"Flow"},"childShapes":[],"outgoing":[{"resourceId":"oryx_789C54BA-1898-43E5-9ACD-A5B66EB6923F"}],"bounds":{"lowerRight":{"x":404.4296875,"y":158},"upperLeft":{"x":370.5703125,"y":156}},"dockers":[{"x":50,"y":40},{"x":50,"y":40}],"target":{"resourceId":"oryx_789C54BA-1898-43E5-9ACD-A5B66EB6923F"}},{"resourceId":"oryx_F78AE1BF-BA52-49C0-82A7-090A96FAFEBF","properties":{"Name":"End6","id":"End6","Brief Description":"","Eafinishop":"","Eastartop":"","Wfvarfinishop":"","Wfvarstartop":"","CSSclass":"Event"},"stencil":{"id":"End"},"childShapes":[],"outgoing":[],"bounds":{"lowerRight":{"x":594,"y":174},"upperLeft":{"x":560,"y":140}},"dockers":[]},{"resourceId":"oryx_46B11C27-A732-4347-B2D1-0689753F90CD","properties":{"Name":"End","id":"Flow7","Type":"Default"},"stencil":{"id":"Flow"},"childShapes":[],"outgoing":[{"resourceId":"oryx_F78AE1BF-BA52-49C0-82A7-090A96FAFEBF"}],"bounds":{"lowerRight":{"x":559.796875,"y":158},"upperLeft":{"x":505.5625,"y":156}},"dockers":[{"x":50,"y":40},{"x":17,"y":17}],"target":{"resourceId":"oryx_F78AE1BF-BA52-49C0-82A7-090A96FAFEBF"}},{"resourceId":"oryx_BD701A4B-E469-49AC-AB04-7D52A540A635","properties":{"Name":"AND Gateway1","id":"AND Gateway1","GatewayType":"AND"},"stencil":{"id":"AND"},"childShapes":[],"outgoing":[{"resourceId":"oryx_4BD4B9FE-A636-47BC-8C6A-89483EC62D3E"},{"resourceId":"oryx_1B18625A-3655-456A-8B76-30D72989ADAF"},{"resourceId":"oryx_FFEE9187-CF56-426A-AC42-D5D25B2FB6A0"}],"bounds":{"lowerRight":{"x":205,"y":331},"upperLeft":{"x":165,"y":291}},"dockers":[]},{"resourceId":"oryx_95FC9165-D946-4FAF-98B7-3E9D3B90212F","properties":{"Name":"Flow2","id":"Flow2","Type":"Default"},"stencil":{"id":"Flow"},"childShapes":[],"outgoing":[{"resourceId":"oryx_0421B578-64EF-4142-8307-5EDC7D0E3552"}],"bounds":{"lowerRight":{"x":134.03125,"y":158},"upperLeft":{"x":79.3359375,"y":156}},"dockers":[{"x":17,"y":17},{"x":50,"y":40}],"target":{"resourceId":"oryx_0421B578-64EF-4142-8307-5EDC7D0E3552"}},{"resourceId":"oryx_4BD4B9FE-A636-47BC-8C6A-89483EC62D3E","properties":{"Name":"Flow3","id":"Flow3","Type":"Conditional","Expression":"$IW_SCRIPT(ID1597778914122)"},"stencil":{"id":"ConditionalLink"},"childShapes":[],"outgoing":[{"resourceId":"oryx_F0A89E97-CEF5-4677-A209-2AD59732F37E"}],"bounds":{"lowerRight":{"x":320,"y":311.5},"upperLeft":{"x":205.4140625,"y":197.83203125}},"dockers":[{"x":20.5,"y":20.5},{"x":320,"y":311.5},{"x":50,"y":40}],"target":{"resourceId":"oryx_F0A89E97-CEF5-4677-A209-2AD59732F37E"}},{"resourceId":"oryx_1B18625A-3655-456A-8B76-30D72989ADAF","properties":{"Name":"Flow6","id":"Flow6","Type":"Conditional","Expression":"$IW_SCRIPT(ID1597779050233)"},"stencil":{"id":"ConditionalLink"},"childShapes":[],"outgoing":[{"resourceId":"oryx_D1767FB8-0605-49FF-8B37-13406B65907B"}],"bounds":{"lowerRight":{"x":410,"y":409},"upperLeft":{"x":185.5,"y":331.54296875}},"dockers":[{"x":20.5,"y":20.5},{"x":185.5,"y":409},{"x":410,"y":409},{"x":50,"y":40}],"target":{"resourceId":"oryx_D1767FB8-0605-49FF-8B37-13406B65907B"}},{"resourceId":"oryx_D1767FB8-0605-49FF-8B37-13406B65907B","properties":{"AreaVPath":"$IW_WORKAREA","Brief Description":"","Description":"Report Generation","Name":"Generate URL Mapping Report","id":"Generate URL Mapping Report","CSSclass":"Task","Owner":"root","Command":"http://localhost:8080/iw-cc/urlexternaltask","Retry":"true","Lock":"false","Readonly":"false","Transferonly":"false","Variables":"ClassName=com.deere.livesite.workflow.SitemapReport|subject=URL Mapping Report","Eafinishop":"","Eastartop":"","Wfvarfinishop":"","Wfvarstartop":"","ActivationCount":"0","Status":"none","Valid":"none","BackgroundColor":"#c0c0c0","TaskType":"ItsExternalTask"},"stencil":{"id":"ExternalTask"},"childShapes":[],"outgoing":[{"resourceId":"oryx_2F2B0063-0765-4C1D-858E-1ACA10B0026D"}],"bounds":{"lowerRight":{"x":460,"y":350},"upperLeft":{"x":360,"y":270}},"dockers":[]},{"resourceId":"oryx_2F2B0063-0765-4C1D-858E-1ACA10B0026D","properties":{"Name":"Generated Report","id":"Flow4","Type":"Default"},"stencil":{"id":"Flow"},"childShapes":[],"outgoing":[{"resourceId":"oryx_789C54BA-1898-43E5-9ACD-A5B66EB6923F"}],"bounds":{"lowerRight":{"x":455,"y":269.8125},"upperLeft":{"x":410,"y":197.703125}},"dockers":[{"x":50,"y":40},{"x":410,"y":234},{"x":455,"y":234},{"x":50,"y":40}],"target":{"resourceId":"oryx_789C54BA-1898-43E5-9ACD-A5B66EB6923F"}},{"resourceId":"oryx_0421B578-64EF-4142-8307-5EDC7D0E3552","properties":{"AreaVPath":"$IW_WORKAREA","Brief Description":"","Description":"","Name":"DeployTask1","id":"DeployTask1","CSSclass":"Task","Owner":"$IW_USER","DeployCommand":"http://$IW_SERVER/iw-cc/urlexternaltask","OD Variables":"","Retry":"false","Lock":"false","Readonly":"false","Transferonly":"false","Variables":"odDeploymentName=test","Eafinishop":"","Eastartop":"","Wfvarfinishop":"","Wfvarstartop":"","ActivationCount":"0","Status":"none","Valid":"none","BackgroundColor":"#c0c0c0","TaskType":"ItsDeployTask"},"stencil":{"id":"DeployTask"},"childShapes":[],"outgoing":[{"resourceId":"oryx_DFE97B8A-8A01-46CC-A856-0E8564F55525"},{"resourceId":"oryx_C9A3846A-2662-48F2-AFCF-8F33F5B77781"}],"bounds":{"lowerRight":{"x":235,"y":197},"upperLeft":{"x":135,"y":117}},"dockers":[]},{"resourceId":"oryx_C9A3846A-2662-48F2-AFCF-8F33F5B77781","properties":{"Name":"Flow8","id":"Flow8","Type":"Failure"},"stencil":{"id":"FailureLink"},"childShapes":[],"outgoing":[{"resourceId":"oryx_BD701A4B-E469-49AC-AB04-7D52A540A635"}],"bounds":{"lowerRight":{"x":185.43231064599223,"y":290.5839896116028},"upperLeft":{"x":185.13214247900777,"y":197.83202601339718}},"dockers":[{"x":50,"y":40},{"x":20.5,"y":20.5}],"target":{"resourceId":"oryx_BD701A4B-E469-49AC-AB04-7D52A540A635"}},{"resourceId":"oryx_FFEE9187-CF56-426A-AC42-D5D25B2FB6A0","properties":{"Name":"Flow9","id":"Flow9","Type":"Conditional","Expression":"$IW_SCRIPT(ID1604291626912)"},"stencil":{"id":"ConditionalLink"},"childShapes":[],"outgoing":[{"resourceId":"oryx_73389781-A865-46C8-80B6-4712D8DEF1BE"}],"bounds":{"lowerRight":{"x":577,"y":456},"upperLeft":{"x":54,"y":311.74613889180034}},"dockers":[{"x":20.5,"y":20.5},{"x":58,"y":313},{"x":54,"y":456},{"x":577,"y":456},{"x":50,"y":40}],"target":{"resourceId":"oryx_73389781-A865-46C8-80B6-4712D8DEF1BE"}},{"resourceId":"oryx_73389781-A865-46C8-80B6-4712D8DEF1BE","properties":{"AreaVPath":"$IW_WORKAREA","Brief Description":"","Description":"Generate Report for Page Association","Name":"Generate Report for Page Association","id":"Generate Report for Page Association","CSSclass":"Task","Owner":"$IW_USER","URI":"http://localhost:8080/iw-cc/urlexternaltask","Retry":"true","Lock":"false","Readonly":"false","Transferonly":"false","Variables":"ClassName=com.deere.livesite.workflow.GeneratePageReport","Eafinishop":"","Eastartop":"","Wfvarfinishop":"","Wfvarstartop":"","ActivationCount":"0","Status":"none","Valid":"none","BackgroundColor":"#c0c0c0","TaskType":"ItsURLTask"},"stencil":{"id":"URLTask"},"childShapes":[],"outgoing":[{"resourceId":"oryx_6B3FC124-DB8F-4B96-980D-93C948E72A16"}],"bounds":{"lowerRight":{"x":627,"y":351},"upperLeft":{"x":527,"y":271}},"dockers":[]},{"resourceId":"oryx_6B3FC124-DB8F-4B96-980D-93C948E72A16","properties":{"Name":"Report Generated for Associated Pages","id":"Flow11","Type":"Default"},"stencil":{"id":"Flow"},"childShapes":[],"outgoing":[{"resourceId":"oryx_F78AE1BF-BA52-49C0-82A7-090A96FAFEBF"}],"bounds":{"lowerRight":{"x":578,"y":270.296875},"upperLeft":{"x":576,"y":174.84375}},"dockers":[{"x":50,"y":40},{"x":17,"y":17}],"target":{"resourceId":"oryx_F78AE1BF-BA52-49C0-82A7-090A96FAFEBF"}},{"resourceId":"oryx_DFE97B8A-8A01-46CC-A856-0E8564F55525","properties":{"Name":"Flow12","id":"Flow12","Type":"Success"},"stencil":{"id":"SuccessLink"},"childShapes":[],"outgoing":[{"resourceId":"oryx_BD701A4B-E469-49AC-AB04-7D52A540A635"}],"bounds":{"lowerRight":{"x":185.43231064599223,"y":290.5839896116028},"upperLeft":{"x":185.13214247900777,"y":197.83202601339718}},"dockers":[{"x":50,"y":40},{"x":20.5,"y":20.5}],"target":{"resourceId":"oryx_BD701A4B-E469-49AC-AB04-7D52A540A635"}}],"bounds":{"lowerRight":{"x":1485,"y":1050},"upperLeft":{"x":0,"y":0}},"stencilset":{"url":"/iw-wfm/editor/stencilsets/iwov_process_model/iwovprocessmodels.json","namespace":"http://autonomy.com/stencilset/iwovwfm#"},"ssextensions":[],"modelVariables":[{"TaskId":"Flow3","PropertyName":"Expression","VariableId":"ID1597778914122","VariableValue":{"type":"$IW_SCRIPT","value":{"id":"ID1597778914122","code":"if(\"$IW_CV(type)\"==\"deleted\")\n{\ntrue;\n}\nelse {\nfalse;\n}"}},"TaskType":"ConditionalLink","isDeleted":""},{"TaskId":"Flow6","PropertyName":"Expression","VariableId":"ID1597779050233","VariableValue":{"type":"$IW_SCRIPT","value":{"id":"ID1597779050233","code":"if(\"$IW_CV(type)\"==\"urlmapping\")\n{\ntrue;\n}\nelse {\nfalse;\n}"}},"TaskType":"ConditionalLink","isDeleted":""},{"TaskId":"Flow9","PropertyName":"Expression","VariableId":"ID1604291626912","VariableValue":{"type":"$IW_SCRIPT","value":{"id":"ID1604291626912","code":"if(\"$IW_CV(type)\"==\"dcrPages\")\n{\ntrue;\n}\nelse {\nfalse;\n}"}},"TaskType":"ConditionalLink"}]}