{
    "resourceId": "oryx-canvas123",
    "properties": {
        "Owner": "$IW_USER",
        "Priority": "2",
        "Brief Description": "Translation content from the product information manager",
        "Description": "",
        "DueDate": "",
        "Global Variables": "",
        "VAVariables": "",
        "Variables": "",
        "PostProcessorCommand": "",
        "PreProcessorCommand": "Inprocess:com.deere.livesite.workflow.syndication.TranslationRequestWorkflowPreprocessor:workarea=$IW_WORKAREA:blacklist=/iwadmin/main/deere/syndication/STAGING/templatedata/CustomData/ValueList/data/translation-request-blacklist.xml",
        "Name": "Translation Request",
        "id": "Workflow Properties1",
        "ActivationCount": "",
        "Version": "1.0.0.1",
        "Status": "",
        "Valid": "true",
        "File Comments": "false"
    },
    "stencil": {
        "id": "ModelProperties"
    },
    "childShapes": [{
            "resourceId": "oryx_F5B8171E-98D8-4C8A-AD0C-0E8D080E1FBE",
            "properties": {
                "x": "75.0",
                "y": "148.0",
                "Name": "Start",
                "id": "Start",
                "CSSclass": "Event"
            },
            "stencil": {
                "id": "Start"
            },
            "childShapes": [],
            "outgoing": [{
                    "resourceId": "oryx_A6B84EC2-B5AA-4BA6-8D59-07CBCB689846"
                }
            ],
            "bounds": {
                "lowerRight": {
                    "x": 82,
                    "y": 142
                },
                "upperLeft": {
                    "x": 48,
                    "y": 108
                }
            },
            "dockers": []
        }, {
            "resourceId": "oryx_95F5AC02-68F8-4DE0-AC83-18161FCD7668",
            "properties": {
                "x": "543.0",
                "y": "443.0",
                "AreaVPath": "$IW_WORKAREA",
                "Brief Description": "",
                "Description": "Resolve the error and transition back to the originating task.",
                "Name": "Resolve Error",
                "id": "Resolve Error",
                "CSSclass": "Task",
                "Shared by": "Users=$IW_USER|Groups=$IW_CV(AdminUserGroup)",
                "Retain Owner": "false",
                "Lock": "false",
                "Readonly": "false",
                "Transferonly": "false",
                "Variables": "",
                "Eafinishop": "",
                "Eastartop": "",
                "Wfvarfinishop": "",
                "Wfvarstartop": "",
                "ActivationCount": "0",
                "Status": "none",
                "Valid": "true",
                "BackgroundColor": "#c0c0c0",
                "TaskType": "ItsGroupTask"
            },
            "stencil": {
                "id": "GroupTask"
            },
            "childShapes": [],
            "outgoing": [{
                    "resourceId": "oryx_4C6A38FC-F7AE-454D-9181-5B20823EDD22"
                }, {
                    "resourceId": "oryx_D5C1B33F-F380-48C6-B003-7CE344AC71C9"
                }
            ],
            "bounds": {
                "lowerRight": {
                    "x": 1028,
                    "y": 487
                },
                "upperLeft": {
                    "x": 926,
                    "y": 405
                }
            },
            "dockers": []
        }, {
            "resourceId": "oryx_2C7AC0B6-3154-4F47-AF65-9A58F1AD2627",
            "properties": {
                "y": "248.0",
                "x": "543.0",
                "AreaVPath": "$IW_WORKAREA",
                "Brief Description": "",
                "Description": "An error occurred during the processing of the workflow",
                "Name": "Error Notification",
                "id": "Error Notification",
                "CSSclass": "Task",
                "Owner": "$IW_USER",
                "EMailCommand": "http://$IW_SERVER/iw-cc/urlexternaltask",
                "Retry": "true",
                "Lock": "false",
                "Readonly": "false",
                "Transferonly": "false",
                "Variables": "ClassName=com.deere.livesite.workflow.syndication.TranslationNotification|target_task_name=Email Sent|mail_subject=Translation Request - Submission Error|serverName=translationError|mail_template=/iwadmin/main/config/STAGING/workflow/email/deere/TranslationEmailNotification.xsl|translation_task_name=Send for Translation",
                "Eafinishop": "",
                "Eastartop": "",
                "Wfvarfinishop": "",
                "Wfvarstartop": "",
                "ActivationCount": "0",
                "Status": "none",
                "Valid": "true",
                "BackgroundColor": "#c0c0c0",
                "TaskType": "ItsEmailTask"
            },
            "stencil": {
                "id": "EmailTask"
            },
            "childShapes": [],
            "outgoing": [{
                    "resourceId": "oryx_26D6EF2D-36B6-46CE-9F2F-736A08B19C89"
                }, {
                    "resourceId": "oryx_C8890827-1D4E-4C82-BCD7-89ACF1D2B927"
                }
            ],
            "bounds": {
                "lowerRight": {
                    "x": 387,
                    "y": 487
                },
                "upperLeft": {
                    "x": 285,
                    "y": 405
                }
            },
            "dockers": []
        }, {
            "resourceId": "oryx_0ADA47F1-5236-44A9-8C83-50F9686DA510",
            "properties": {
                "y": "120.0",
                "x": "210.0",
                "AreaVPath": "$IW_WORKAREA",
                "Brief Description": "",
                "Description": "Workflow completed",
                "Name": "Send for Translation",
                "id": "Send for Translation",
                "CSSclass": "Task",
                "Owner": "$IW_USER",
                "URI": "http://localhost:8080/iw-cc/urlexternaltask",
                "Retry": "true",
                "Lock": "false",
                "Readonly": "false",
                "Transferonly": "false",
                "Variables": "JobContact=$IW_CV(JobContact)|ProjectPO=$IW_CV(ProjectPO)|ProjectDescription=$IW_CV(ProjectDescription)|ProjectType=$IW_CV(ProjectType)|ProjectManager=$IW_CV(ProjectManager)|ProjectDeadline=$IW_CV(ProjectDeadline)|SettingTemplateName=$IW_CV(SettingTemplateName)|PartialCheckoutIndicator=$IW_CV(PartialCheckoutIndicator)|Relation=$IW_CV(Relation)|PerformerType=$IW_CV(PerformerType)|Performer=$IW_CV(Performer)|ReportingTemplate=$IW_CV(ReportingTemplate)|WorkflowName=$IW_CV(WorkflowName)|TargetBranches=$IW_CV(TargetBranches)|DocTransform=Teamsite v 1.0|Region=$IW_CV(Region)|Relation=$IW_CV(Relation)|ClassName=com.deere.livesite.workflow.syndication.SendForTranslationFromTargetBranchTask|ProjectNamePrefix=|DefaultTransformTemplate=$IW_CV(DefaultTransformTemplate)|DCRTransformTemplate=$IW_CV(DCRTransformTemplate)|JSONTransformTemplate=$IW_CV(JSONTransformTemplate)|PackagingTemplate=$IW_CV(PackagingTemplate)|SPPageTransformTemplate=$IW_CV(SPPageTransformTemplate)",
                "Eafinishop": "",
                "Eastartop": "",
                "Wfvarfinishop": "",
                "Wfvarstartop": "",
                "ActivationCount": "0",
                "Status": "none",
                "Valid": "true",
                "BackgroundColor": "#c0c0c0",
                "TaskType": "ItsURLTask"
            },
            "stencil": {
                "id": "URLTask"
            },
            "childShapes": [],
            "outgoing": [{
                    "resourceId": "oryx_BCA1806B-EC62-4C4E-8DB7-2AC531CE9C3D"
                }, {
                    "resourceId": "oryx_C0A30421-8887-44A1-8F48-6A2FC6ECFCE0"
                }
            ],
            "bounds": {
                "lowerRight": {
                    "x": 387,
                    "y": 166
                },
                "upperLeft": {
                    "x": 285,
                    "y": 84
                }
            },
            "dockers": []
        }, {
            "resourceId": "oryx_1DE35FE0-47E6-4AC5-9E5B-DEA4996494C1",
            "properties": {
                "y": "148.0",
                "x": "920.0",
                "Name": "End",
                "id": "End",
                "Brief Description": "",
                "Eafinishop": "",
                "Eastartop": "",
                "Wfvarfinishop": "",
                "Wfvarstartop": "",
                "CSSclass": "Event"
            },
            "stencil": {
                "id": "End"
            },
            "childShapes": [],
            "outgoing": [],
            "bounds": {
                "lowerRight": {
                    "x": 994,
                    "y": 122
                },
                "upperLeft": {
                    "x": 960,
                    "y": 88
                }
            },
            "dockers": []
        }, {
            "resourceId": "oryx_A6B84EC2-B5AA-4BA6-8D59-07CBCB689846",
            "properties": {
                "Name": "Begin",
                "id": "Flow6",
                "Type": "Default"
            },
            "stencil": {
                "id": "Flow"
            },
            "childShapes": [],
            "outgoing": [{
                    "resourceId": "oryx_9CE2CBE4-1B1F-4AFC-9320-B1AE21F0EAEC"
                }
            ],
            "bounds": {
                "lowerRight": {
                    "x": 66,
                    "y": 554.52734375
                },
                "upperLeft": {
                    "x": 64,
                    "y": 142.5234375
                }
            },
            "dockers": [{
                    "x": 17,
                    "y": 16.999999999999986
                }, {
                    "x": 50,
                    "y": 40
                }
            ],
            "target": {
                "resourceId": "oryx_9CE2CBE4-1B1F-4AFC-9320-B1AE21F0EAEC"
            }
        }, {
            "resourceId": "oryx_BCA1806B-EC62-4C4E-8DB7-2AC531CE9C3D",
            "properties": {
                "Name": "Success",
                "id": "Flow7",
                "Type": "Default"
            },
            "stencil": {
                "id": "Flow"
            },
            "childShapes": [],
            "outgoing": [{
                    "resourceId": "oryx_668576A1-3E54-4D02-8CAC-41FE0DDFE028"
                }
            ],
            "bounds": {
                "lowerRight": {
                    "x": 555,
                    "y": 124
                },
                "upperLeft": {
                    "x": 387.328125,
                    "y": 116
                }
            },
            "dockers": [{
                    "x": 50,
                    "y": 40
                }, {
                    "x": 481,
                    "y": 124
                }, {
                    "x": 481,
                    "y": 116
                }, {
                    "x": 1,
                    "y": 41
                }
            ],
            "target": {
                "resourceId": "oryx_668576A1-3E54-4D02-8CAC-41FE0DDFE028"
            }
        }, {
            "resourceId": "oryx_C0A30421-8887-44A1-8F48-6A2FC6ECFCE0",
            "properties": {
                "Name": "Failure",
                "id": "Flow8",
                "Type": "Default"
            },
            "stencil": {
                "id": "Flow"
            },
            "childShapes": [],
            "outgoing": [{
                    "resourceId": "oryx_2C7AC0B6-3154-4F47-AF65-9A58F1AD2627"
                }
            ],
            "bounds": {
                "lowerRight": {
                    "x": 336,
                    "y": 404.501953125
                },
                "upperLeft": {
                    "x": 334,
                    "y": 166.37890625
                }
            },
            "dockers": [{
                    "x": 50,
                    "y": 40
                }, {
                    "x": 50,
                    "y": 40
                }
            ],
            "target": {
                "resourceId": "oryx_2C7AC0B6-3154-4F47-AF65-9A58F1AD2627"
            }
        }, {
            "resourceId": "oryx_26D6EF2D-36B6-46CE-9F2F-736A08B19C89",
            "properties": {
                "Name": "Email Sent",
                "id": "Flow9",
                "Type": "Default"
            },
            "stencil": {
                "id": "Flow"
            },
            "childShapes": [],
            "outgoing": [{
                    "resourceId": "oryx_95F5AC02-68F8-4DE0-AC83-18161FCD7668"
                }
            ],
            "bounds": {
                "lowerRight": {
                    "x": 925.921875,
                    "y": 447
                },
                "upperLeft": {
                    "x": 387.078125,
                    "y": 445
                }
            },
            "dockers": [{
                    "x": 51,
                    "y": 41
                }, {
                    "x": 51,
                    "y": 41
                }
            ],
            "target": {
                "resourceId": "oryx_95F5AC02-68F8-4DE0-AC83-18161FCD7668"
            }
        }, {
            "resourceId": "oryx_4C6A38FC-F7AE-454D-9181-5B20823EDD22",
            "properties": {
                "Name": "End Job",
                "id": "Flow10",
                "Type": "Default"
            },
            "stencil": {
                "id": "Flow"
            },
            "childShapes": [],
            "outgoing": [{
                    "resourceId": "oryx_1DE35FE0-47E6-4AC5-9E5B-DEA4996494C1"
                }
            ],
            "bounds": {
                "lowerRight": {
                    "x": 977,
                    "y": 404.296875
                },
                "upperLeft": {
                    "x": 976,
                    "y": 122.09765625
                }
            },
            "dockers": [{
                    "x": 50,
                    "y": 40
                }, {
                    "x": 976,
                    "y": 263.5
                }, {
                    "x": 977,
                    "y": 263.5
                }, {
                    "x": 17,
                    "y": 17
                }
            ],
            "target": {
                "resourceId": "oryx_1DE35FE0-47E6-4AC5-9E5B-DEA4996494C1"
            }
        }, {
            "resourceId": "oryx_D5C1B33F-F380-48C6-B003-7CE344AC71C9",
            "properties": {
                "Name": "Send for Translation",
                "id": "Flow11",
                "Type": "Default"
            },
            "stencil": {
                "id": "Flow"
            },
            "childShapes": [],
            "outgoing": [{
                    "resourceId": "oryx_0ADA47F1-5236-44A9-8C83-50F9686DA510"
                }
            ],
            "bounds": {
                "lowerRight": {
                    "x": 925.6537035308849,
                    "y": 419.78758008332926
                },
                "upperLeft": {
                    "x": 387.22422615661515,
                    "y": 150.15284960417077
                }
            },
            "dockers": [{
                    "x": 50,
                    "y": 40
                }, {
                    "x": 50,
                    "y": 40
                }
            ],
            "target": {
                "resourceId": "oryx_0ADA47F1-5236-44A9-8C83-50F9686DA510"
            }
        }, {
            "resourceId": "oryx_C8890827-1D4E-4C82-BCD7-89ACF1D2B927",
            "properties": {
                "y": "330.1328125",
                "x": "592.0",
                "Name": "Email Timeout",
                "id": "Flow12",
                "Type": "Timeout",
                "Timeout Duration": "+000003"
            },
            "stencil": {
                "id": "TimeoutLink"
            },
            "childShapes": [],
            "outgoing": [{
                    "resourceId": "oryx_95F5AC02-68F8-4DE0-AC83-18161FCD7668"
                }
            ],
            "bounds": {
                "lowerRight": {
                    "x": 977,
                    "y": 539
                },
                "upperLeft": {
                    "x": 336,
                    "y": 487.6875
                }
            },
            "dockers": [{
                    "x": 51,
                    "y": 41
                }, {
                    "x": 336,
                    "y": 539
                }, {
                    "x": 977,
                    "y": 539
                }, {
                    "x": 51,
                    "y": 41
                }
            ],
            "target": {
                "resourceId": "oryx_95F5AC02-68F8-4DE0-AC83-18161FCD7668"
            }
        }, {
            "resourceId": "oryx_9CE2CBE4-1B1F-4AFC-9320-B1AE21F0EAEC",
            "properties": {
                "AreaVPath": "$IW_WORKAREA",
                "Brief Description": "",
                "Description": "Attach Dependencies",
                "Name": "Attach Dependencies",
                "id": "Attach Dependencies",
                "CSSclass": "Task",
                "Owner": "$IW_USER",
                "URI": "http://localhost:8080/iw-cc/urlexternaltask",
                "Retry": "true",
                "Lock": "false",
                "Readonly": "false",
                "Transferonly": "false",
                "Variables": "ClassName=com.deere.livesite.workflow.AttachDependenciesTask|SuccessTransition=Attach Dependencies Success|FailureTransition=Attach Dependencies Failure",
                "Eafinishop": "",
                "Eastartop": "",
                "Wfvarfinishop": "",
                "Wfvarstartop": "",
                "ActivationCount": "0",
                "Status": "none",
                "Valid": "none",
                "BackgroundColor": "#c0c0c0",
                "TaskType": "ItsURLTask"
            },
            "stencil": {
                "id": "URLTask"
            },
            "childShapes": [],
            "outgoing": [{
                    "resourceId": "oryx_0A127A48-F287-4207-8AED-68F1FC307EDB"
                }, {
                    "resourceId": "oryx_8C751EC4-0770-4373-A3E3-90941FAEEBD6"
                }
            ],
            "bounds": {
                "lowerRight": {
                    "x": 115,
                    "y": 635
                },
                "upperLeft": {
                    "x": 15,
                    "y": 555
                }
            },
            "dockers": []
        }, {
            "resourceId": "oryx_0A127A48-F287-4207-8AED-68F1FC307EDB",
            "properties": {
                "Name": "Attach Dependencies Success",
                "id": "Flow2",
                "Type": "Default"
            },
            "stencil": {
                "id": "Flow"
            },
            "childShapes": [],
            "outgoing": [{
                    "resourceId": "oryx_0ADA47F1-5236-44A9-8C83-50F9686DA510"
                }
            ],
            "bounds": {
                "lowerRight": {
                    "x": 288.662651243547,
                    "y": 554.2349260841733
                },
                "upperLeft": {
                    "x": 111.65766125645304,
                    "y": 166.7142926658268
                }
            },
            "dockers": [{
                    "x": 89,
                    "y": 16
                }, {
                    "x": 25,
                    "y": 36
                }
            ],
            "target": {
                "resourceId": "oryx_0ADA47F1-5236-44A9-8C83-50F9686DA510"
            }
        }, {
            "resourceId": "oryx_8C751EC4-0770-4373-A3E3-90941FAEEBD6",
            "properties": {
                "Name": "Attach Dependencies Failure",
                "id": "Flow3",
                "Type": "Default"
            },
            "stencil": {
                "id": "Flow"
            },
            "childShapes": [],
            "outgoing": [{
                    "resourceId": "oryx_95F5AC02-68F8-4DE0-AC83-18161FCD7668"
                }
            ],
            "bounds": {
                "lowerRight": {
                    "x": 962,
                    "y": 617
                },
                "upperLeft": {
                    "x": 116,
                    "y": 487.078125
                }
            },
            "dockers": [{
                    "x": 51,
                    "y": 62
                }, {
                    "x": 962,
                    "y": 617
                }, {
                    "x": 36,
                    "y": 41
                }
            ],
            "target": {
                "resourceId": "oryx_95F5AC02-68F8-4DE0-AC83-18161FCD7668"
            }
        }, {
            "resourceId": "oryx_668576A1-3E54-4D02-8CAC-41FE0DDFE028",
            "properties": {
                "y": "248.0",
                "x": "543.0",
                "AreaVPath": "$IW_WORKAREA",
                "Brief Description": "",
                "Description": "The file(s) successfully sent for translation.",
                "Name": "Translation Success Notification",
                "id": "Translation Success Notification",
                "CSSclass": "Task",
                "Owner": "$IW_USER",
                "EMailCommand": "http://$IW_SERVER/iw-cc/urlexternaltask",
                "Retry": "true",
                "Lock": "false",
                "Readonly": "false",
                "Transferonly": "false",
                "Variables": "ClassName=com.deere.livesite.workflow.syndication.TranslationNotification|target_task_name=Email Sent|mail_subject=Translation Request - Successfully Sent|serverName=translationSuccess|mail_template=/iwadmin/main/config/STAGING/workflow/email/deere/TranslationEmailNotification.xsl|translation_task_name=Send for Translation",
                "Eafinishop": "",
                "Eastartop": "",
                "Wfvarfinishop": "",
                "Wfvarstartop": "",
                "ActivationCount": "0",
                "Status": "none",
                "Valid": "true",
                "BackgroundColor": "#c0c0c0",
                "TaskType": "ItsEmailTask"
            },
            "stencil": {
                "id": "EmailTask"
            },
            "childShapes": [],
            "outgoing": [{
                    "resourceId": "oryx_EB81412B-3125-4686-B71E-16E6BA428C44"
                }, {
                    "resourceId": "oryx_63258954-62A0-4D04-A805-518887EE0CD5"
                }
            ],
            "bounds": {
                "lowerRight": {
                    "x": 657,
                    "y": 157
                },
                "upperLeft": {
                    "x": 555,
                    "y": 75
                }
            },
            "dockers": []
        }, {
            "resourceId": "oryx_EB81412B-3125-4686-B71E-16E6BA428C44",
            "properties": {
                "Name": "Email Sent",
                "id": "Flow16",
                "Type": "Default"
            },
            "stencil": {
                "id": "Flow"
            },
            "childShapes": [],
            "outgoing": [{
                    "resourceId": "oryx_1DE35FE0-47E6-4AC5-9E5B-DEA4996494C1"
                }
            ],
            "bounds": {
                "lowerRight": {
                    "x": 959.3691667705326,
                    "y": 115.95436354061627
                },
                "upperLeft": {
                    "x": 657.6035015196056,
                    "y": 107.36596099952197
                }
            },
            "dockers": [{
                    "x": 101,
                    "y": 41
                }, {
                    "x": 5.20001220703125,
                    "y": 19.20001220703125
                }
            ],
            "target": {
                "resourceId": "oryx_1DE35FE0-47E6-4AC5-9E5B-DEA4996494C1"
            }
        }, {
            "resourceId": "oryx_63258954-62A0-4D04-A805-518887EE0CD5",
            "properties": {
                "y": "330.1328125",
                "x": "592.0",
                "Name": "Email Timeout",
                "id": "Flow17",
                "Type": "Timeout",
                "Timeout Duration": "+000003"
            },
            "stencil": {
                "id": "TimeoutLink"
            },
            "childShapes": [],
            "outgoing": [{
                    "resourceId": "oryx_1DE35FE0-47E6-4AC5-9E5B-DEA4996494C1"
                }
            ],
            "bounds": {
                "lowerRight": {
                    "x": 976.5999755859375,
                    "y": 87.01249694824219
                },
                "upperLeft": {
                    "x": 606,
                    "y": 23.199996948242188
                }
            },
            "dockers": [{
                    "x": 51,
                    "y": 1
                }, {
                    "x": 606,
                    "y": 23.199996948242188
                }, {
                    "x": 976.5999755859375,
                    "y": 23.199996948242188
                }, {
                    "x": 16.5999755859375,
                    "y": 3.1999969482421875
                }
            ],
            "target": {
                "resourceId": "oryx_1DE35FE0-47E6-4AC5-9E5B-DEA4996494C1"
            }
        }
    ],
    "bounds": {
        "lowerRight": {
            "x": 1485,
            "y": 1050
        },
        "upperLeft": {
            "x": 0,
            "y": 0
        }
    },
    "stencilset": {
        "url": "/iw-wfm/editor/stencilsets/iwov_process_model/iwovprocessmodels.json",
        "namespace": "http://autonomy.com/stencilset/iwovwfm#"
    },
    "ssextensions": [],
    "modelVariables": [{
            "TaskId": "URLTask",
            "PropertyName": "Variables",
            "VariableId": "ReportingTemplate",
            "VariableValue": "",
            "TaskType": "",
            "isDeleted": ""
        }, {
            "TaskId": "URLTask",
            "PropertyName": "Variables",
            "VariableId": "PartialCheckoutIndicator",
            "VariableValue": "",
            "TaskType": "",
            "isDeleted": ""
        }, {
            "TaskId": "URLTask",
            "PropertyName": "Variables",
            "VariableId": "ProjectManager",
            "VariableValue": "",
            "TaskType": "",
            "isDeleted": ""
        }, {
            "TaskId": "URLTask",
            "PropertyName": "Variables",
            "VariableId": "Region",
            "VariableValue": "",
            "TaskType": "",
            "isDeleted": ""
        }, {
            "TaskId": "URLTask",
            "PropertyName": "Variables",
            "VariableId": "PerformerType",
            "VariableValue": "",
            "TaskType": "",
            "isDeleted": ""
        }, {
            "TaskId": "Resolve Error",
            "PropertyName": "Shared by",
            "VariableId": "AdminUserGroup",
            "VariableValue": {
                "type": "$IW_CV",
                "value": {
                    "isReadOnly": false,
                    "defaultValue": "",
                    "description": "Administration User Group",
                    "id": "AdminUserGroup",
                    "label": "Admin User Group",
                    "isHidden": false
                }
            },
            "TaskType": "GroupTask",
            "isDeleted": ""
        }, {
            "TaskId": "URLTask",
            "PropertyName": "Variables",
            "VariableId": "ProjectPO",
            "VariableValue": "",
            "TaskType": "",
            "isDeleted": ""
        }, {
            "TaskId": "URLTask",
            "PropertyName": "Variables",
            "VariableId": "JobContact",
            "VariableValue": "",
            "TaskType": "",
            "isDeleted": ""
        }, {
            "TaskId": "URLTask",
            "PropertyName": "Variables",
            "VariableId": "Performer",
            "VariableValue": "",
            "TaskType": "",
            "isDeleted": ""
        }, {
            "TaskId": "URLTask",
            "PropertyName": "Variables",
            "VariableId": "WorkflowName",
            "VariableValue": "",
            "TaskType": "",
            "isDeleted": ""
        }, {
            "TaskId": "URLTask",
            "PropertyName": "Variables",
            "VariableId": "SettingTemplateName",
            "VariableValue": "",
            "TaskType": "",
            "isDeleted": ""
        }, {
            "TaskId": "GroupTask",
            "PropertyName": "Shared by",
            "VariableId": "AdminUserGroup",
            "VariableValue": "",
            "TaskType": "",
            "isDeleted": ""
        }, {
            "TaskId": "URLTask",
            "PropertyName": "Variables",
            "VariableId": "ProjectDeadline",
            "VariableValue": "",
            "TaskType": "",
            "isDeleted": ""
        }, {
            "TaskId": "URLTask",
            "PropertyName": "Variables",
            "VariableId": "Relation",
            "VariableValue": "",
            "TaskType": "",
            "isDeleted": ""
        }, {
            "TaskId": "URLTask",
            "PropertyName": "Variables",
            "VariableId": "ProjectDescription",
            "VariableValue": "",
            "TaskType": "",
            "isDeleted": ""
        }, {
            "TaskId": "URLTask",
            "PropertyName": "Variables",
            "VariableId": "ProjectType",
            "VariableValue": "",
            "TaskType": "",
            "isDeleted": ""
        }, {
            "TaskId": "URLTask",
            "PropertyName": "Variables",
            "VariableId": "TargetBranches",
            "VariableValue": "",
            "TaskType": "",
            "isDeleted": ""
        }, {
            "TaskId": "URLTask",
            "PropertyName": "Variables",
            "VariableId": "ProjectSettingsName",
            "VariableValue": {
                "type": "$IW_CV",
                "value": {
                    "isReadOnly": true,
                    "defaultValue": "Deere.com-Marketing",
                    "description": "Translation project settings name",
                    "id": "ProjectSettingsName",
                    "label": "Project Settings Name",
                    "isHidden": true
                }
            },
            "TaskType": "",
            "isDeleted": ""
        }, {
            "TaskId": "Send for Translation",
            "PropertyName": "Variables",
            "VariableId": "WorkflowName",
            "VariableValue": {
                "type": "$IW_CV",
                "value": {
                    "isReadOnly": true,
                    "defaultValue": "",
                    "description": "Translation project workflow name",
                    "id": "WorkflowName",
                    "label": "Workflow Name",
                    "isHidden": true
                }
            },
            "TaskType": "URLTask",
            "isDeleted": ""
        }, {
            "TaskId": "Send for Translation",
            "PropertyName": "Variables",
            "VariableId": "ProjectDeadline",
            "VariableValue": {
                "type": "$IW_CV",
                "value": {
                    "isReadOnly": false,
                    "defaultValue": "",
                    "description": "Translation project deadline date",
                    "id": "ProjectDeadline",
                    "label": "Project Deadline",
                    "isHidden": false
                }
            },
            "TaskType": "URLTask",
            "isDeleted": ""
        }, {
            "TaskId": "Send for Translation",
            "PropertyName": "Variables",
            "VariableId": "SettingTemplateName",
            "VariableValue": {
                "type": "$IW_CV",
                "value": {
                    "isReadOnly": true,
                    "defaultValue": "Deere.com-Marketing",
                    "description": "Translation project settings template name",
                    "id": "SettingTemplateName",
                    "label": "Setting Template Name",
                    "isHidden": true
                }
            },
            "TaskType": "URLTask",
            "isDeleted": ""
        }, {
            "TaskId": "Send for Translation",
            "PropertyName": "Variables",
            "VariableId": "JobContact",
            "VariableValue": {
                "type": "$IW_CV",
                "value": {
                    "isReadOnly": false,
                    "defaultValue": "",
                    "description": "Contact e-mail address for the translation project",
                    "id": "JobContact",
                    "label": "Job Contact",
                    "isHidden": false
                }
            },
            "TaskType": "URLTask",
            "isDeleted": ""
        }, {
            "TaskId": "Send for Translation",
            "PropertyName": "Variables",
            "VariableId": "PartialCheckoutIndicator",
            "VariableValue": {
                "type": "$IW_CV",
                "value": {
                    "isReadOnly": true,
                    "defaultValue": "Language",
                    "description": "Translation project partial checkout indicator",
                    "id": "PartialCheckoutIndicator",
                    "label": "Partial Checkout Indicator",
                    "isHidden": true
                }
            },
            "TaskType": "URLTask",
            "isDeleted": ""
        }, {
            "TaskId": "Send for Translation",
            "PropertyName": "Variables",
            "VariableId": "Relation",
            "VariableValue": {
                "type": "$IW_CV",
                "value": {
                    "isReadOnly": true,
                    "defaultValue": "",
                    "description": "Relation",
                    "id": "Relation",
                    "label": "Relation",
                    "isHidden": true
                }
            },
            "TaskType": "URLTask",
            "isDeleted": ""
        }, {
            "TaskId": "Send for Translation",
            "PropertyName": "Variables",
            "VariableId": "ReportingTemplate",
            "VariableValue": {
                "type": "$IW_CV",
                "value": {
                    "isReadOnly": false,
                    "defaultValue": "",
                    "description": "Translation project reporting template",
                    "id": "ReportingTemplate",
                    "label": "Reporting Template",
                    "isHidden": false
                }
            },
            "TaskType": "URLTask",
            "isDeleted": ""
        }, {
            "TaskId": "Send for Translation",
            "PropertyName": "Variables",
            "VariableId": "ProjectDescription",
            "VariableValue": {
                "type": "$IW_CV",
                "value": {
                    "isReadOnly": false,
                    "defaultValue": "",
                    "description": "Translation project description",
                    "id": "ProjectDescription",
                    "label": "Project Description",
                    "isHidden": false
                }
            },
            "TaskType": "URLTask",
            "isDeleted": ""
        }, {
            "TaskId": "Send for Translation",
            "PropertyName": "Variables",
            "VariableId": "ProjectPO",
            "VariableValue": {
                "type": "$IW_CV",
                "value": {
                    "isReadOnly": false,
                    "defaultValue": "",
                    "description": "Project PO",
                    "id": "ProjectPO",
                    "label": "Project PO",
                    "isHidden": false
                }
            },
            "TaskType": "URLTask",
            "isDeleted": ""
        }, {
            "TaskId": "Send for Translation",
            "PropertyName": "Variables",
            "VariableId": "PerformerType",
            "VariableValue": {
                "type": "$IW_CV",
                "value": {
                    "isReadOnly": false,
                    "defaultValue": "",
                    "description": "Translation project performer type",
                    "id": "PerformerType",
                    "label": "Performer Type",
                    "isHidden": false
                }
            },
            "TaskType": "URLTask",
            "isDeleted": ""
        }, {
            "TaskId": "Send for Translation",
            "PropertyName": "Variables",
            "VariableId": "ProjectManager",
            "VariableValue": {
                "type": "$IW_CV",
                "value": {
                    "isReadOnly": true,
                    "defaultValue": "",
                    "description": "Translation project manager",
                    "id": "ProjectManager",
                    "label": "Project Manager",
                    "isHidden": true
                }
            },
            "TaskType": "URLTask",
            "isDeleted": ""
        }, {
            "TaskId": "Send for Translation",
            "PropertyName": "Variables",
            "VariableId": "Performer",
            "VariableValue": {
                "type": "$IW_CV",
                "value": {
                    "isReadOnly": false,
                    "defaultValue": "",
                    "description": "Translation project performer",
                    "id": "Performer",
                    "label": "Performer",
                    "isHidden": false
                }
            },
            "TaskType": "URLTask",
            "isDeleted": ""
        }, {
            "TaskId": "Send for Translation",
            "PropertyName": "Variables",
            "VariableId": "ProjectType",
            "VariableValue": {
                "type": "$IW_CV",
                "value": {
                    "isReadOnly": true,
                    "defaultValue": "Released",
                    "description": "Translation project type",
                    "id": "ProjectType",
                    "label": "Project Type",
                    "isHidden": true
                }
            },
            "TaskType": "URLTask",
            "isDeleted": ""
        }, {
            "TaskId": "Send for Translation",
            "PropertyName": "Variables",
            "VariableId": "Region",
            "VariableValue": {
                "type": "$IW_CV",
                "value": {
                    "isReadOnly": true,
                    "defaultValue": "",
                    "description": "Region",
                    "id": "Region",
                    "label": "Region",
                    "isHidden": true
                }
            },
            "TaskType": "URLTask",
            "isDeleted": ""
        }, {
            "TaskId": "Send for Translation",
            "PropertyName": "Variables",
            "VariableId": "TargetBranches",
            "VariableValue": {
                "type": "$IW_CV",
                "value": {
                    "isReadOnly": true,
                    "defaultValue": "$IW_BRANCH",
                    "description": "Target branches in a comma separated list for syndication",
                    "id": "TargetBranches",
                    "label": "Target Branches",
                    "isHidden": true
                }
            },
            "TaskType": "URLTask",
            "isDeleted": ""
        }, {
            "TaskId": "Send for Translation",
            "PropertyName": "Variables",
            "VariableId": "DefaultTransformTemplate",
            "VariableValue": {
                "type": "$IW_CV",
                "value": {
                    "id": "DefaultTransformTemplate",
                    "label": "Default Transform Template",
                    "defaultValue": "",
                    "description": "Default Across Settings Template",
                    "isHidden": false,
                    "isReadOnly": false
                }
            },
            "TaskType": "URLTask",
            "isDeleted": ""
        }, {
            "TaskId": "Send for Translation",
            "PropertyName": "Variables",
            "VariableId": "DCRTransformTemplate",
            "VariableValue": {
                "type": "$IW_CV",
                "value": {
                    "id": "DCRTransformTemplate",
                    "label": "DCR Transform Template",
                    "defaultValue": "",
                    "description": "Across Settings Template for DCRs",
                    "isHidden": false,
                    "isReadOnly": false
                }
            },
            "TaskType": "URLTask",
            "isDeleted": ""
        }, {
            "TaskId": "Send for Translation",
            "PropertyName": "Variables",
            "VariableId": "JSONTransformTemplate",
            "VariableValue": {
                "type": "$IW_CV",
                "value": {
                    "id": "JSONTransformTemplate",
                    "label": "JSON Transform Template",
                    "defaultValue": "",
                    "description": "Across Settings Template for Akeneo JSON data files",
                    "isHidden": false,
                    "isReadOnly": false
                }
            },
            "TaskType": "URLTask",
            "isDeleted": ""
        }, {
            "TaskId": "Send for Translation",
            "PropertyName": "Variables",
            "VariableId": "PackagingTemplate",
            "VariableValue": {
                "type": "$IW_CV",
                "value": {
                    "id": "PackagingTemplate",
                    "label": "Packaging Template",
                    "defaultValue": "",
                    "description": "Across Packaging Template",
                    "isHidden": false,
                    "isReadOnly": false
                }
            },
            "TaskType": "URLTask",
            "isDeleted": ""
        }, {
            "TaskId": "Send for Translation",
            "PropertyName": "Variables",
            "VariableId": "SPPageTransformTemplate",
            "VariableValue": {
                "type": "$IW_CV",
                "value": {
                    "id": "SPPageTransformTemplate",
                    "label": "SP Page Transform Template",
                    "defaultValue": "",
                    "description": "SitePublisher Page Across Transform Template",
                    "isHidden": false,
                    "isReadOnly": false
                }
            },
            "TaskType": "URLTask",
            "isDeleted": ""
        }
    ]
}
