{"resourceId":"oryx-canvas123","properties":{"Owner":"$IW_USER","Priority":"2","Brief Description":"Update Publications","Description":"","DueDate":"","Global Variables":"true","VAVariables":"","Variables":"","PostProcessorCommand":"","PreProcessorCommand":"","Name":"Update Publication Content","id":"Workflow Properties1","ActivationCount":"","Version":"1.0.0.1","Status":"","Valid":"true","File Comments":"true"},"stencil":{"id":"ModelProperties"},"childShapes":[{"resourceId":"oryx_BF529C97-A472-48DC-8371-BA9F703D8120","properties":{"Name":"Start1","id":"Start1","CSSclass":"Event"},"stencil":{"id":"Start"},"childShapes":[],"outgoing":[{"resourceId":"oryx_59C83240-E507-43F6-869E-52403CD3C43F"}],"bounds":{"lowerRight":{"x":831,"y":796},"upperLeft":{"x":797,"y":762}},"dockers":[]},{"resourceId":"oryx_7BCFA7AB-E821-463C-A13B-37491113FF80","properties":{"AreaVPath":"$IW_WORKAREA","Brief Description":"Export JSON","Description":"","Name":"Export JSON","id":"Export JSON","CSSclass":"Task","Owner":"$IW_USER","Command":"http://localhost:8080/iw-cc/urlexternaltask","Retry":"true","Lock":"false","Readonly":"false","Transferonly":"false","Variables":"TaskBeanId=workflow.task.ExportContentTask|ClassName=com.interwoven.livesite.spring.workflow.task.DelegatingUrlExternalTaskProxy|configId=publications|includeFragmentPath=false","Eafinishop":"","Eastartop":"","Wfvarfinishop":"","Wfvarstartop":"","ActivationCount":"0","Status":"none","Valid":"none","BackgroundColor":"#c0c0c0","TaskType":"ItsExternalTask"},"stencil":{"id":"ExternalTask"},"childShapes":[],"outgoing":[{"resourceId":"oryx_76DE68D6-DE87-4F4A-BCD0-489EF8887000"},{"resourceId":"oryx_D4EE2828-03B2-41AD-9A6A-CEB648D5BD80"}],"bounds":{"lowerRight":{"x":1108,"y":819},"upperLeft":{"x":1008,"y":739}},"dockers":[]},{"resourceId":"oryx_59C83240-E507-43F6-869E-52403CD3C43F","properties":{"Name":"Start","id":"Flow3","Type":"Default"},"stencil":{"id":"Flow"},"childShapes":[],"outgoing":[{"resourceId":"oryx_7BCFA7AB-E821-463C-A13B-37491113FF80"}],"bounds":{"lowerRight":{"x":1007.4375,"y":780},"upperLeft":{"x":831.203125,"y":778}},"dockers":[{"x":17,"y":17},{"x":50,"y":40}],"target":{"resourceId":"oryx_7BCFA7AB-E821-463C-A13B-37491113FF80"}},{"resourceId":"oryx_15283B93-69AC-4EF6-B963-5CF70A1F5A55","properties":{"AreaVPath":"$IW_WORKAREA","Brief Description":"Update Content","Description":"","Name":"Update Content","id":"Update Content","CSSclass":"Task","Owner":"$IW_USER","Command":"http://localhost:8080/iw-cc/urlexternaltask","Retry":"true","Lock":"false","Readonly":"false","Transferonly":"false","Variables":"TaskBeanId=workflow.task.UpdatePublicationTask|ClassName=com.interwoven.livesite.spring.workflow.task.DelegatingUrlExternalTaskProxy","Eafinishop":"","Eastartop":"","Wfvarfinishop":"","Wfvarstartop":"","ActivationCount":"0","Status":"none","Valid":"none","BackgroundColor":"#c0c0c0","TaskType":"ItsExternalTask"},"stencil":{"id":"ExternalTask"},"childShapes":[],"outgoing":[{"resourceId":"oryx_7B4AAADD-DD1E-428C-B5C4-5391649DD511"},{"resourceId":"oryx_C1D1E2C0-E36A-457C-9F4A-54672536EE68"}],"bounds":{"lowerRight":{"x":1108,"y":1057},"upperLeft":{"x":1008,"y":977}},"dockers":[]},{"resourceId":"oryx_76DE68D6-DE87-4F4A-BCD0-489EF8887000","properties":{"Name":"Export JSON Success","id":"Flow5","Type":"Default"},"stencil":{"id":"Flow"},"childShapes":[],"outgoing":[{"resourceId":"oryx_15283B93-69AC-4EF6-B963-5CF70A1F5A55"}],"bounds":{"lowerRight":{"x":1059,"y":976.953125},"upperLeft":{"x":1057,"y":819.046875}},"dockers":[{"x":50,"y":40},{"x":50,"y":40}],"target":{"resourceId":"oryx_15283B93-69AC-4EF6-B963-5CF70A1F5A55"}},{"resourceId":"oryx_75B6D0AC-B788-4E0C-843F-CB9C6432D2CF","properties":{"Name":"End6","id":"End6","Brief Description":"","Eafinishop":"","Eastartop":"","Wfvarfinishop":"","Wfvarstartop":"","CSSclass":"Event"},"stencil":{"id":"End"},"childShapes":[],"outgoing":[],"bounds":{"lowerRight":{"x":1387,"y":1287},"upperLeft":{"x":1353,"y":1253}},"dockers":[]},{"resourceId":"oryx_7B4AAADD-DD1E-428C-B5C4-5391649DD511","properties":{"Name":"Update Content Success","id":"Flow7","Type":"Default"},"stencil":{"id":"Flow"},"childShapes":[],"outgoing":[{"resourceId":"oryx_5B339CF1-8055-49DD-B289-25772AB6D92C"}],"bounds":{"lowerRight":{"x":1059,"y":1229.46875},"upperLeft":{"x":1057,"y":1057.53125}},"dockers":[{"x":50,"y":40},{"x":50,"y":40}],"target":{"resourceId":"oryx_5B339CF1-8055-49DD-B289-25772AB6D92C"}},{"resourceId":"oryx_71AABC66-C774-4949-A36F-D6E00D16E1A4","properties":{"AreaVPath":"$IW_WORKAREA","Brief Description":"Fix Issue","Description":"","Name":"Fix Issue","id":"Fix Issue","Eafinishop":"","Eastartop":"","Wfvarfinishop":"","Wfvarstartop":"","Lock":"false","Readonly":"false","Transferonly":"false","Owner":"$IW_USER","Variables":"","CSSclass":"Task","ActivationCount":"0","Status":"none","Valid":"none","BackgroundColor":"#c0c0c0","TaskType":"ItsUserTask"},"stencil":{"id":"UserTask"},"childShapes":[],"outgoing":[{"resourceId":"oryx_603E6AF5-36FB-4F47-A80C-08C656098F99"}],"bounds":{"lowerRight":{"x":1420,"y":819},"upperLeft":{"x":1320,"y":739}},"dockers":[]},{"resourceId":"oryx_C1D1E2C0-E36A-457C-9F4A-54672536EE68","properties":{"Name":"Update Content Failure","id":"Flow9","Type":"Default"},"stencil":{"id":"Flow"},"childShapes":[],"outgoing":[{"resourceId":"oryx_71AABC66-C774-4949-A36F-D6E00D16E1A4"}],"bounds":{"lowerRight":{"x":1370,"y":1017},"upperLeft":{"x":1108.96875,"y":819.046875}},"dockers":[{"x":50,"y":40},{"x":1370,"y":1017},{"x":50,"y":40}],"target":{"resourceId":"oryx_71AABC66-C774-4949-A36F-D6E00D16E1A4"}},{"resourceId":"oryx_603E6AF5-36FB-4F47-A80C-08C656098F99","properties":{"Name":"Issue Fixed","id":"Flow10","Type":"Default"},"stencil":{"id":"Flow"},"childShapes":[],"outgoing":[{"resourceId":"oryx_7BCFA7AB-E821-463C-A13B-37491113FF80"}],"bounds":{"lowerRight":{"x":1320,"y":760},"upperLeft":{"x":1108.8359375,"y":758}},"dockers":[{"x":1,"y":20},{"x":99,"y":20}],"target":{"resourceId":"oryx_7BCFA7AB-E821-463C-A13B-37491113FF80"}},{"resourceId":"oryx_D4EE2828-03B2-41AD-9A6A-CEB648D5BD80","properties":{"Name":"Export JSON Failure","id":"Flow11","Type":"Default"},"stencil":{"id":"Flow"},"childShapes":[],"outgoing":[{"resourceId":"oryx_71AABC66-C774-4949-A36F-D6E00D16E1A4"}],"bounds":{"lowerRight":{"x":1320,"y":800},"upperLeft":{"x":1108.8359375,"y":798}},"dockers":[{"x":99,"y":60},{"x":1,"y":60}],"target":{"resourceId":"oryx_71AABC66-C774-4949-A36F-D6E00D16E1A4"}},{"resourceId":"oryx_5B339CF1-8055-49DD-B289-25772AB6D92C","properties":{"AreaVPath":"$IW_WORKAREA","Brief Description":"","Description":"Submit Files","Name":"Submit","id":"Submit","CSSclass":"Task","Owner":"$IW_USER","SubmitComment":"","SubmitInfo":"","Override":"true","Save Comments":"false","Skip Conflicts":"false","Skip Locked":"false","Unlock":"true","Variables":"","Eafinishop":"","Eastartop":"","Wfvarfinishop":"","Wfvarstartop":"","ActivationCount":"0","Status":"none","Valid":"none","BackgroundColor":"#c0c0c0","TaskType":"ItsSubmitTask"},"stencil":{"id":"SubmitTask"},"childShapes":[],"outgoing":[{"resourceId":"oryx_DCC969DC-42FC-4F83-8E63-3F5713083852"}],"bounds":{"lowerRight":{"x":1108,"y":1310},"upperLeft":{"x":1008,"y":1230}},"dockers":[]},{"resourceId":"oryx_DCC969DC-42FC-4F83-8E63-3F5713083852","properties":{"Name":"Files Submitted","id":"Flow2","Type":"Default"},"stencil":{"id":"Flow"},"childShapes":[],"outgoing":[{"resourceId":"oryx_75B6D0AC-B788-4E0C-843F-CB9C6432D2CF"}],"bounds":{"lowerRight":{"x":1352.546875,"y":1271},"upperLeft":{"x":1108.96875,"y":1269}},"dockers":[{"x":50,"y":40},{"x":17,"y":17}],"target":{"resourceId":"oryx_75B6D0AC-B788-4E0C-843F-CB9C6432D2CF"}}],"bounds":{"lowerRight":{"x":1520,"y":1410},"upperLeft":{"x":0,"y":0}},"stencilset":{"url":"/iw-wfm/editor/stencilsets/iwov_process_model/iwovprocessmodels.json","namespace":"http://autonomy.com/stencilset/iwovwfm#"},"ssextensions":[],"modelVariables":[{"TaskId":"Publish LiveSite Content","PropertyName":"Global Variables","VariableId":"TagFileIsTrue","VariableValue":{"value":{"id":"TagFileIsTrue","code":"\"$IW_CV(TagFlag)\" == \"true\" ? \"true\" : \"false\";"},"type":"$IW_SCRIPT"},"TaskType":"ModelProperties","isDeleted":""},{"TaskId":"Publish LiveSite Content","PropertyName":"Global Variables","VariableId":"Reviewer","VariableValue":{"value":{"id":"Reviewer","isHidden":false,"description":"","isReadOnly":false,"label":"Reviewer","defaultValue":"","datasource":"LiveSite Reviewers"},"type":"$IW_DS"},"TaskType":"ModelProperties","isDeleted":""},{"TaskId":"Publish LiveSite Content","PropertyName":"Global Variables","VariableId":"ReviewFlag","VariableValue":{"value":{"id":"ReviewFlag","isHidden":true,"description":"","isReadOnly":false,"label":"Review Required?","defaultValue":"false"},"type":"$IW_CV"},"TaskType":"ModelProperties","isDeleted":""},{"TaskId":"Publish LiveSite Content","PropertyName":"Global Variables","VariableId":"JobDescription","VariableValue":{"value":{"id":"JobDescription","isHidden":false,"description":"The description of the current job.","isReadOnly":false,"label":"Job Description","defaultValue":""},"type":"$IW_CV"},"TaskType":"ModelProperties","isDeleted":""},{"TaskId":"Publish LiveSite Content","PropertyName":"Global Variables","VariableId":"ScriptProductionFlag","VariableValue":{"value":{"id":"ScriptProductionFlag","code":"\"$IW_CV(TargetNodes)\".indexOf(\"production\") > -1 ? \"true\" : \"false\""},"type":"$IW_SCRIPT"},"TaskType":"ModelProperties","isDeleted":""},{"TaskId":"Publish LiveSite Content","PropertyName":"Global Variables","VariableId":"DefaultJobDescription","VariableValue":{"value":{"id":"DefaultJobDescription","isHidden":false,"description":"The default job description, used if one is not provided at instantiation time by the job creator.","isReadOnly":false,"label":"Default Job Description","defaultValue":"Publishes content to one or more target nodes, optionally including a review / revision loop."},"type":"$IW_CV"},"TaskType":"ModelProperties","isDeleted":""},{"TaskId":"Publish LiveSite Content","PropertyName":"Global Variables","VariableId":"ProductionFlag","VariableValue":{"value":{"id":"ProductionFlag","isHidden":true,"description":"","isReadOnly":false,"label":"Deploy to Production?","defaultValue":"false"},"type":"$IW_CV"},"TaskType":"ModelProperties","isDeleted":""},{"TaskId":"Publish LiveSite Content","PropertyName":"Global Variables","VariableId":"SubmitFlag","VariableValue":{"value":{"id":"SubmitFlag","isHidden":true,"description":"","isReadOnly":true,"label":"Submit Files?","defaultValue":"false"},"type":"$IW_CV"},"TaskType":"ModelProperties","isDeleted":""},{"TaskId":"Publish LiveSite Content","PropertyName":"Global Variables","VariableId":"ReviewFlagIsTrue","VariableValue":{"value":{"id":"ReviewFlagIsTrue","code":"\"$IW_CV(ReviewFlag)\" == \"true\" ? \"true\" : \"false\""},"type":"$IW_SCRIPT"},"TaskType":"ModelProperties","isDeleted":""},{"TaskId":"Publish LiveSite Content","PropertyName":"Global Variables","VariableId":"AuthorCommentsForReviewer","VariableValue":{"value":{"id":"AuthorCommentsForReviewer","isHidden":false,"description":"These comments are included in the reviewer notification email.","isReadOnly":false,"label":"Comments For Reviewer","defaultValue":""},"type":"$IW_CV"},"TaskType":"ModelProperties","isDeleted":""},{"TaskId":"Publish LiveSite Content","PropertyName":"Global Variables","VariableId":"ProductionFlagIsTrue","VariableValue":{"value":{"id":"ProductionFlagIsTrue","code":"\"$IW_CV(ProductionFlag)\" == \"true\" ? \"true\" : \"false\""},"type":"$IW_SCRIPT"},"TaskType":"ModelProperties","isDeleted":""},{"TaskId":"Publish LiveSite Content","PropertyName":"Global Variables","VariableId":"SubmitFlagIsTrue","VariableValue":{"value":{"id":"SubmitFlagIsTrue","code":"\"$IW_CV(SubmitFlag)\" == \"true\" ? \"true\" : \"false\";"},"type":"$IW_SCRIPT"},"TaskType":"ModelProperties","isDeleted":""},{"TaskId":"Publish LiveSite Content","PropertyName":"Global Variables","VariableId":"ReviewFlagIsFalse","VariableValue":{"value":{"id":"ReviewFlagIsFalse","code":"\"$IW_CV(ReviewFlag)\" == \"false\" ? \"true\" : \"false\""},"type":"$IW_SCRIPT"},"TaskType":"ModelProperties","isDeleted":""},{"TaskId":"CGITask","PropertyName":"Variables","VariableId":"AttachFilesTargetNodes","VariableValue":"","TaskType":"","isDeleted":""},{"TaskId":"CGITask","PropertyName":"Variables","VariableId":"DeployFilesTargetNodes","VariableValue":"","TaskType":"","isDeleted":""},{"TaskId":"Publish LiveSite Content","PropertyName":"Global Variables","VariableId":"ConvertPagesToHtmlIsTrue","VariableValue":{"value":{"id":"ConvertPagesToHtmlIsTrue","code":"\"$IW_CV(ConvertPagesToHtmlFlag)\" == \"true\" ? \"true\" : \"false\";"},"type":"$IW_SCRIPT"},"TaskType":"ModelProperties","isDeleted":""},{"TaskId":"URLTask","PropertyName":"Variables","VariableId":"Reviewer","VariableValue":"","TaskType":"","isDeleted":""},{"TaskId":"CGITask","PropertyName":"Variables","VariableId":"TargetNodes","VariableValue":"","TaskType":"","isDeleted":""},{"TaskId":"Publish LiveSite Content","PropertyName":"Global Variables","VariableId":"TagFlag","VariableValue":{"value":{"id":"TagFlag","isHidden":true,"description":"","isReadOnly":true,"label":"Tag Files?","defaultValue":"true"},"type":"$IW_CV"},"TaskType":"ModelProperties","isDeleted":""},{"TaskId":"UserTask","PropertyName":"Owner","VariableId":"Reviewer","VariableValue":"","TaskType":"","isDeleted":""},{"TaskId":"Publish LiveSite Content","PropertyName":"Global Variables","VariableId":"ProductionFlagIsFalse","VariableValue":{"value":{"id":"ProductionFlagIsFalse","code":"\"$IW_CV(ProductionFlag)\" == \"false\" ? \"true\" : \"false\""},"type":"$IW_SCRIPT"},"TaskType":"ModelProperties","isDeleted":""},{"TaskId":"CGITask","PropertyName":"Variables","VariableId":"DeployFilesSuccessMessage","VariableValue":"","TaskType":"","isDeleted":""},{"TaskId":"Publish LiveSite Content","PropertyName":"Global Variables","VariableId":"SubmitFlagIsFalse","VariableValue":{"value":{"id":"SubmitFlagIsFalse","code":"\"$IW_CV(SubmitFlag)\" == \"false\" ? \"true\" : \"false\";"},"type":"$IW_SCRIPT"},"TaskType":"ModelProperties","isDeleted":""},{"TaskId":"URLTask","PropertyName":"Variables","VariableId":"AuthorCommentsForReviewer","VariableValue":"","TaskType":"","isDeleted":""},{"TaskId":"Publish LiveSite Content","PropertyName":"Global Variables","VariableId":"ConvertPagesToHtmlFlag","VariableValue":{"value":{"id":"ConvertPagesToHtmlFlag","isHidden":false,"description":"Converts LiveSite pages to static html.","isReadOnly":false,"label":"Convert Pages to HTML","defaultValue":"false"},"type":"$IW_CV"},"TaskType":"ModelProperties","isDeleted":""},{"TaskId":"Publish LiveSite Content","PropertyName":"Global Variables","VariableId":"DeployFilesTargetNodes","VariableValue":{"value":{"id":"DeployFilesTargetNodes","code":"\"development\" + (  /** if production is true and there's no review, all in one step! */  ( \"$IW_CV(ProductionFlag)\" == \"true\"      && \"$IW_CV(ReviewFlag)\" == \"false\" )  ? \",production\"   : \"\");"},"type":"$IW_SCRIPT"},"TaskType":"ModelProperties","isDeleted":""},{"TaskId":"Publish LiveSite Content","PropertyName":"Global Variables","VariableId":"GetJobDescription","VariableValue":{"value":{"id":"GetJobDescription","code":"var d = \"$IW_CV(JobDescription)\";if ( d == \"\" ){   \"$IW_CV(DefaultJobDescription)\" }else{  d;}"},"type":"$IW_SCRIPT"},"TaskType":"ModelProperties","isDeleted":""},{"TaskId":"CGITask","PropertyName":"Variables","VariableId":"CreativePageType","VariableValue":"","TaskType":"","isDeleted":""},{"TaskId":"Publish LiveSite Content","PropertyName":"Global Variables","VariableId":"TargetNodes","VariableValue":{"value":{"id":"TargetNodes","isHidden":false,"description":"","isReadOnly":false,"label":"Target Nodes","defaultValue":"development"},"type":"$IW_CV"},"TaskType":"ModelProperties","isDeleted":""},{"TaskId":"Publish LiveSite Content","PropertyName":"Global Variables","VariableId":"ConvertPagesToHtmlIsFalse","VariableValue":{"value":{"id":"ConvertPagesToHtmlIsFalse","code":"\"$IW_CV(ConvertPagesToHtmlFlag)\"  == \"false\" ? \"true\" : \"false\";"},"type":"$IW_SCRIPT"},"TaskType":"ModelProperties","isDeleted":""},{"TaskId":"Publish LiveSite Content","PropertyName":"Global Variables","VariableId":"TagFileIsFalse","VariableValue":{"value":{"id":"TagFileIsFalse","code":"\"$IW_CV(TagFlag)\" == \"false\" ? \"true\" : \"false\";"},"type":"$IW_SCRIPT"},"TaskType":"ModelProperties","isDeleted":""}]}