{"resourceId":"oryx-canvas123","properties":{"Owner":"$IW_USER","Priority":"0","Brief Description":"Re-import MediaManagement assets that have changed since they were imported into TeamSite","Description":"","DueDate":"","Global Variables":"","VAVariables":"","Variables":"JobDescription=$IW_CV(JobDescription)|EmailFlag=$IW_CV(EmailFlag)","PostProcessorCommand":"","PreProcessorCommand":"","Name":"Update MediaManagement Assets","id":"Workflow Properties1","ActivationCount":"","Version":"1.0.0.1","Status":"","Valid":"false","File Comments":"true"},"stencil":{"id":"ModelProperties"},"childShapes":[{"resourceId":"oryx_270C3861-67A5-4BBC-B5BF-1EF18278A8BF","properties":{"y":"305.0","x":"25.0","Name":"Start","id":"Start","CSSclass":"Event"},"stencil":{"id":"Start"},"childShapes":[],"outgoing":[{"resourceId":"oryx_68FF3ABF-4221-4102-991D-A4C724B59246"}],"bounds":{"lowerRight":{"x":319,"y":299},"upperLeft":{"x":285,"y":265}},"dockers":[]},{"resourceId":"oryx_3F55FEF5-1ACD-45D7-9B94-6E12F62F4A69","properties":{"y":"141.0","x":"610.0","AreaVPath":"$IW_WORKAREA","Brief Description":"Send an email with status of the re-import.","Description":"","Name":"EmailResults","id":"EmailResults","CSSclass":"Task","Owner":"$IW_USER","EMailCommand":"http://$IW_SERVER/iw-cc/urlexternaltask","Retry":"true","Lock":"false","Readonly":"false","Transferonly":"false","Variables":"ClassName=com.interwoven.ui.teamsite.mediamanagement.tasks.EmailUpdateResultsTask|target_task_name=End|mail_template=/iwadmin/main/config/STAGING/workflow/email/mediamanagementAssetsUpdateResults.xsl","Eafinishop":"","Eastartop":"","Wfvarfinishop":"","Wfvarstartop":"","ActivationCount":"0","Status":"none","Valid":"true","BackgroundColor":"#c0c0c0","TaskType":"ItsEmailTask"},"stencil":{"id":"EmailTask"},"childShapes":[],"outgoing":[{"resourceId":"oryx_EEA5D032-AE05-4F60-AC79-10E900A85C2F"},{"resourceId":"oryx_A8AF912F-C24A-480C-AF14-E9FB62D97A46"}],"bounds":{"lowerRight":{"x":972,"y":97},"upperLeft":{"x":870,"y":15}},"dockers":[]},{"resourceId":"oryx_5CD02087-519E-4315-84F1-E7EDBF9131FE","properties":{"y":"303.0","x":"238.0","AreaVPath":"$IW_WORKAREA","Brief Description":"","Description":"","Name":"UpdateAssets","id":"UpdateAssets","CSSclass":"Task","Owner":"$IW_USER","URI":"http://localhost/iw-cc/urlexternaltask","Retry":"true","Lock":"false","Readonly":"false","Transferonly":"false","Variables":"ClassName=com.interwoven.ui.teamsite.ecmconnector.mediamanagement.tasks.UpdateAssetsTask","Eafinishop":"","Eastartop":"","Wfvarfinishop":"","Wfvarstartop":"","ActivationCount":"0","Status":"none","Valid":"true","BackgroundColor":"#c0c0c0","TaskType":"ItsURLTask"},"stencil":{"id":"URLTask"},"childShapes":[],"outgoing":[{"resourceId":"oryx_37B83C2C-0635-4728-95E5-446B1DE928B1"}],"bounds":{"lowerRight":{"x":538,"y":303},"upperLeft":{"x":436,"y":221}},"dockers":[]},{"resourceId":"oryx_590546CB-9793-4C83-AD21-0B2AED2A09EF","properties":{"Valid":"true","y":"443.0","x":"612.0","Name":"End","id":"End","Brief Description":"","Eafinishop":"","Eastartop":"","Wfvarfinishop":"","Wfvarstartop":"","CSSclass":"Event"},"stencil":{"id":"End"},"childShapes":[],"outgoing":[],"bounds":{"lowerRight":{"x":934,"y":364},"upperLeft":{"x":900,"y":330}},"dockers":[]},{"resourceId":"oryx_563AD453-D457-4B24-8668-F5520B2EF3E1","properties":{"y":"133.0","x":"424.0","Name":"Email Results Required","id":"Email Results Required","GatewayType":"OR"},"stencil":{"id":"OR"},"childShapes":[],"outgoing":[{"resourceId":"oryx_7E8F7C3D-9239-4633-9870-631D53411A6E"},{"resourceId":"oryx_0F36C11F-96FB-475A-B5A7-22BE76A3464C"}],"bounds":{"lowerRight":{"x":724,"y":133},"upperLeft":{"x":684,"y":93}},"dockers":[]},{"resourceId":"oryx_7E8F7C3D-9239-4633-9870-631D53411A6E","properties":{"FromGatewayPosition":"Right","Valid":"true","Name":"Send Results Email","id":"Flow57","Type":"Conditional","Expression":"$IW_SCRIPT(SendEmailIsTrue)"},"stencil":{"id":"ConditionalLink"},"childShapes":[],"outgoing":[{"resourceId":"oryx_3F55FEF5-1ACD-45D7-9B94-6E12F62F4A69"}],"bounds":{"lowerRight":{"x":869.21875,"y":92.96875},"upperLeft":{"x":704,"y":55}},"dockers":[{"x":20,"y":20},{"x":704,"y":55},{"x":50,"y":40}],"target":{"resourceId":"oryx_3F55FEF5-1ACD-45D7-9B94-6E12F62F4A69"}},{"resourceId":"oryx_0F36C11F-96FB-475A-B5A7-22BE76A3464C","properties":{"Valid":"true","Name":"Skip Results Email","id":"Flow58","Type":"Conditional","Expression":"$IW_SCRIPT(SendEmailIsFalse)"},"stencil":{"id":"ConditionalLink"},"childShapes":[],"outgoing":[{"resourceId":"oryx_590546CB-9793-4C83-AD21-0B2AED2A09EF"}],"bounds":{"lowerRight":{"x":899.4748046875,"y":344.45},"upperLeft":{"x":704,"y":132.9861328125}},"dockers":[{"x":20,"y":20},{"x":704,"y":344.45},{"x":14.45,"y":14.45}],"target":{"resourceId":"oryx_590546CB-9793-4C83-AD21-0B2AED2A09EF"}},{"resourceId":"oryx_A8AF912F-C24A-480C-AF14-E9FB62D97A46","properties":{"Name":"EmailResults Success","id":"Flow59","Type":"Default"},"stencil":{"id":"Flow"},"childShapes":[],"outgoing":[{"resourceId":"oryx_590546CB-9793-4C83-AD21-0B2AED2A09EF"}],"bounds":{"lowerRight":{"x":932.5,"y":337.19271372117964},"upperLeft":{"x":930.5,"y":97.578015443031}},"dockers":[{"x":61.5,"y":77.60081876355531},{"x":31.5,"y":17.14140624999999}],"target":{"resourceId":"oryx_590546CB-9793-4C83-AD21-0B2AED2A09EF"}},{"resourceId":"oryx_EEA5D032-AE05-4F60-AC79-10E900A85C2F","properties":{"Name":"Email Results Now","id":"Flow27","Type":"Timeout","Timeout Duration":"+000002"},"stencil":{"id":"TimeoutLink"},"childShapes":[],"outgoing":[{"resourceId":"oryx_590546CB-9793-4C83-AD21-0B2AED2A09EF"}],"bounds":{"lowerRight":{"x":915.45,"y":329.93143246481804},"upperLeft":{"x":913.45,"y":97.25333649953001}},"dockers":[{"x":44.450000000000045,"y":82.25333649953001},{"x":14.45,"y":14.45}],"target":{"resourceId":"oryx_590546CB-9793-4C83-AD21-0B2AED2A09EF"}},{"resourceId":"oryx_68FF3ABF-4221-4102-991D-A4C724B59246","properties":{"Name":"Start re-importing assets","id":"Flow60","Type":"Default"},"stencil":{"id":"Flow"},"childShapes":[],"outgoing":[{"resourceId":"oryx_5CD02087-519E-4315-84F1-E7EDBF9131FE"}],"bounds":{"lowerRight":{"x":435.5078277617,"y":264.31891336578184},"upperLeft":{"x":304.26246594956507,"y":261.2789622775597}},"dockers":[{"x":14.45,"y":14.45},{"x":305,"y":262},{"x":50,"y":40}],"target":{"resourceId":"oryx_5CD02087-519E-4315-84F1-E7EDBF9131FE"}},{"resourceId":"oryx_37B83C2C-0635-4728-95E5-446B1DE928B1","properties":{"ToGatewayPosition":"Left","Name":"Success","id":"Flow61","Type":"Default"},"stencil":{"id":"Flow"},"childShapes":[],"outgoing":[{"resourceId":"oryx_563AD453-D457-4B24-8668-F5520B2EF3E1"}],"bounds":{"lowerRight":{"x":684.265625,"y":220.6875},"upperLeft":{"x":486,"y":113}},"dockers":[{"x":50,"y":40},{"x":486,"y":113},{"x":20,"y":20}],"target":{"resourceId":"oryx_563AD453-D457-4B24-8668-F5520B2EF3E1"}}],"bounds":{"lowerRight":{"x":1485,"y":1050},"upperLeft":{"x":0,"y":0}},"stencilset":{"url":"/iw-wfm/editor/stencilsets/iwov_process_model/iwovprocessmodels.json","namespace":"http://autonomy.com/stencilset/iwovwfm#"},"ssextensions":[],"modelVariables":[{"TaskId":"Workflow Properties1","PropertyName":"Global Variables","VariableId":"EmailFlag","VariableValue":{"value":{"id":"EmailFlag","isHidden":false,"description":"","isReadOnly":false,"label":"Email Results?","defaultValue":"true"},"type":"$IW_CV"},"TaskType":"ModelProperties","isDeleted":""},{"TaskId":"Flow57","PropertyName":"Expression","VariableId":"SendEmailIsTrue","VariableValue":{"value":{"id":"SendEmailIsTrue","code":"\"$IW_CV(EmailFlag)\" == \"true\" ? \"true\" : \"false\""},"type":"$IW_SCRIPT"},"TaskType":"Flow","isDeleted":""},{"TaskId":"Flow58","PropertyName":"Expression","VariableId":"SendEmailIsFalse","VariableValue":{"value":{"id":"SendEmailIsFalse","code":"\"$IW_CV(EmailFlag)\" == \"false\" ? \"true\" : \"false\""},"type":"$IW_SCRIPT"},"TaskType":"Flow","isDeleted":""},{"TaskId":"Workflow Properties1","PropertyName":"Global Variables","VariableId":"JobDescription","VariableValue":{"value":{"id":"JobDescription","isHidden":false,"description":"Short description for this \"Update MediaManagement Assets\" job","isReadOnly":false,"label":"Enter a Description for this Job","defaultValue":"Updating MediaManagement Assets"},"type":"$IW_CV"},"TaskType":"ModelProperties","isDeleted":""}]}